image_name,mask_name,source_image,tile_x0,tile_y0,tile_size,min,D20,D40,D60,D80,max,particle_count,total_area_px2
1_patch_y00000_x00000.jpg,1_patch_y00000_x00000.png,1.jpg,0,0,512,34.29975713230766,44.266416834293416,108.67644646823602,205.99024507933387,269.99640163207175,340.370483701881,6,193309.0
1_patch_y00000_x00205.jpg,1_patch_y00000_x00205.png,1.jpg,205,0,512,9.373021315815206,35.26093019815732,42.50416088106036,59.62699181195282,163.25105002393582,333.09936488441554,13,192979.0
1_patch_y00000_x00410.jpg,1_patch_y00000_x00410.png,1.jpg,410,0,512,11.283791670955125,39.993455174099886,45.37355641766906,65.78780999919589,121.77419080265344,276.9107768616643,19,172619.0
1_patch_y00000_x00615.jpg,1_patch_y00000_x00615.png,1.jpg,615,0,512,11.283791670955125,31.127725479762553,44.85218479273398,94.17742122518085,134.78818592082186,218.95208457187238,21,161829.0
1_patch_y00000_x00820.jpg,1_patch_y00000_x00820.png,1.jpg,820,0,512,6.076507779746499,28.15050806620313,40.44766838579561,77.13294010213639,147.29876400382554,356.84266402570705,12,191623.0
1_patch_y00000_x01025.jpg,1_patch_y00000_x01025.png,1.jpg,1025,0,512,4.918490759365935,23.672588179471717,29.52059391482532,41.458490071047635,176.61727451622454,382.6869290621031,9,222527.0
1_patch_y00000_x01230.jpg,1_patch_y00000_x01230.png,1.jpg,1230,0,512,15.471555655790098,32.65355227529882,41.23250698810185,49.4748803031357,79.31682093219167,353.28721014459865,22,194118.0
1_patch_y00000_x01435.jpg,1_patch_y00000_x01435.png,1.jpg,1435,0,512,15.471555655790098,32.9363035587535,44.10793607000138,51.052143422905154,95.67297992171606,260.0246902585817,26,177176.0
1_patch_y00000_x01640.jpg,1_patch_y00000_x01640.png,1.jpg,1640,0,512,5.527906391541368,21.23032733700184,32.07456238432586,72.4626792389559,106.68405827670608,366.1325244599851,21,205974.0
1_patch_y00000_x01845.jpg,1_patch_y00000_x01845.png,1.jpg,1845,0,512,1.1283791670955126,19.28701411984555,29.702783504108947,41.06038726918899,68.91568836333865,413.1747955514726,20,185697.0
1_patch_y00000_x02050.jpg,1_patch_y00000_x02050.png,1.jpg,2050,0,512,1.1283791670955126,15.116639958876998,25.60699837034026,32.77990898228468,53.54953457213149,295.9710808132767,33,131306.0
1_patch_y00000_x02255.jpg,1_patch_y00000_x02255.png,1.jpg,2255,0,512,1.1283791670955126,19.28701411984555,29.744628011198188,45.71758280746417,82.47821175267032,227.98844526481662,25,130225.0
1_patch_y00000_x02460.jpg,1_patch_y00000_x02460.png,1.jpg,2460,0,512,1.1283791670955126,25.60699837034026,36.54624854109086,49.827874851668795,120.27166943106836,251.76766570609368,21,185895.0
1_patch_y00000_x02665.jpg,1_patch_y00000_x02665.png,1.jpg,2665,0,512,16.545286401814263,29.489364337912,35.80715321759479,44.96559125642004,64.17889004352017,278.83297208214674,26,161049.0
1_patch_y00000_x02870.jpg,1_patch_y00000_x02870.png,1.jpg,2870,0,512,8.136857890256438,28.356555451869117,37.62050919767017,55.21404915038207,65.84652135104002,213.03966018474028,35,124510.0
1_patch_y00000_x03075.jpg,1_patch_y00000_x03075.png,1.jpg,3075,0,512,7.136496464611085,33.53014342350997,44.96559125642004,55.497445515215915,68.61807222904642,205.60666177022784,36,129577.0
1_patch_y00000_x03280.jpg,1_patch_y00000_x03280.png,1.jpg,3280,0,512,11.227230955528665,37.728493183837166,49.82539003835649,61.396522190018445,79.36624371552794,256.5071669831747,33,146844.0
1_patch_y00000_x03336.jpg,1_patch_y00000_x03336.png,1.jpg,3336,0,512,5.753627391751592,38.48411302767268,47.918071071483816,57.45940164363486,68.17294460045112,256.5071669831747,32,139390.0
1_patch_y00205_x00000.jpg,1_patch_y00205_x00000.png,1.jpg,0,205,512,44.266416834293416,53.61681166750105,106.1528037449348,166.16713762634717,253.2340916194999,442.20947778016387,5,206218.0
1_patch_y00205_x00205.jpg,1_patch_y00205_x00205.png,1.jpg,205,205,512,9.373021315815206,28.715365877907722,39.9965204668453,58.15608329814073,91.21116362021363,453.0607464401816,12,193756.0
1_patch_y00205_x00410.jpg,1_patch_y00205_x00410.png,1.jpg,410,205,512,11.67204486311899,31.127725479762553,43.78925386862803,47.9793403131095,94.89125386655543,342.75434286551166,21,176660.0
1_patch_y00205_x00615.jpg,1_patch_y00205_x00615.png,1.jpg,615,205,512,8.444016491289505,31.403838086673783,45.11002170845007,61.079426541276575,109.13314562619769,270.714600558247,22,171019.0
1_patch_y00205_x00820.jpg,1_patch_y00205_x00820.png,1.jpg,820,205,512,16.73656774376801,28.15050806620313,40.44766838579561,59.24775488715515,153.94432965117574,414.81710609951745,12,205477.0
1_patch_y00205_x01025.jpg,1_patch_y00205_x01025.png,1.jpg,1025,205,512,4.652426491681278,14.074044231504505,24.083118991418214,100.39553239904541,268.26696061581265,512.4928743369495,5,240904.0
1_patch_y00205_x01230.jpg,1_patch_y00205_x01230.png,1.jpg,1230,205,512,1.1283791670955126,26.94999310032902,33.490093965290356,60.24711325443075,92.09847899721963,475.3704880182258,15,221863.0
1_patch_y00205_x01435.jpg,1_patch_y00205_x01435.png,1.jpg,1435,205,512,1.1283791670955126,21.396535343096076,32.80831893096332,46.43438227676353,95.16997081226343,339.5146472591551,27,194779.0
1_patch_y00205_x01640.jpg,1_patch_y00205_x01640.png,1.jpg,1640,205,512,8.368283871884005,24.543934476599496,37.525822760342024,48.491666282794085,89.13922496060346,217.87946939972522,35,178003.0
1_patch_y00205_x01845.jpg,1_patch_y00205_x01845.png,1.jpg,1845,205,512,1.1283791670955126,24.052163540469525,31.118616982692675,43.71052749699968,67.65539130551684,243.5835848013133,42,163907.0
1_patch_y00205_x02050.jpg,1_patch_y00205_x02050.png,1.jpg,2050,205,512,1.1283791670955126,20.30923566246186,28.354809323816184,33.8833965856205,54.55131784769985,186.60266629771726,47,144010.0
1_patch_y00205_x02255.jpg,1_patch_y00205_x02255.png,1.jpg,2255,205,512,1.1283791670955126,20.09607808676539,29.001280360342335,42.88600683063688,68.03735760340908,347.89047834742604,27,170599.0
1_patch_y00205_x02460.jpg,1_patch_y00205_x02460.png,1.jpg,2460,205,512,1.1283791670955126,18.677998695187732,27.982893345973448,36.54624854109086,90.22095327301689,398.5159822810762,21,199803.0
1_patch_y00205_x02665.jpg,1_patch_y00205_x02665.png,1.jpg,2665,205,512,9.373021315815206,26.350995853092705,34.668979365276876,39.64595248355983,59.43167711192391,305.5512442410447,32,169205.0
1_patch_y00205_x02870.jpg,1_patch_y00205_x02870.png,1.jpg,2870,205,512,10.02925341359355,26.856255538084312,33.71159544932315,43.574238727311695,63.61846322966059,195.64611019228877,45,117889.0
1_patch_y00205_x03075.jpg,1_patch_y00205_x03075.png,1.jpg,3075,205,512,9.304852983362556,27.63953195770684,33.53014342350997,48.08537213372748,74.43882386690045,251.2437002381058,41,139205.0
1_patch_y00205_x03280.jpg,1_patch_y00205_x03280.png,1.jpg,3280,205,512,9.640875829802336,23.01705985301105,29.968978086617284,48.034930263716014,78.07856255415194,305.778262745452,34,160379.0
1_patch_y00205_x03336.jpg,1_patch_y00205_x03336.png,1.jpg,3336,205,512,5.753627391751592,22.93110744917283,29.998673625158123,40.31199302115291,72.82954591073434,305.778262745452,32,157413.0
1_patch_y00410_x00000.jpg,1_patch_y00410_x00000.png,1.jpg,0,410,512,16.15593100600236,26.148224328293928,29.44615645486938,39.07191080734931,82.98766593580335,479.82922707545157,16,216233.0
1_patch_y00410_x00205.jpg,1_patch_y00410_x00205.png,1.jpg,205,410,512,9.706684619910241,28.400863495499443,38.673344373948815,49.39402167077245,72.04909120279207,436.7148092810968,17,199013.0
1_patch_y00410_x00410.jpg,1_patch_y00410_x00410.png,1.jpg,410,410,512,10.524820207108489,28.00563442518059,42.430657740076576,55.94303174622403,108.84619407108679,259.19584213090855,26,173536.0
1_patch_y00410_x00615.jpg,1_patch_y00410_x00615.png,1.jpg,615,410,512,17.91246396432554,21.557653718072718,37.57688990737918,55.94303174622403,157.79163253257795,383.7998907894005,16,194360.0
1_patch_y00410_x00820.jpg,1_patch_y00410_x00820.png,1.jpg,820,410,512,12.914889870235298,15.972232169061467,46.850976764978085,95.23235071490578,216.09737226341048,529.7268508427029,5,239150.0
1_patch_y00410_x01025.jpg,1_patch_y00410_x01025.png,1.jpg,1025,410,512,13.680870333281758,17.752514731467336,35.24010912739974,79.55960351882575,281.7490556995553,562.8734867749362,4,256300.0
1_patch_y00410_x01230.jpg,1_patch_y00410_x01230.png,1.jpg,1230,410,512,1.1283791670955126,24.491710950912896,39.82241199435112,60.16896954195546,109.5913722382564,471.6300970731543,13,234267.0
1_patch_y00410_x01435.jpg,1_patch_y00410_x01435.png,1.jpg,1435,410,512,1.1283791670955126,18.466832669481896,31.845341860220188,42.98984458668603,89.16963634110321,300.68923045428255,30,203524.0
1_patch_y00410_x01640.jpg,1_patch_y00410_x01640.png,1.jpg,1640,410,512,6.579524642479541,20.277081320240214,30.898617741709785,43.47404523409554,73.42330072283843,226.21117855425754,47,175533.0
1_patch_y00410_x01845.jpg,1_patch_y00410_x01845.png,1.jpg,1845,410,512,1.1283791670955126,19.608185785021792,29.801234781263386,43.342051493364956,68.3029818090359,171.2089974238881,57,164723.0
1_patch_y00410_x02050.jpg,1_patch_y00410_x02050.png,1.jpg,2050,410,512,1.1283791670955126,16.756037063585214,27.758385893969674,35.20378727213629,70.66019969392916,219.80524962912165,55,166212.0
1_patch_y00410_x02255.jpg,1_patch_y00410_x02255.png,1.jpg,2255,410,512,1.1283791670955126,23.002262121263946,28.492086853157893,44.817021703064775,70.1054292424811,381.5006410468162,29,196403.0
1_patch_y00410_x02460.jpg,1_patch_y00410_x02460.png,1.jpg,2460,410,512,1.1283791670955126,18.677998695187732,27.982893345973448,45.402365829615405,57.75714334353913,416.48351244371025,31,187485.0
1_patch_y00410_x02665.jpg,1_patch_y00410_x02665.png,1.jpg,2665,410,512,5.863230142835039,24.28992533227245,34.668979365276876,48.86761457563938,69.96285162187247,287.3824682705024,40,157316.0
1_patch_y00410_x02870.jpg,1_patch_y00410_x02870.png,1.jpg,2870,410,512,6.4820448144285745,24.35835848013133,33.0713285026094,43.02662313085849,67.2877390100027,122.60451078628115,51,117020.0
1_patch_y00410_x03075.jpg,1_patch_y00410_x03075.png,1.jpg,3075,410,512,9.373021315815206,26.370229557456824,32.476119895366544,45.34964805328911,77.20771344139999,216.12511639824322,40,149951.0
1_patch_y00410_x03280.jpg,1_patch_y00410_x03280.png,1.jpg,3280,410,512,6.282549314314218,27.148808000328703,33.50473694173671,49.03294690811139,89.52692188815823,257.4287703897444,28,156183.0
1_patch_y00410_x03336.jpg,1_patch_y00410_x03336.png,1.jpg,3336,410,512,6.770275002573076,25.083774564293613,31.74260118365992,49.03294690811139,105.92727699477481,257.4287703897444,23,154130.0
1_patch_y00615_x00000.jpg,1_patch_y00615_x00000.png,1.jpg,0,615,512,16.15593100600236,22.673604615698732,27.754457742221764,36.511644286278305,70.3453118231892,460.4575140323416,19,204623.0
1_patch_y00615_x00205.jpg,1_patch_y00615_x00205.png,1.jpg,205,615,512,9.706684619910241,28.400863495499443,38.17561041963591,60.415661741249394,87.19818265627325,415.63889123704047,17,195429.0
1_patch_y00615_x00410.jpg,1_patch_y00615_x00410.png,1.jpg,410,615,512,5.641895835477563,29.98177977677484,42.430657740076576,57.02502781457985,153.54251336459316,177.17708930740858,26,168216.0
1_patch_y00615_x00615.jpg,1_patch_y00615_x00615.png,1.jpg,615,615,512,1.1283791670955126,17.280905306871517,30.318161555069512,46.85090966119754,108.83028220040299,397.40418549615214,18,190653.0
1_patch_y00615_x00820.jpg,1_patch_y00615_x00820.png,1.jpg,820,615,512,15.471555655790098,18.04225916917301,22.989407397651547,29.641374116681583,72.06234850507029,516.8826495350887,10,223137.0
1_patch_y00615_x01025.jpg,1_patch_y00615_x01025.png,1.jpg,1025,615,512,13.680870333281758,26.85941788718885,39.48483026990848,73.85909825475085,105.23287743599413,486.2751297044966,13,228259.0
1_patch_y00615_x01230.jpg,1_patch_y00615_x01230.png,1.jpg,1230,615,512,1.1283791670955126,33.64752175835081,41.339211361635016,73.85909825475085,106.42435535879201,349.66283834965753,18,224264.0
1_patch_y00615_x01435.jpg,1_patch_y00615_x01435.png,1.jpg,1435,615,512,1.1283791670955126,23.549643821889315,39.21551498316072,53.00002959733587,94.07059462928265,349.85941518497134,27,206778.0
1_patch_y00615_x01640.jpg,1_patch_y00615_x01640.png,1.jpg,1640,615,512,2.763953195770684,20.020320425602645,24.167790256853085,42.95987052891272,50.499675591025536,310.32068330511675,37,199403.0
1_patch_y00615_x01845.jpg,1_patch_y00615_x01845.png,1.jpg,1845,615,512,2.763953195770684,19.50342487095805,24.58711579949341,40.411293618625535,70.17960696202276,318.1969230474815,47,182837.0
1_patch_y00615_x02050.jpg,1_patch_y00615_x02050.png,1.jpg,2050,615,512,2.256758334191025,18.453091023682795,30.53870308089326,62.060255082960964,88.66823280403084,200.49935697134615,40,184184.0
1_patch_y00615_x02255.jpg,1_patch_y00615_x02255.png,1.jpg,2255,615,512,17.186959427966244,34.47750779756847,57.468658158432724,74.21935772831989,108.39532933899942,286.8392221799282,28,190924.0
1_patch_y00615_x02460.jpg,1_patch_y00615_x02460.png,1.jpg,2460,615,512,1.1283791670955126,28.09711985692287,44.18030317875114,59.99938513504495,85.61776562932815,285.50668800133184,32,176089.0
1_patch_y00615_x02665.jpg,1_patch_y00615_x02665.png,1.jpg,2665,615,512,5.170882945826411,24.534488462060573,43.35972063719252,59.101556844375416,85.37737161281709,287.1120823733976,33,178606.0
1_patch_y00615_x02870.jpg,1_patch_y00615_x02870.png,1.jpg,2870,615,512,6.4820448144285745,24.042627935226925,31.509651081192608,47.67771080455511,67.1393266218281,312.90709124369374,42,170666.0
1_patch_y00615_x03075.jpg,1_patch_y00615_x03075.png,1.jpg,3075,615,512,6.770275002573076,24.148368712786887,28.96661630188228,41.61256758288079,73.47472810209705,223.77497191350335,41,154447.0
1_patch_y00615_x03280.jpg,1_patch_y00615_x03280.png,1.jpg,3280,615,512,6.770275002573076,26.702324712498182,32.60064788423238,41.96177762277198,65.26893528256605,207.70453893514585,38,113546.0
1_patch_y00615_x03336.jpg,1_patch_y00615_x03336.png,1.jpg,3336,615,512,6.770275002573076,26.61614816412039,35.27333001457609,50.0375523677207,72.27028845096474,207.70453893514585,29,102332.0
1_patch_y00820_x00000.jpg,1_patch_y00820_x00000.png,1.jpg,0,820,512,2.5231325220201604,22.708713033015183,36.268599661289684,49.7251899181431,95.29923464313816,432.29146933506485,20,199856.0
1_patch_y00820_x00205.jpg,1_patch_y00820_x00205.png,1.jpg,205,820,512,2.5231325220201604,18.77997214831907,39.42873931692001,58.16354073095385,87.45484517866419,462.8789591992695,16,217287.0
1_patch_y00820_x00410.jpg,1_patch_y00820_x00410.png,1.jpg,410,820,512,2.5231325220201604,27.324222898966447,50.73452829255618,57.93583814767905,147.6338545307927,302.91043981975065,19,194112.0
1_patch_y00820_x00615.jpg,1_patch_y00820_x00615.png,1.jpg,615,820,512,1.1283791670955126,29.246412625931026,46.874429354734055,57.20635985142337,142.93669173148203,304.07672672973104,15,202762.0
1_patch_y00820_x00820.jpg,1_patch_y00820_x00820.png,1.jpg,820,820,512,9.23618154310838,17.20545436116179,24.147459526365108,35.69643785926395,95.87599094702915,384.88813251495134,14,208365.0
1_patch_y00820_x01025.jpg,1_patch_y00820_x01025.png,1.jpg,1025,820,512,9.23618154310838,32.807693702624256,56.30951591462727,93.09042175536362,115.28820746912967,325.0907183713455,19,201511.0
1_patch_y00820_x01230.jpg,1_patch_y00820_x01230.png,1.jpg,1230,820,512,2.763953195770684,24.70321519943344,44.06417434888462,71.25670819569939,114.8765300858893,275.4239256778108,27,201489.0
1_patch_y00820_x01435.jpg,1_patch_y00820_x01435.png,1.jpg,1435,820,512,11.726460285670077,33.64386950500135,42.25022889545923,58.859874288214186,94.31927003038447,309.76834094113104,31,200709.0
1_patch_y00820_x01640.jpg,1_patch_y00820_x01640.png,1.jpg,1640,820,512,3.385137501286538,22.950884767202396,33.99786611154722,44.865470128352975,86.68012043845978,311.5654925214818,29,195789.0
1_patch_y00820_x01845.jpg,1_patch_y00820_x01845.png,1.jpg,1845,820,512,1.1283791670955126,13.824787102957323,32.051842962788136,40.60813783807221,69.89192243534589,319.4110384443278,32,178318.0
1_patch_y00820_x02050.jpg,1_patch_y00820_x02050.png,1.jpg,2050,820,512,3.385137501286538,20.22899176756978,40.54655063390646,63.06619990323289,97.72185742875341,200.88952339513807,30,164864.0
1_patch_y00820_x02255.jpg,1_patch_y00820_x02255.png,1.jpg,2255,820,512,12.865501965161373,37.41937475706153,44.81980487599082,66.16837164827324,90.05809551548624,189.6012798112201,30,164912.0
1_patch_y00820_x02460.jpg,1_patch_y00820_x02460.png,1.jpg,2460,820,512,1.1283791670955126,26.163149422277428,36.408582052774534,58.94918391008618,83.00662779715701,244.46537127122744,33,180479.0
1_patch_y00820_x02665.jpg,1_patch_y00820_x02665.png,1.jpg,2665,820,512,1.1283791670955126,21.972990264452378,28.120176523870143,41.03249048690932,76.7092830287012,398.145195323355,32,200996.0
1_patch_y00820_x02870.jpg,1_patch_y00820_x02870.png,1.jpg,2870,820,512,1.1283791670955126,19.377489330139756,26.180282703131112,32.37840251193494,47.30323649569739,402.783948973404,43,183110.0
1_patch_y00820_x03075.jpg,1_patch_y00820_x03075.png,1.jpg,3075,820,512,1.1283791670955126,24.80112277313414,29.287444563874356,32.90673935430504,43.01460044510858,271.3980612733429,47,140628.0
1_patch_y00820_x03280.jpg,1_patch_y00820_x03280.png,1.jpg,3280,820,512,1.1283791670955126,26.625895631084735,30.941639622247703,35.19378352798854,45.5144014492568,163.90265755736604,42,78880.0
1_patch_y00820_x03336.jpg,1_patch_y00820_x03336.png,1.jpg,3336,820,512,6.770275002573076,26.5588263530603,30.46183450835045,35.596324277730375,51.74387190159683,163.90265755736604,34,70466.0
1_patch_y01025_x00000.jpg,1_patch_y01025_x00000.png,1.jpg,0,1025,512,1.1283791670955126,24.870243126419755,38.06830507398436,42.764417096046856,68.89707396656668,393.1765924427983,19,189490.0
1_patch_y01025_x00205.jpg,1_patch_y01025_x00205.png,1.jpg,205,1025,512,4.51351666838205,18.46404839001726,25.84029666678808,36.03081448749458,49.98274591352547,489.51632127871596,17,206914.0
1_patch_y01025_x00410.jpg,1_patch_y01025_x00410.png,1.jpg,410,1025,512,4.51351666838205,22.42609239636699,31.1686023528956,46.35977083110911,55.65780998512833,486.5931554990222,11,209025.0
1_patch_y01025_x00615.jpg,1_patch_y01025_x00615.png,1.jpg,615,1025,512,22.42609239636699,28.981128036725426,33.51737409716093,74.86743583416859,129.8011491714505,450.95514948335546,12,212999.0
1_patch_y01025_x00820.jpg,1_patch_y01025_x00820.png,1.jpg,820,1025,512,11.780624362746345,15.769961704888482,28.487525325455948,68.45474909969555,120.42129328268415,414.4209643710567,13,192253.0
1_patch_y01025_x01025.jpg,1_patch_y01025_x01025.png,1.jpg,1025,1025,512,4.787307364817192,31.574460621325464,42.744575640599805,71.78300939319278,118.2270008166604,266.05831264799093,21,164612.0
1_patch_y01025_x01230.jpg,1_patch_y01025_x01230.png,1.jpg,1230,1025,512,1.1283791670955126,23.91143842954871,38.4286139494564,61.970810255153204,94.74340531088075,205.32780572847582,35,164396.0
1_patch_y01025_x01435.jpg,1_patch_y01025_x01435.png,1.jpg,1435,1025,512,1.5957691216057308,35.2176105812858,44.72289524613431,63.50282713271221,103.36961557847177,200.25154047206217,35,184753.0
1_patch_y01025_x01640.jpg,1_patch_y01025_x01640.png,1.jpg,1640,1025,512,2.256758334191025,33.24330116745652,38.3431435561102,70.955928697635,96.45104624637924,243.72990009263071,33,181420.0
1_patch_y01025_x01845.jpg,1_patch_y01025_x01845.png,1.jpg,1845,1025,512,1.1283791670955126,19.686800060381024,36.86506392158088,57.23801765308413,81.00016371099379,243.55744782127118,29,170612.0
1_patch_y01025_x02050.jpg,1_patch_y01025_x02050.png,1.jpg,2050,1025,512,1.1283791670955126,23.65519355856432,46.093138925148594,72.83922032675795,112.30143998238536,233.90132534409722,27,161585.0
1_patch_y01025_x02255.jpg,1_patch_y01025_x02255.png,1.jpg,2255,1025,512,1.1283791670955126,27.474854405629337,40.54655063390646,55.623212341961256,82.77783535688704,324.11009765021186,25,173367.0
1_patch_y01025_x02460.jpg,1_patch_y01025_x02460.png,1.jpg,2460,1025,512,2.256758334191025,34.28059662021302,45.55075232137356,93.0178606953276,113.62055277172207,310.4047829984079,18,205506.0
1_patch_y01025_x02665.jpg,1_patch_y01025_x02665.png,1.jpg,2665,1025,512,1.1283791670955126,24.137322468487767,31.34629347383654,49.096780512471895,102.18523921439936,345.35408078307347,28,188482.0
1_patch_y01025_x02870.jpg,1_patch_y01025_x02870.png,1.jpg,2870,1025,512,1.1283791670955126,20.502854126864392,29.43502275201658,33.706504707063324,49.45507081028337,333.3209904485319,45,156266.0
1_patch_y01025_x03075.jpg,1_patch_y01025_x03075.png,1.jpg,3075,1025,512,1.1283791670955126,26.795233223484587,30.436895828197777,35.69606099336187,52.96847716326491,209.27707437700892,44,126157.0
1_patch_y01025_x03280.jpg,1_patch_y01025_x03280.png,1.jpg,3280,1025,512,1.1283791670955126,23.010362977296523,29.959861891357164,35.47387654489603,46.00208030429727,206.68444538815552,40,96862.0
1_patch_y01025_x03336.jpg,1_patch_y01025_x03336.png,1.jpg,3336,1025,512,13.773623058786647,26.701650690643557,30.520183863223377,37.44737633141961,56.661150028864604,206.68444538815552,32,92085.0
1_patch_y01230_x00000.jpg,1_patch_y01230_x00000.png,1.jpg,0,1230,512,11.451797811161432,17.530952465540047,24.349700241060393,39.6402760629413,60.86037131981954,260.3329939264479,29,174673.0
1_patch_y01230_x00205.jpg,1_patch_y01230_x00205.png,1.jpg,205,1230,512,7.569397566060481,19.34493765981108,26.964609020397635,31.581067621868144,54.118327270070445,365.0755662377138,34,178073.0
1_patch_y01230_x00410.jpg,1_patch_y01230_x00410.png,1.jpg,410,1230,512,15.756957549709801,23.277793744544798,26.536266661599598,32.31934767341179,58.934939088510404,426.6735714633882,28,191364.0
1_patch_y01230_x00615.jpg,1_patch_y01230_x00615.png,1.jpg,615,1230,512,5.046265044040321,26.232030738910993,32.47644029962857,48.60722485236473,73.36441757636021,427.453203131313,22,202741.0
1_patch_y01230_x00820.jpg,1_patch_y01230_x00820.png,1.jpg,820,1230,512,4.918490759365935,29.558714817100675,46.91428473886085,69.85849893529283,122.50467539927885,383.4513996135121,13,199737.0
1_patch_y01230_x01025.jpg,1_patch_y01230_x01025.png,1.jpg,1025,1230,512,4.918490759365935,29.676412936810802,50.89326305775818,83.75050161228712,172.56365225654795,244.64499030097835,15,165344.0
1_patch_y01230_x01230.jpg,1_patch_y01230_x01230.png,1.jpg,1230,1230,512,3.9088200952233594,22.258533683354237,44.88499892537658,54.638884999758304,93.89506909424296,295.88287861321925,23,169993.0
1_patch_y01230_x01435.jpg,1_patch_y01230_x01435.png,1.jpg,1435,1230,512,1.5957691216057308,27.066028361337338,34.79386548138674,55.97773629441009,107.22604272106861,322.6947414603549,25,195941.0
1_patch_y01230_x01640.jpg,1_patch_y01230_x01640.png,1.jpg,1640,1230,512,13.351162356249091,26.133182943788405,36.663081204050144,56.45472934621067,84.57139880237268,247.65287979325575,30,177015.0
1_patch_y01230_x01845.jpg,1_patch_y01230_x01845.png,1.jpg,1845,1230,512,1.1283791670955126,19.60913925979463,32.78130832893156,51.585566280661205,90.62929053615358,247.4831611644321,31,156794.0
1_patch_y01230_x02050.jpg,1_patch_y01230_x02050.png,1.jpg,2050,1230,512,1.1283791670955126,22.56758334191025,43.89090374080148,54.851299384875006,86.17153256670946,224.35742056272605,31,144342.0
1_patch_y01230_x02255.jpg,1_patch_y01230_x02255.png,1.jpg,2255,1230,512,1.1283791670955126,28.67502454831087,42.068624813419525,51.53818752274048,71.10314320466694,408.4405279472585,19,169924.0
1_patch_y01230_x02460.jpg,1_patch_y01230_x02460.png,1.jpg,2460,1230,512,2.256758334191025,28.225491463055672,41.45180672914761,58.802438078583236,113.25899213105997,435.76186067933105,15,202558.0
1_patch_y01230_x02665.jpg,1_patch_y01230_x02665.png,1.jpg,2665,1230,512,1.1283791670955126,21.996159369293583,29.747293718772774,47.136005405240475,88.17256183276578,276.16028362265774,26,170366.0
1_patch_y01230_x02870.jpg,1_patch_y01230_x02870.png,1.jpg,2870,1230,512,1.1283791670955126,20.332925571113453,29.566611360430738,39.30853426005676,61.265059704874645,223.32217303097408,42,133911.0
1_patch_y01230_x03075.jpg,1_patch_y01230_x03075.png,1.jpg,3075,1230,512,1.1283791670955126,27.70268125155079,32.63235271153749,42.96192431986617,78.1998090895587,228.49608480542963,43,138807.0
1_patch_y01230_x03280.jpg,1_patch_y01230_x03280.png,1.jpg,3280,1230,512,1.1283791670955126,26.34227689249097,32.7618823667344,44.13679308065777,51.01471973302091,231.80983962291765,41,129775.0
1_patch_y01230_x03336.jpg,1_patch_y01230_x03336.png,1.jpg,3336,1230,512,13.159049284959082,27.081100010292303,35.86045091995518,44.13679308065777,51.01471973302091,231.80983962291765,36,121203.0
1_patch_y01435_x00000.jpg,1_patch_y01435_x00000.png,1.jpg,0,1435,512,11.451797811161432,17.66192765414112,30.695231927842155,47.4724551101082,92.18933756735217,225.89294197550998,36,163447.0
1_patch_y01435_x00205.jpg,1_patch_y01435_x00205.png,1.jpg,205,1435,512,6.863662517577698,17.46546487123951,26.56099619653682,40.00956056459192,59.33162344638376,244.5617051255864,43,168910.0
1_patch_y01435_x00410.jpg,1_patch_y01435_x00410.png,1.jpg,410,1435,512,13.957279475043833,23.43069594796517,27.760541649487728,33.80961280460654,65.20030603291629,300.14249533954194,35,173226.0
1_patch_y01435_x00615.jpg,1_patch_y01435_x00615.png,1.jpg,615,1435,512,5.046265044040321,25.260708601181115,32.597955090013876,46.952071813005354,90.10837720700027,276.1049519684012,27,185921.0
1_patch_y01435_x00820.jpg,1_patch_y01435_x00820.png,1.jpg,820,1435,512,25.15551736167189,36.34799082776821,59.618006695532436,74.30885668901784,139.99704212301828,293.84258793896834,18,198996.0
1_patch_y01435_x01025.jpg,1_patch_y01435_x01025.png,1.jpg,1025,1435,512,1.5957691216057308,33.44032680153217,69.09732558231681,80.44472256476882,97.11298745753015,325.30997218069996,20,178922.0
1_patch_y01435_x01230.jpg,1_patch_y01435_x01230.png,1.jpg,1230,1435,512,14.96964127403822,33.02110493520058,43.42845948951168,62.43729250930806,100.85040610250968,307.84698438303343,18,186297.0
1_patch_y01435_x01435.jpg,1_patch_y01435_x01435.png,1.jpg,1435,1435,512,20.775663783985824,41.65413748979025,50.965456772677385,62.35547471606361,101.97326711437748,370.15480632904877,20,184479.0
1_patch_y01435_x01640.jpg,1_patch_y01435_x01640.png,1.jpg,1640,1435,512,6.955796338302048,31.27296585310746,44.31815015250069,56.71243702536441,80.4093472905967,291.6505460745398,27,157515.0
1_patch_y01435_x01845.jpg,1_patch_y01435_x01845.png,1.jpg,1845,1435,512,6.955796338302048,31.12761840064947,50.545081134053206,63.8584313933362,113.3694126544766,202.1531509223138,27,152389.0
1_patch_y01435_x02050.jpg,1_patch_y01435_x02050.png,1.jpg,2050,1435,512,1.1283791670955126,28.34456125481373,47.59299475851309,57.036190588067335,86.61366749872435,215.6828226967644,26,156686.0
1_patch_y01435_x02255.jpg,1_patch_y01435_x02255.png,1.jpg,2255,1435,512,1.1283791670955126,23.66881610049666,30.741479959368718,50.025538688920996,80.47189302662471,442.08853198974464,17,195246.0
1_patch_y01435_x02460.jpg,1_patch_y01435_x02460.png,1.jpg,2460,1435,512,2.256758334191025,29.73758969919116,46.766937137291094,55.062223176039794,137.62299335835922,487.16847637976235,9,224040.0
1_patch_y01435_x02665.jpg,1_patch_y01435_x02665.png,1.jpg,2665,1435,512,6.180387232371033,29.864204534570696,50.4825889985763,105.107124982795,134.10800228821984,346.3444008333167,13,188502.0
1_patch_y01435_x02870.jpg,1_patch_y01435_x02870.png,1.jpg,2870,1435,512,2.5231325220201604,29.20737055903114,34.484862400517734,45.80719124464573,95.23947982162282,223.33072490347254,31,150878.0
1_patch_y01435_x03075.jpg,1_patch_y01435_x03075.png,1.jpg,3075,1435,512,2.763953195770684,30.570538527078803,36.38913473173784,42.72967946463235,82.10073172528946,205.9253336464569,41,158377.0
1_patch_y01435_x03280.jpg,1_patch_y01435_x03280.png,1.jpg,3280,1435,512,15.180789096653193,30.45332264771448,39.699371085597015,49.35227764390639,81.55925844761728,201.52864560146833,45,164396.0
1_patch_y01435_x03336.jpg,1_patch_y01435_x03336.png,1.jpg,3336,1435,512,15.180789096653193,32.46909827883606,41.08911822269767,51.01471973302091,81.55613638284056,187.78955154781588,41,146375.0
1_patch_y01640_x00000.jpg,1_patch_y01640_x00000.png,1.jpg,0,1640,512,4.370193722368317,56.38419776943225,78.96693433314337,92.12575151670075,114.0575243708403,216.88375167516782,22,180398.0
1_patch_y01640_x00205.jpg,1_patch_y01640_x00205.png,1.jpg,205,1640,512,4.370193722368317,31.11947502372528,42.74742747979187,72.46354912763235,105.31731329700179,304.0557898531455,27,187145.0
1_patch_y01640_x00410.jpg,1_patch_y01640_x00410.png,1.jpg,410,1640,512,4.370193722368317,25.170678933377832,31.82695083632825,43.975924837022255,65.50687483588881,406.1992606624057,27,186810.0
1_patch_y01640_x00615.jpg,1_patch_y01640_x00615.png,1.jpg,615,1640,512,5.046265044040321,25.15551736167189,33.681692866586,48.78201214699963,75.50028769335468,411.6110057082833,26,193136.0
1_patch_y01640_x00820.jpg,1_patch_y01640_x00820.png,1.jpg,820,1640,512,12.514330345744634,33.681692866586,39.926130666625134,58.25103764500001,96.2832131018524,307.05600187529114,26,191251.0
1_patch_y01640_x01025.jpg,1_patch_y01640_x01025.png,1.jpg,1025,1640,512,1.5957691216057308,30.15116971098976,44.03571081101852,64.02992530096552,96.2832131018524,273.92435607359306,31,179449.0
1_patch_y01640_x01230.jpg,1_patch_y01640_x01230.png,1.jpg,1230,1640,512,12.514330345744634,35.99196754787595,46.838709613718834,61.527626153949114,118.08821869366342,258.8124015749094,23,189641.0
1_patch_y01640_x01435.jpg,1_patch_y01640_x01435.png,1.jpg,1435,1640,512,31.775445850136926,43.50877182197178,50.38978895701867,66.75037501140854,106.13427023124545,302.28770343259606,17,192852.0
1_patch_y01640_x01640.jpg,1_patch_y01640_x01640.png,1.jpg,1640,1640,512,3.742410318509555,27.081100010292303,37.40708836121763,44.937266471715525,57.87826225966199,284.526126626978,26,168563.0
1_patch_y01640_x01845.jpg,1_patch_y01640_x01845.png,1.jpg,1845,1640,512,3.742410318509555,29.94963268573511,48.3032204299869,56.1622341067904,126.40281832603833,215.03840072343274,27,161160.0
1_patch_y01640_x02050.jpg,1_patch_y01640_x02050.png,1.jpg,2050,1640,512,17.94796937867892,30.256556854086718,46.68817945247596,54.851299384875006,86.40025145092032,323.74848157574206,21,177856.0
1_patch_y01640_x02255.jpg,1_patch_y01640_x02255.png,1.jpg,2255,1640,512,6.180387232371033,24.462677409178383,31.79547449747714,35.96680938658481,71.62319544489739,449.42791205847624,21,201827.0
1_patch_y01640_x02460.jpg,1_patch_y01640_x02460.png,1.jpg,2460,1640,512,6.180387232371033,25.627691195459857,33.12846562335749,40.16229433308319,81.20071535213452,459.5981293168669,18,209714.0
1_patch_y01640_x02665.jpg,1_patch_y01640_x02665.png,1.jpg,2665,1640,512,5.970821321441846,26.986904594423443,49.195410149975004,86.84825331053361,125.70826438920146,326.9866828620629,20,192027.0
1_patch_y01640_x02870.jpg,1_patch_y01640_x02870.png,1.jpg,2870,1640,512,2.5231325220201604,36.121598890840126,56.49068302605531,84.28322291926283,133.33452344553376,203.00478896923346,24,173602.0
1_patch_y01640_x03075.jpg,1_patch_y01640_x03075.png,1.jpg,3075,1640,512,2.5231325220201604,31.558342596252526,37.67393737780778,47.86023069545688,83.26515453562597,244.15006812586827,35,172037.0
1_patch_y01640_x03280.jpg,1_patch_y01640_x03280.png,1.jpg,3280,1640,512,13.398760233979036,29.15843236307712,39.59914470513189,53.0877943801976,83.90878347720249,234.07273247656062,38,174515.0
1_patch_y01640_x03336.jpg,1_patch_y01640_x03336.png,1.jpg,3336,1640,512,13.398760233979036,32.21308276291698,42.95231763406293,70.39580090629349,86.4996428085857,200.65170730415073,35,158532.0
1_patch_y01845_x00000.jpg,1_patch_y01845_x00000.png,1.jpg,0,1845,512,12.964089628857149,43.58819018453659,69.65652632621233,81.06560646485283,107.17937942055734,199.22843564003097,28,190059.0
1_patch_y01845_x00205.jpg,1_patch_y01845_x00205.png,1.jpg,205,1845,512,12.964089628857149,35.10692067532608,47.79321859066286,81.57955074852212,107.21977359337122,226.85192509455547,31,191694.0
1_patch_y01845_x00410.jpg,1_patch_y01845_x00410.png,1.jpg,410,1845,512,3.385137501286538,33.03626472782201,46.287935580276574,66.0594365887867,104.22013541045568,340.0373943208152,27,199614.0
1_patch_y01845_x00615.jpg,1_patch_y01845_x00615.png,1.jpg,615,1845,512,8.291859587312052,20.81657830060373,33.12703343873443,45.63385966143751,84.19551964534472,380.12647397065024,25,211586.0
1_patch_y01845_x00820.jpg,1_patch_y01845_x00820.png,1.jpg,820,1845,512,8.291859587312052,33.99388324442416,38.037237926331564,45.92360506657988,64.81517245680705,303.8232936325893,25,201480.0
1_patch_y01845_x01025.jpg,1_patch_y01845_x01025.png,1.jpg,1025,1845,512,1.1283791670955126,35.16127981086358,42.47564519686223,51.26369495396695,88.12923024107548,220.94632240589766,36,177391.0
1_patch_y01845_x01230.jpg,1_patch_y01845_x01230.png,1.jpg,1230,1845,512,1.1283791670955126,23.347947968635108,38.742777150207125,57.115128673343825,78.35349079735559,210.8227834642524,34,169718.0
1_patch_y01845_x01435.jpg,1_patch_y01845_x01435.png,1.jpg,1435,1845,512,4.918490759365935,29.865655065402677,46.630351545070575,59.20853546106556,95.53078591405777,302.51927541311153,25,176786.0
1_patch_y01845_x01640.jpg,1_patch_y01845_x01640.png,1.jpg,1640,1845,512,3.1915382432114616,26.03166968843803,33.92679478656803,47.74483613281285,75.35624914055487,284.7721423933036,33,152697.0
1_patch_y01845_x01845.jpg,1_patch_y01845_x01845.png,1.jpg,1845,1845,512,1.9544100476116797,27.649199148100443,41.146113823785505,51.823609959924646,103.96138204819536,168.46515797679584,33,152708.0
1_patch_y01845_x02050.jpg,1_patch_y01845_x02050.png,1.jpg,2050,1845,512,17.112717355495807,23.788339702706264,35.69220077212618,47.58807696572853,112.0278765558734,288.22744590919024,23,180967.0
1_patch_y01845_x02255.jpg,1_patch_y01845_x02255.png,1.jpg,2255,1845,512,3.385137501286538,24.566226017300682,32.55305080285001,37.77871786435558,74.889334689948,356.0049683957835,23,199555.0
1_patch_y01845_x02460.jpg,1_patch_y01845_x02460.png,1.jpg,2460,1845,512,15.430353037616328,28.944632679909287,34.85491223822128,71.1967577806254,114.93453310962913,325.93364572406193,22,199715.0
1_patch_y01845_x02665.jpg,1_patch_y01845_x02665.png,1.jpg,2665,1845,512,5.970821321441846,28.277100878514442,61.947913506685445,95.44647160885566,121.24170299021478,223.2765575123384,26,190547.0
1_patch_y01845_x02870.jpg,1_patch_y01845_x02870.png,1.jpg,2870,1845,512,4.370193722368317,37.81555990908193,60.500700145984545,90.79891519405639,146.72445435691102,219.7878712014202,23,193143.0
1_patch_y01845_x03075.jpg,1_patch_y01845_x03075.png,1.jpg,3075,1845,512,4.370193722368317,32.31719284645041,39.2789423645048,45.26550828795997,82.13409079669538,345.89745124706906,22,186263.0
1_patch_y01845_x03280.jpg,1_patch_y01845_x03280.png,1.jpg,3280,1845,512,8.368283871884005,32.82925538205834,40.87717025390051,61.64143808841514,107.72379995195159,368.15607562031016,18,190299.0
1_patch_y01845_x03336.jpg,1_patch_y01845_x03336.png,1.jpg,3336,1845,512,8.368283871884005,38.27525452807841,41.070504781709246,75.06122632020414,109.35034332762491,337.84923481765225,18,176993.0
1_patch_y02050_x00000.jpg,1_patch_y02050_x00000.png,1.jpg,0,2050,512,1.1283791670955126,30.205738986831328,45.867753788864164,71.23766289105772,99.99586181111245,172.47599462879563,35,181708.0
1_patch_y02050_x00205.jpg,1_patch_y02050_x00205.png,1.jpg,205,2050,512,1.1283791670955126,32.15774917745962,44.9603825016716,70.62268981632083,94.64661192968009,184.83732497490496,38,176406.0
1_patch_y02050_x00410.jpg,1_patch_y02050_x00410.png,1.jpg,410,2050,512,1.1283791670955126,23.695962509005764,37.67840352748118,46.946540361740894,84.55317879114858,184.83732497490496,41,170378.0
1_patch_y02050_x00615.jpg,1_patch_y02050_x00615.png,1.jpg,615,2050,512,2.5231325220201604,20.995110078623796,31.449001522943103,39.65360519714198,75.81194701119715,330.42248368035655,34,178701.0
1_patch_y02050_x00820.jpg,1_patch_y02050_x00820.png,1.jpg,820,2050,512,11.726460285670077,25.952720843196794,34.820691409851534,40.70747392618205,55.53047686638461,364.6882365594703,33,176707.0
1_patch_y02050_x01025.jpg,1_patch_y02050_x01025.png,1.jpg,1025,2050,512,13.110581167104948,29.634808112228534,35.999311183030514,48.553120418413776,66.34710616457002,261.86663666902353,44,162411.0
1_patch_y02050_x01230.jpg,1_patch_y02050_x01230.png,1.jpg,1230,2050,512,13.110581167104948,25.044507072948488,35.49945881018331,48.96353847812524,72.9652635212063,226.81263316993505,40,167431.0
1_patch_y02050_x01435.jpg,1_patch_y02050_x01435.png,1.jpg,1435,2050,512,3.385137501286538,16.15424644045779,40.142828114472024,59.448379658645656,105.90546861264107,263.1543759822374,24,183722.0
1_patch_y02050_x01640.jpg,1_patch_y02050_x01640.png,1.jpg,1640,2050,512,3.1915382432114616,32.981167808340494,47.84320221523481,62.865656242959446,103.15238856026478,184.1990428533835,27,155734.0
1_patch_y02050_x01845.jpg,1_patch_y02050_x01845.png,1.jpg,1845,2050,512,17.66192765414112,33.694578256945576,43.52854456093273,69.84091830503604,90.98642946839604,156.25097846188595,33,142553.0
1_patch_y02050_x02050.jpg,1_patch_y02050_x02050.png,1.jpg,2050,2050,512,17.66192765414112,26.116656782692147,34.978720557916134,58.94980890701381,137.26324809785189,257.6561853759606,24,170203.0
1_patch_y02050_x02255.jpg,1_patch_y02050_x02255.png,1.jpg,2255,2050,512,1.1283791670955126,29.896724911001275,35.86045091995518,69.59456320843287,91.11967444640041,303.90290695624236,21,182990.0
1_patch_y02050_x02460.jpg,1_patch_y02050_x02460.png,1.jpg,2460,2050,512,1.1283791670955126,26.986904594423443,34.11364747264559,68.56238326635255,118.1677540072186,324.0334844681722,21,195726.0
1_patch_y02050_x02665.jpg,1_patch_y02050_x02665.png,1.jpg,2665,2050,512,3.9088200952233594,27.502983108059844,38.84722194880747,69.0334128110627,116.2362256630128,347.6891263397232,23,195733.0
1_patch_y02050_x02870.jpg,1_patch_y02050_x02870.png,1.jpg,2870,2050,512,25.780439141949365,35.406686324734316,54.3654697346598,89.26935767544258,148.40966027033136,229.9513824547513,19,194130.0
1_patch_y02050_x03075.jpg,1_patch_y02050_x03075.png,1.jpg,3075,2050,512,20.806283791440396,33.12902786925252,48.23078527487545,60.796499885817255,132.00589535791738,341.0058175759798,16,183162.0
1_patch_y02050_x03280.jpg,1_patch_y02050_x03280.png,1.jpg,3280,2050,512,1.5957691216057308,44.29761184716425,85.25025853084368,147.15041436333516,183.98095456838246,360.8679362259381,9,195758.0
1_patch_y02050_x03336.jpg,1_patch_y02050_x03336.png,1.jpg,3336,2050,512,37.355997390375464,88.70955788435572,111.64427764615569,138.1702573934015,209.78032527177083,326.3689228977757,8,188077.0
1_patch_y02255_x00000.jpg,1_patch_y02255_x00000.png,1.jpg,0,2255,512,1.1283791670955126,20.67735306230553,33.49958961746801,54.582296619053174,93.47762281336207,265.1210837845694,38,174365.0
1_patch_y02255_x00205.jpg,1_patch_y02255_x00205.png,1.jpg,205,2255,512,1.1283791670955126,25.681429502518196,35.889126069298825,73.86024050787105,97.37848946298253,234.20324418587975,29,172958.0
1_patch_y02255_x00410.jpg,1_patch_y02255_x00410.png,1.jpg,410,2255,512,1.1283791670955126,18.575465448360347,35.6289183964509,44.05016533653861,84.55317879114858,234.20324418587975,31,175001.0
1_patch_y02255_x00615.jpg,1_patch_y02255_x00615.png,1.jpg,615,2255,512,2.5231325220201604,20.88503766525912,35.96984968467006,37.75939621128399,85.52606858382661,300.7421558408582,24,190651.0
1_patch_y02255_x00820.jpg,1_patch_y02255_x00820.png,1.jpg,820,2255,512,11.726460285670077,20.98897773889705,32.744824091407516,45.965438474746534,66.05833137011271,312.6424900901567,20,188846.0
1_patch_y02255_x01025.jpg,1_patch_y02255_x01025.png,1.jpg,1025,2255,512,15.012108426804138,25.352000254460005,37.02042694287173,48.72978299696273,90.85891765999642,214.8162489660326,33,166105.0
1_patch_y02255_x01230.jpg,1_patch_y02255_x01230.png,1.jpg,1230,2255,512,15.012108426804138,23.15549306359488,37.07490718655651,49.744796251910095,113.4281133800094,233.45180546066442,32,170823.0
1_patch_y02255_x01435.jpg,1_patch_y02255_x01435.png,1.jpg,1435,2255,512,3.385137501286538,20.78927802300764,41.6732983764883,49.7809097072146,68.60126828895756,323.18954081450994,22,193101.0
1_patch_y02255_x01640.jpg,1_patch_y02255_x01640.png,1.jpg,1640,2255,512,23.803184606416586,35.820252787451714,57.04048575928528,72.80232600535167,100.97958240211342,341.83371100364695,17,178918.0
1_patch_y02255_x01845.jpg,1_patch_y02255_x01845.png,1.jpg,1845,2255,512,23.803184606416586,38.24518278733852,44.52016882255244,69.55384840648111,96.30063394214895,225.09113977152973,27,152698.0
1_patch_y02255_x02050.jpg,1_patch_y02255_x02050.png,1.jpg,2050,2255,512,22.736210219877808,33.343485592165685,41.472279671146794,69.82413486739372,121.38293334674873,316.067041432543,20,182266.0
1_patch_y02255_x02255.jpg,1_patch_y02255_x02255.png,1.jpg,2255,2255,512,8.740387444736633,34.78866228180108,45.035176425996426,60.62194180798589,193.89983278374868,357.9239350373454,12,198080.0
1_patch_y02255_x02460.jpg,1_patch_y02255_x02460.png,1.jpg,2460,2255,512,15.430353037616328,75.49390766766935,144.90004588442582,214.42423169654393,294.8375503601653,416.90670837891514,5,223780.0
1_patch_y02255_x02665.jpg,1_patch_y02255_x02665.png,1.jpg,2665,2255,512,1.1283791670955126,12.360774464742066,44.223251132330944,50.39953265404997,90.53792679869015,486.6938857469243,11,219769.0
1_patch_y02255_x02870.jpg,1_patch_y02255_x02870.png,1.jpg,2870,2255,512,1.1283791670955126,47.48237949736892,54.3654697346598,64.50663147275316,140.06773223132828,350.8479053748306,14,208750.0
1_patch_y02255_x03075.jpg,1_patch_y02255_x03075.png,1.jpg,3075,2255,512,1.1283791670955126,27.957166112239996,47.970317782798666,59.8919668351344,115.98336881330648,317.9547449747714,20,178720.0
1_patch_y02255_x03280.jpg,1_patch_y02255_x03280.png,1.jpg,3280,2255,512,1.5957691216057308,39.216401640590526,60.93787974718274,108.98877550808459,179.71795597397266,255.16842249515662,14,190218.0
1_patch_y02255_x03336.jpg,1_patch_y02255_x03336.png,1.jpg,3336,2255,512,9.640875829802336,37.48877374208851,62.52806350655893,125.29325772338031,186.68889239017793,252.74685841460538,13,180724.0
1_patch_y02460_x00000.jpg,1_patch_y02460_x00000.png,1.jpg,0,2460,512,10.998079684646791,17.35650175765195,30.866809665030285,43.370974028738146,80.62328926468197,351.9783433420596,34,180120.0
1_patch_y02460_x00205.jpg,1_patch_y02460_x00205.png,1.jpg,205,2460,512,4.51351666838205,20.167641736988898,35.64445600002348,53.70782204875848,84.17825933635486,369.19386910203883,29,188782.0
1_patch_y02460_x00410.jpg,1_patch_y02460_x00410.png,1.jpg,410,2460,512,4.068428945128219,17.6704443849012,29.15279852982115,39.85830393880532,54.917212887984086,283.706029297895,33,171435.0
1_patch_y02460_x00615.jpg,1_patch_y02460_x00615.png,1.jpg,615,2460,512,1.1283791670955126,15.205915967723627,31.97412312584138,37.26725119688039,57.65406893648429,307.7808020788433,39,157865.0
1_patch_y02460_x00820.jpg,1_patch_y02460_x00820.png,1.jpg,820,2460,512,1.1283791670955126,22.34076770248023,31.594616678674353,37.04797199880859,73.02278557649565,306.2047682096041,31,146059.0
1_patch_y02460_x01025.jpg,1_patch_y02460_x01025.png,1.jpg,1025,2460,512,8.593479713983122,21.43321216593714,32.96305762493836,43.368516412441764,55.44237934751932,261.89823885323847,33,154152.0
1_patch_y02460_x01230.jpg,1_patch_y02460_x01230.png,1.jpg,1230,2460,512,8.593479713983122,23.722813466638858,41.9477895820983,49.314171699869,105.36910756996387,258.9845284512255,26,157864.0
1_patch_y02460_x01435.jpg,1_patch_y02460_x01435.png,1.jpg,1435,2460,512,3.385137501286538,19.616591099322367,33.10079163465478,47.741818764739975,75.42827441165059,334.03835220287317,22,146526.0
1_patch_y02460_x01640.jpg,1_patch_y02460_x01640.png,1.jpg,1640,2460,512,2.763953195770684,17.885213247354617,39.920904523866895,75.42096117580489,91.87436839991167,352.10854495317454,14,147967.0
1_patch_y02460_x01845.jpg,1_patch_y02460_x01845.png,1.jpg,1845,2460,512,7.653039857325812,37.372873567097635,60.67077227095433,104.3805655276717,139.37839373807495,232.82101953648876,15,143294.0
1_patch_y02460_x02050.jpg,1_patch_y02460_x02050.png,1.jpg,2050,2460,512,22.792141940852034,35.53538569029278,43.1196442117146,95.07229658464964,128.28361866369397,400.4076965706974,12,190897.0
1_patch_y02460_x02255.jpg,1_patch_y02460_x02255.png,1.jpg,2255,2460,512,21.019374919894773,24.550486477520913,33.20580439833751,63.88775660232561,79.42191099170303,466.0629424571522,12,214944.0
1_patch_y02460_x02460.jpg,1_patch_y02460_x02460.png,1.jpg,2460,2460,512,23.507147049675353,28.750419850816037,32.39590555371213,42.3081371022814,100.40866228551448,360.7020694129195,14,225146.0
1_patch_y02460_x02665.jpg,1_patch_y02460_x02665.png,1.jpg,2665,2460,512,20.216574731145414,28.759278404787,31.87137232998743,43.79659049015431,71.52483639665873,443.44727024373736,20,207221.0
1_patch_y02460_x02870.jpg,1_patch_y02460_x02870.png,1.jpg,2870,2460,512,9.373021315815206,28.599874682497912,34.07839370017101,58.33419379537008,148.2815647118246,340.72380082613455,14,206881.0
1_patch_y02460_x03075.jpg,1_patch_y02460_x03075.png,1.jpg,3075,2460,512,17.55346033766304,28.501347854812654,53.926608647078034,69.3287767191607,147.89086820848888,307.86352773604983,16,176142.0
1_patch_y02460_x03280.jpg,1_patch_y02460_x03280.png,1.jpg,3280,2460,512,28.501347854812654,49.818928602683386,59.11157652466149,74.40302345893737,119.7977497811676,247.02743098798186,18,166001.0
1_patch_y02460_x03336.jpg,1_patch_y02460_x03336.png,1.jpg,3336,2460,512,15.553633450087505,47.346767868718004,55.2228506164739,62.59697022280594,104.4450516064942,207.7750225695823,19,150327.0
1_patch_y02665_x00000.jpg,1_patch_y02665_x00000.png,1.jpg,0,2665,512,3.9088200952233594,28.02835705319874,34.88863718700998,43.64362907600379,79.4125649067782,417.53078744583433,21,200133.0
1_patch_y02665_x00205.jpg,1_patch_y02665_x00205.png,1.jpg,205,2665,512,12.257335203001883,29.344870752047793,35.94897027765811,80.06973482835436,118.55050763730355,373.0091121273372,19,201334.0
1_patch_y02665_x00410.jpg,1_patch_y02665_x00410.png,1.jpg,410,2665,512,6.579524642479541,25.23874509205955,41.18159949714653,93.85196638681495,130.209857762475,230.55412491127453,22,171085.0
1_patch_y02665_x00615.jpg,1_patch_y02665_x00615.png,1.jpg,615,2665,512,2.985410660720923,26.76000170669611,39.90017150658385,59.862939345827925,83.77987018575297,215.13607482397717,29,141440.0
1_patch_y02665_x00820.jpg,1_patch_y02665_x00820.png,1.jpg,820,2665,512,10.280023453913834,29.310926684376565,33.76454266383791,52.60003086799349,69.1883847031898,216.9688587965867,25,120802.0
1_patch_y02665_x01025.jpg,1_patch_y02665_x01025.png,1.jpg,1025,2665,512,12.047792665040703,27.510207698668292,32.7538117003482,46.112700950210986,81.09218815011705,263.5798090872557,24,140541.0
1_patch_y02665_x01230.jpg,1_patch_y02665_x01230.png,1.jpg,1230,2665,512,28.590554169515052,40.69515355277122,49.25573684034561,61.38962656631184,93.87375405413268,260.6848945012922,22,132192.0
1_patch_y02665_x01435.jpg,1_patch_y02665_x01435.png,1.jpg,1435,2665,512,8.812923024107548,38.810338589372,43.62903986313552,70.25916107482514,99.48311907668767,221.63389099116267,21,112286.0
1_patch_y02665_x01640.jpg,1_patch_y02665_x01640.png,1.jpg,1640,2665,512,2.763953195770684,25.38206225310496,43.44848508720099,62.58835722829718,89.45593144192422,222.2133569880962,20,117994.0
1_patch_y02665_x01845.jpg,1_patch_y02665_x01845.png,1.jpg,1845,2665,512,9.901487006738307,39.702273944726784,47.69988539233334,61.51477811837497,100.73588820047821,193.71677547899523,21,106895.0
1_patch_y02665_x02050.jpg,1_patch_y02665_x02050.png,1.jpg,2050,2665,512,25.180812005932435,34.815571898044055,46.318556031883695,51.62257613806866,100.73588820047821,316.97213201644666,21,140693.0
1_patch_y02665_x02255.jpg,1_patch_y02665_x02255.png,1.jpg,2255,2665,512,28.723844188903154,38.35119785690718,46.13005115940072,52.48439107081457,78.84818490338195,374.2512382853747,18,161135.0
1_patch_y02665_x02460.jpg,1_patch_y02665_x02460.png,1.jpg,2460,2665,512,12.865501965161373,33.68477917581019,44.171584872003635,55.16484216184613,96.28879601582153,285.5713445713473,25,169555.0
1_patch_y02665_x02665.jpg,1_patch_y02665_x02665.png,1.jpg,2665,2665,512,12.865501965161373,33.224970809398556,45.332202959955,59.21572178231587,81.86777732103087,278.5725704588724,26,167614.0
1_patch_y02665_x02870.jpg,1_patch_y02665_x02870.png,1.jpg,2870,2665,512,9.373021315815206,33.224970809398556,54.89770489180882,64.31761252444421,111.82915008345887,305.0027882773946,16,191745.0
1_patch_y02665_x03075.jpg,1_patch_y02665_x03075.png,1.jpg,3075,2665,512,17.55346033766304,28.501347854812654,53.926608647078034,60.407818494057345,107.74691721295423,327.5061002906352,16,168655.0
1_patch_y02665_x03280.jpg,1_patch_y02665_x03280.png,1.jpg,3280,2665,512,28.501347854812654,44.91397056321354,52.80209155895481,68.80615575488032,102.20899352710344,253.62941769174694,22,149329.0
1_patch_y02665_x03336.jpg,1_patch_y02665_x03336.png,1.jpg,3336,2665,512,28.501347854812654,44.91397056321354,52.80209155895481,62.25202945882466,82.78073466496106,221.04138592052652,22,138839.0
1_patch_y02870_x00000.jpg,1_patch_y02870_x00000.png,1.jpg,0,2870,512,1.1283791670955126,19.347672370394786,34.88863718700998,52.76907128551535,87.28725815200758,431.2490395371815,16,196524.0
1_patch_y02870_x00205.jpg,1_patch_y02870_x00205.png,1.jpg,205,2870,512,1.1283791670955126,24.05051040576273,35.66491571868952,55.822436675286056,100.73084205576816,422.79902124080496,19,201500.0
1_patch_y02870_x00410.jpg,1_patch_y02870_x00410.png,1.jpg,410,2870,512,6.579524642479541,18.42081340304345,29.302738776155397,62.1409880628614,119.54341862282905,260.5261093455741,25,174613.0
1_patch_y02870_x00615.jpg,1_patch_y02870_x00615.png,1.jpg,615,2870,512,3.385137501286538,29.310926684376565,46.60857611499887,67.90503622915018,96.00809918128834,185.63123400632892,25,144904.0
1_patch_y02870_x00820.jpg,1_patch_y02870_x00820.png,1.jpg,820,2870,512,15.180789096653193,29.19732464831462,42.05463214036265,64.28204027205781,80.907125619492,301.8598814333762,19,142350.0
1_patch_y02870_x01025.jpg,1_patch_y02870_x01025.png,1.jpg,1025,2870,512,19.182445840623714,28.015397458237988,32.76645135760293,66.14826102885206,129.23830395943418,374.14235529711584,13,174140.0
1_patch_y02870_x01230.jpg,1_patch_y02870_x01230.png,1.jpg,1230,2870,512,5.863230142835039,40.17150607809163,44.7166796827947,63.14769106349389,100.56099710279786,388.4100075140125,15,171513.0
1_patch_y02870_x01435.jpg,1_patch_y02870_x01435.png,1.jpg,1435,2870,512,5.863230142835039,18.938668956129945,39.83121420591172,44.27656947974314,77.94402798802332,386.5600421793016,15,150850.0
1_patch_y02870_x01640.jpg,1_patch_y02870_x01640.png,1.jpg,1640,2870,512,5.863230142835039,25.281687196586176,36.61188332901993,46.094997922063754,63.96814799044567,296.6306882606938,20,118338.0
1_patch_y02870_x01845.jpg,1_patch_y02870_x01845.png,1.jpg,1845,2870,512,9.901487006738307,25.30690599424961,39.702273944726784,47.69988539233334,63.91050351476197,157.24602366596383,21,72907.0
1_patch_y02870_x02050.jpg,1_patch_y02870_x02050.png,1.jpg,2050,2870,512,13.398760233979036,25.231249601259304,41.627454363918794,47.33512107910878,60.79972095226278,188.7498760297198,28,85329.0
1_patch_y02870_x02255.jpg,1_patch_y02870_x02255.png,1.jpg,2255,2870,512,10.464157913908982,28.185617857674053,37.81126267891293,50.455004650142826,73.10694748678145,219.25716747820476,27,118721.0
1_patch_y02870_x02460.jpg,1_patch_y02870_x02460.png,1.jpg,2460,2870,512,10.464157913908982,28.58928760609588,39.25996672502972,52.19667507851494,84.81533062792926,166.67959343039342,35,141418.0
1_patch_y02870_x02665.jpg,1_patch_y02870_x02665.png,1.jpg,2665,2870,512,5.046265044040321,35.556636487839874,44.47495054270453,55.560303637896844,93.37456354865219,332.8278637239506,25,168401.0
1_patch_y02870_x02870.jpg,1_patch_y02870_x02870.png,1.jpg,2870,2870,512,9.373021315815206,26.814689000272,43.37889087921331,55.22900426485283,85.43611119257811,448.72619108159665,13,203460.0
1_patch_y02870_x03075.jpg,1_patch_y02870_x03075.png,1.jpg,3075,2870,512,10.217907939900583,23.56124872549269,29.597108081327676,53.926608647078034,123.22603138343598,428.97408420729056,11,184642.0
1_patch_y02870_x03280.jpg,1_patch_y02870_x03280.png,1.jpg,3280,2870,512,26.558891313141824,40.40631869413897,52.80209155895481,78.6500645221089,175.02101533785623,303.37035783360864,12,161929.0
1_patch_y02870_x03336.jpg,1_patch_y02870_x03336.png,1.jpg,3336,2870,512,26.558891313141824,40.40631869413897,52.80209155895481,58.20411729097824,196.7407664008084,258.3815827195188,12,154837.0
1_patch_y03075_x00000.jpg,1_patch_y03075_x00000.png,1.jpg,0,3075,512,1.1283791670955126,41.28705046445731,64.33048218140584,85.42288696285493,155.2480672230097,314.01395399324207,12,186684.0
1_patch_y03075_x00205.jpg,1_patch_y03075_x00205.png,1.jpg,205,3075,512,1.1283791670955126,19.855112654010583,32.53864942683017,59.21895962435839,97.21034126583083,354.984212299623,25,185516.0
1_patch_y03075_x00410.jpg,1_patch_y03075_x00410.png,1.jpg,410,3075,512,1.1283791670955126,18.365794971416776,33.290925916574174,53.70407490767324,92.15393395253044,279.1296248358078,32,171581.0
1_patch_y03075_x00615.jpg,1_patch_y03075_x00615.png,1.jpg,615,3075,512,2.5231325220201604,35.609422480672315,48.490228440449904,63.36488714337305,123.54198209342645,267.5781742203433,20,161548.0
1_patch_y03075_x00820.jpg,1_patch_y03075_x00820.png,1.jpg,820,3075,512,2.5231325220201604,34.95369251688565,51.111005113623456,61.00339414221495,84.23728573885897,420.5737239453304,13,175927.0
1_patch_y03075_x01025.jpg,1_patch_y03075_x01025.png,1.jpg,1025,3075,512,10.823032759612019,31.27923182795748,45.69698186492594,59.655191268568345,78.59414141144349,510.8343351156188,7,217771.0
1_patch_y03075_x01230.jpg,1_patch_y03075_x01230.png,1.jpg,1230,3075,512,10.823032759612019,24.384068130111636,32.827386228940824,51.310838076936705,64.9944941305054,533.1922903668489,7,231885.0
1_patch_y03075_x01435.jpg,1_patch_y03075_x01435.png,1.jpg,1435,3075,512,3.9088200952233594,16.38129446532532,24.59595727304886,44.55809259707615,60.326801410605356,498.7257212777521,12,210875.0
1_patch_y03075_x01640.jpg,1_patch_y03075_x01640.png,1.jpg,1640,3075,512,1.1283791670955126,19.694822267086966,25.30690599424961,34.09421576254399,46.66494177814067,365.76023868767953,25,131006.0
1_patch_y03075_x01845.jpg,1_patch_y03075_x01845.png,1.jpg,1845,3075,512,1.1283791670955126,23.06976657227589,26.414679072721462,33.90774703361832,53.58316128577887,161.81917215528992,31,56212.0
1_patch_y03075_x02050.jpg,1_patch_y03075_x02050.png,1.jpg,2050,3075,512,2.256758334191025,25.231249601259304,29.981507348656084,42.17835298748993,57.04645554378251,162.06290546820682,33,78129.0
1_patch_y03075_x02255.jpg,1_patch_y03075_x02255.png,1.jpg,2255,3075,512,6.180387232371033,32.72476848652972,40.80810063093158,49.93450223408012,66.62373981654197,163.2917099728084,34,119781.0
1_patch_y03075_x02460.jpg,1_patch_y03075_x02460.png,1.jpg,2460,3075,512,6.579524642479541,28.27454018455227,39.25996672502972,49.1814372555528,88.14134518900302,211.4379031648324,30,146812.0
1_patch_y03075_x02665.jpg,1_patch_y03075_x02665.png,1.jpg,2665,3075,512,3.742410318509555,22.470552313748524,31.780867339909943,46.43779411601673,79.70299759092535,331.591838507365,22,164921.0
1_patch_y03075_x02870.jpg,1_patch_y03075_x02870.png,1.jpg,2870,3075,512,1.1283791670955126,18.813107451817118,28.716196430541892,37.49347554973321,59.270130707057575,417.16621892711635,24,177649.0
1_patch_y03075_x03075.jpg,1_patch_y03075_x03075.png,1.jpg,3075,3075,512,1.1283791670955126,16.380840880096383,29.59280461175391,40.7469927021415,72.800003862458,368.29265800472,23,170754.0
1_patch_y03075_x03280.jpg,1_patch_y03075_x03280.png,1.jpg,3280,3075,512,1.1283791670955126,17.935844389737845,32.573520570384005,43.336046704674104,175.64182718723407,241.3623875623802,15,164217.0
1_patch_y03075_x03336.jpg,1_patch_y03075_x03336.png,1.jpg,3336,3075,512,1.1283791670955126,34.02021084832166,39.76636159571394,142.16234133405808,187.8336172909721,252.3965018413179,11,159190.0
1_patch_y03280_x00000.jpg,1_patch_y03280_x00000.png,1.jpg,0,3280,512,1.1283791670955126,18.81384047546846,30.591356056578213,55.451541913056104,87.28725815200758,292.1674157014767,31,153752.0
1_patch_y03280_x00205.jpg,1_patch_y03280_x00205.png,1.jpg,205,3280,512,1.1283791670955126,24.73930542738368,37.68512868305674,55.993068436729345,97.32306543975254,184.35105079188176,37,161768.0
1_patch_y03280_x00410.jpg,1_patch_y03280_x00410.png,1.jpg,410,3280,512,1.1283791670955126,28.11906394744562,36.961953837707625,54.94407120488134,96.12439532263949,181.93167729929633,41,171964.0
1_patch_y03280_x00615.jpg,1_patch_y03280_x00615.png,1.jpg,615,3280,512,28.11906394744562,38.79393176615336,52.247732811215734,66.40202213350034,99.25247784119021,264.4912102629954,21,190180.0
1_patch_y03280_x00820.jpg,1_patch_y03280_x00820.png,1.jpg,820,3280,512,29.554057719513263,48.76896010338219,57.28122124032024,59.93170075759484,98.50562710031684,372.9305950320603,11,204198.0
1_patch_y03280_x01025.jpg,1_patch_y03280_x01025.png,1.jpg,1025,3280,512,29.554057719513263,31.229817342839755,53.26140915963398,57.28122124032024,214.04433778590212,470.21605661806143,6,215894.0
1_patch_y03280_x01230.jpg,1_patch_y03280_x01230.png,1.jpg,1230,3280,512,16.50676414605009,23.337527026710227,35.46668336966649,52.39194083690691,56.374151705295276,503.13691926133765,13,218657.0
1_patch_y03280_x01435.jpg,1_patch_y03280_x01435.png,1.jpg,1435,3280,512,7.48482063701911,24.664795828673704,27.662039625843153,40.592502876802605,60.25867464468683,446.94356710159695,22,193611.0
1_patch_y03280_x01640.jpg,1_patch_y03280_x01640.png,1.jpg,1640,3280,512,3.5682482323055424,24.79737475188345,29.9196280286976,38.44108930636416,50.86948621335777,291.8534774561332,37,120603.0
1_patch_y03280_x01845.jpg,1_patch_y03280_x01845.png,1.jpg,1845,3280,512,1.9544100476116797,25.30690599424961,32.850771477929406,38.85401791107944,50.19624551477223,101.02617576943643,34,51086.0
1_patch_y03280_x02050.jpg,1_patch_y03280_x02050.png,1.jpg,2050,3280,512,14.494292838262302,25.30690599424961,34.37391885593249,38.7446696107059,53.926608647078034,204.9088101247271,31,79662.0
1_patch_y03280_x02255.jpg,1_patch_y03280_x02255.png,1.jpg,2255,3280,512,20.897874625046462,34.833776119365325,41.1043287551374,51.72731409905701,86.82635105885778,223.22808081041254,27,138654.0
1_patch_y03280_x02460.jpg,1_patch_y03280_x02460.png,1.jpg,2460,3280,512,15.91774699517169,34.753327094488256,45.61683072446148,58.01072087159358,89.67447435578579,327.680999276134,23,162157.0
1_patch_y03280_x02665.jpg,1_patch_y03280_x02665.png,1.jpg,2665,3280,512,1.1283791670955126,31.081972081234063,39.85583722105997,50.438769614837135,67.1212831230392,294.8418273521211,28,151515.0
1_patch_y03280_x02870.jpg,1_patch_y03280_x02870.png,1.jpg,2870,3280,512,1.1283791670955126,28.716196430541892,35.2240608937295,48.57676009586499,67.86575391741697,216.70756186162896,37,113800.0
1_patch_y03280_x03075.jpg,1_patch_y03280_x03075.png,1.jpg,3075,3280,512,19.83509564693766,29.571284130669728,33.71743470910535,48.36714381978043,81.50137158467915,211.51617224908392,30,140978.0
1_patch_y03280_x03280.jpg,1_patch_y03280_x03280.png,1.jpg,3280,3280,512,16.312788383647018,29.554057719513263,34.02021084832166,48.15152345422449,166.28572756858458,291.0518396958175,16,167182.0
1_patch_y03280_x03336.jpg,1_patch_y03280_x03336.png,1.jpg,3336,3280,512,26.558891313141824,30.276733845460253,35.916565423252315,46.741672921374075,178.48995619041014,291.0518396958175,12,166480.0
1_patch_y03485_x00000.jpg,1_patch_y03485_x00000.png,1.jpg,0,3485,512,1.1283791670955126,18.97454620677376,29.30802828250541,52.58992967066906,73.86551244180771,246.76184467501133,33,148935.0
1_patch_y03485_x00205.jpg,1_patch_y03485_x00205.png,1.jpg,205,3485,512,1.1283791670955126,21.52355914574302,37.44034620485204,52.621150794094994,92.76334234272281,278.46971331286704,33,162731.0
1_patch_y03485_x00410.jpg,1_patch_y03485_x00410.png,1.jpg,410,3485,512,1.1283791670955126,24.823037006556003,36.618262374125756,45.81131712233728,80.24832349074558,249.49430474974247,32,177398.0
1_patch_y03485_x00615.jpg,1_patch_y03485_x00615.png,1.jpg,615,3485,512,1.1283791670955126,28.906542464779633,38.925546071963396,47.742482832345935,75.7072599000401,396.8495253460457,23,192448.0
1_patch_y03485_x00820.jpg,1_patch_y03485_x00820.png,1.jpg,820,3485,512,3.1915382432114616,28.709656070384312,37.63326818195266,52.173864558157405,114.8964109318801,468.6279722707076,10,213469.0
1_patch_y03485_x01025.jpg,1_patch_y03485_x01025.png,1.jpg,1025,3485,512,22.623931952327283,30.89466541817446,50.42822844553827,73.40781355551714,139.43846540006828,363.817861836906,10,195394.0
1_patch_y03485_x01230.jpg,1_patch_y03485_x01230.png,1.jpg,1230,3485,512,22.397686948112614,31.38559844401845,44.62534871233008,60.35185296098622,102.46589104011052,345.69862150200584,20,181126.0
1_patch_y03485_x01435.jpg,1_patch_y03485_x01435.png,1.jpg,1435,3485,512,6.579524642479541,24.66482815297162,31.15899074849394,46.092365817659356,74.75316414498259,288.43499283641063,35,159761.0
1_patch_y03485_x01640.jpg,1_patch_y03485_x01640.png,1.jpg,1640,3485,512,3.5682482323055424,24.649336788010757,28.445260183244436,45.572734685893735,55.46073383859547,150.1973976259829,42,107456.0
1_patch_y03485_x01845.jpg,1_patch_y03485_x01845.png,1.jpg,1845,3485,512,9.304852983362556,26.520215532546004,36.064389109597585,47.42487385129298,54.963666256136385,146.22418293407418,30,61116.0
1_patch_y03485_x02050.jpg,1_patch_y03485_x02050.png,1.jpg,2050,3485,512,4.51351666838205,24.513374824736943,34.17123391387203,47.48455259017342,62.81819001479834,190.22812910008355,24,81843.0
1_patch_y03485_x02255.jpg,1_patch_y03485_x02255.png,1.jpg,2255,3485,512,4.51351666838205,32.04753914141969,36.91856640764706,54.15484332882072,92.88946006935552,296.1216092180891,18,138527.0
1_patch_y03485_x02460.jpg,1_patch_y03485_x02460.png,1.jpg,2460,3485,512,15.91774699517169,34.145667732657685,62.07003039328358,84.55348969927964,92.96899495149054,380.3625415168626,17,180665.0
1_patch_y03485_x02665.jpg,1_patch_y03485_x02665.png,1.jpg,2665,3485,512,1.1283791670955126,30.798757455905527,39.89422804014327,49.58452945106567,68.65517310887485,331.390188769217,26,151339.0
1_patch_y03485_x02870.jpg,1_patch_y03485_x02870.png,1.jpg,2870,3485,512,1.1283791670955126,30.798757455905527,39.89422804014327,48.860251190292,64.82044814428573,126.9965563043357,41,97574.0
1_patch_y03485_x03075.jpg,1_patch_y03485_x03075.png,1.jpg,3075,3485,512,8.812923024107548,33.12121139114927,41.395748766650044,48.758445096985405,67.26310476079173,232.85109570925832,35,129222.0
1_patch_y03485_x03280.jpg,1_patch_y03485_x03280.png,1.jpg,3280,3485,512,16.312788383647018,33.16743834924821,45.38834193249951,49.81509683508437,106.22357951718165,307.85112030463216,21,155975.0
1_patch_y03485_x03336.jpg,1_patch_y03485_x03336.png,1.jpg,3336,3485,512,6.180387232371033,33.028757474951384,45.07433769625234,58.00303947264056,117.18983714940154,307.85112030463216,18,147312.0
1_patch_y03690_x00000.jpg,1_patch_y03690_x00000.png,1.jpg,0,3690,512,2.985410660720923,18.704768964126316,27.86366814544338,43.61157702423134,81.45834742141244,206.4502210219441,39,149476.0
1_patch_y03690_x00205.jpg,1_patch_y03690_x00205.png,1.jpg,205,3690,512,8.136857890256438,26.654599339742866,36.511392788247825,52.50298671839181,88.72677220037654,304.2148739766352,31,163126.0
1_patch_y03690_x00410.jpg,1_patch_y03690_x00410.png,1.jpg,410,3690,512,1.1283791670955126,30.226633657427143,39.144327348833755,55.76489426860937,106.43831605455871,274.81998347027167,24,175235.0
1_patch_y03690_x00615.jpg,1_patch_y03690_x00615.png,1.jpg,615,3690,512,1.1283791670955126,38.436106325878626,49.81679882615735,67.66916303030705,112.89702226645905,405.4054515581272,18,202924.0
1_patch_y03690_x00820.jpg,1_patch_y03690_x00820.png,1.jpg,820,3690,512,4.222008245644752,8.667244841319219,39.75034936973935,52.648290465013666,106.16962696336648,481.74390659095246,11,226417.0
1_patch_y03690_x01025.jpg,1_patch_y03690_x01025.png,1.jpg,1025,3690,512,7.136496464611085,30.654031043817564,38.791119116525955,84.15010718577906,111.72097472138368,378.1484629476383,15,188659.0
1_patch_y03690_x01230.jpg,1_patch_y03690_x01230.png,1.jpg,1230,3690,512,3.742410318509555,33.74744656686197,44.588337391257575,67.60261825573596,100.49762262042654,205.51994710257273,30,146074.0
1_patch_y03690_x01435.jpg,1_patch_y03690_x01435.png,1.jpg,1435,3690,512,3.742410318509555,27.731260482590685,41.546597386313046,52.933796173231855,89.21906565835428,150.1973976259829,34,135155.0
1_patch_y03690_x01640.jpg,1_patch_y03690_x01640.png,1.jpg,1640,3690,512,3.5682482323055424,23.933705641879772,34.91474648613497,44.816247146977794,65.03132561358596,150.1973976259829,37,100512.0
1_patch_y03690_x01845.jpg,1_patch_y03690_x01845.png,1.jpg,1845,3690,512,4.222008245644752,26.26967516446403,34.355393433484295,44.02125153930676,55.98853238957037,154.20860863459808,26,60431.0
1_patch_y03690_x02050.jpg,1_patch_y03690_x02050.png,1.jpg,2050,3690,512,4.222008245644752,23.500651352366862,33.33768922365189,42.71274833531225,54.23296238433285,154.20860863459808,28,63953.0
1_patch_y03690_x02255.jpg,1_patch_y03690_x02255.png,1.jpg,2255,3690,512,12.766152972845846,27.099877799990473,35.11315974029424,44.61130632385505,78.35793534758672,259.62776187808623,24,117012.0
1_patch_y03690_x02460.jpg,1_patch_y03690_x02460.png,1.jpg,2460,3690,512,1.5957691216057308,21.970185951199912,38.34736131116913,61.977956920358274,88.52036416003854,303.5633575552349,25,171371.0
1_patch_y03690_x02665.jpg,1_patch_y03690_x02665.png,1.jpg,2665,3690,512,1.1283791670955126,27.758097248854654,49.79508710285013,81.30003056466907,112.58715216925636,248.2023813996677,20,146495.0
1_patch_y03690_x02870.jpg,1_patch_y03690_x02870.png,1.jpg,2870,3690,512,1.1283791670955126,22.847936741452536,47.24393000080264,50.487875460944046,97.7856276809689,166.17466487469204,26,102040.0
1_patch_y03690_x03075.jpg,1_patch_y03690_x03075.png,1.jpg,3075,3690,512,1.1283791670955126,33.50393950864582,48.4471617411677,51.908864227492316,99.24780935527126,266.8038164401954,18,141201.0
1_patch_y03690_x03280.jpg,1_patch_y03690_x03280.png,1.jpg,3280,3690,512,17.000746355818674,36.573197057743904,50.3398215502377,63.9357451267401,103.73169705981027,368.20794831520084,12,176934.0
1_patch_y03690_x03336.jpg,1_patch_y03690_x03336.png,1.jpg,3336,3690,512,6.180387232371033,20.18785779640564,47.717410382056485,63.9357451267401,103.73169705981027,376.9276251474189,12,179293.0
1_patch_y03895_x00000.jpg,1_patch_y03895_x00000.png,1.jpg,0,3895,512,1.5957691216057308,16.820755670995243,28.133908672128932,45.69671473649994,61.7773697880267,250.95467240367404,37,161111.0
1_patch_y03895_x00205.jpg,1_patch_y03895_x00205.png,1.jpg,205,3895,512,5.970821321441846,24.767781347901643,32.87227516615335,46.468590001524426,63.9564151249091,234.2195530361614,35,168446.0
1_patch_y03895_x00410.jpg,1_patch_y03895_x00410.png,1.jpg,410,3895,512,16.39065416446578,27.83208041501,36.56422035506672,59.9617894028435,118.57274496554253,261.3824032542055,25,173285.0
1_patch_y03895_x00615.jpg,1_patch_y03895_x00615.png,1.jpg,615,3895,512,24.64417299969047,37.55994429663814,63.017728775551504,86.2749000493293,115.67950386808616,263.81640061576576,16,197452.0
1_patch_y03895_x00820.jpg,1_patch_y03895_x00820.png,1.jpg,820,3895,512,4.222008245644752,37.09765616410222,48.221757818754526,82.6755330704663,194.9385674323799,343.26288349955075,10,213542.0
1_patch_y03895_x01025.jpg,1_patch_y03895_x01025.png,1.jpg,1025,3895,512,14.625465582862905,35.824587472984774,49.094292993118565,91.15286627948726,135.47826867178338,333.11274302135934,14,196582.0
1_patch_y03895_x01230.jpg,1_patch_y03895_x01230.png,1.jpg,1230,3895,512,21.43920417481474,46.494556365492635,55.90445965578781,90.61190002942695,135.72530918007962,228.67711153899478,20,168409.0
1_patch_y03895_x01435.jpg,1_patch_y03895_x01435.png,1.jpg,1435,3895,512,13.013103375051497,28.900607975374268,42.0538907550436,58.196367489694175,88.39610334194428,317.4357428045643,26,161611.0
1_patch_y03895_x01640.jpg,1_patch_y03895_x01640.png,1.jpg,1640,3895,512,4.787307364817192,26.26967516446403,34.81443812827454,42.630260094808435,51.84367434443099,278.8854797756458,29,116477.0
1_patch_y03895_x01845.jpg,1_patch_y03895_x01845.png,1.jpg,1845,3895,512,12.257335203001883,28.420650928313865,32.40338463238855,45.90305107388237,74.44169472274275,128.12446078040858,29,74707.0
1_patch_y03895_x02050.jpg,1_patch_y03895_x02050.png,1.jpg,2050,3895,512,6.4820448144285745,22.830408836813078,28.975340950717886,35.023399337769966,53.69264230629362,128.12446078040858,39,80910.0
1_patch_y03895_x02255.jpg,1_patch_y03895_x02255.png,1.jpg,2255,3895,512,3.742410318509555,26.429040761928604,31.10756895021373,44.611306323855054,58.143460082285785,211.41080326898722,39,130407.0
1_patch_y03895_x02460.jpg,1_patch_y03895_x02460.png,1.jpg,2460,3895,512,1.5957691216057308,23.184814088503717,31.20672010238517,50.658504907180415,72.68563919654517,305.4574717988373,34,172577.0
1_patch_y03895_x02665.jpg,1_patch_y03895_x02665.png,1.jpg,2665,3895,512,3.5682482323055424,28.76813695875796,42.37060016186435,78.80094707345457,112.27797973076842,285.9745604033412,21,162986.0
1_patch_y03895_x02870.jpg,1_patch_y03895_x02870.png,1.jpg,2870,3895,512,2.763953195770684,28.70162078773564,35.63223162234027,49.40406047518172,95.92825237219294,168.0413836622885,28,129401.0
1_patch_y03895_x03075.jpg,1_patch_y03895_x03075.png,1.jpg,3075,3895,512,3.5682482323055424,32.095956565886546,37.85583875276033,49.17195226415488,83.8202967446383,347.0109939804905,22,158613.0
1_patch_y03895_x03280.jpg,1_patch_y03895_x03280.png,1.jpg,3280,3895,512,16.273715780512877,28.528443075911643,45.072679878943525,50.72814824412239,76.47449751724254,479.86106833634557,14,208803.0
1_patch_y03895_x03336.jpg,1_patch_y03895_x03336.png,1.jpg,3336,3895,512,6.180387232371033,20.3220008821552,38.92082104493003,53.643720851717816,82.82430125863456,490.9486857260033,13,217272.0
1_patch_y04100_x00000.jpg,1_patch_y04100_x00000.png,1.jpg,0,4100,512,1.5957691216057308,22.680140565547774,28.944630252185586,42.445658856946196,67.72155373391884,250.95467240367404,36,152667.0
1_patch_y04100_x00205.jpg,1_patch_y04100_x00205.png,1.jpg,205,4100,512,2.5231325220201604,26.635483531802166,30.0015095678572,46.53576759869427,67.49785344440362,234.2195530361614,37,163686.0
1_patch_y04100_x00410.jpg,1_patch_y04100_x00410.png,1.jpg,410,4100,512,23.642169108157916,28.97344715712373,37.674309304292905,53.60691795344386,76.85475370468635,262.73067707877607,30,174646.0
1_patch_y04100_x00615.jpg,1_patch_y04100_x00615.png,1.jpg,615,4100,512,12.865501965161373,30.54953646485408,37.18637978520849,56.825918402648696,110.24233983066556,265.3491036801415,28,186376.0
1_patch_y04100_x00820.jpg,1_patch_y04100_x00820.png,1.jpg,820,4100,512,4.222008245644752,28.039788284653113,38.23844204393477,46.21488145360982,70.74111801275544,354.6486926341592,25,188921.0
1_patch_y04100_x01025.jpg,1_patch_y04100_x01025.png,1.jpg,1025,4100,512,5.970821321441846,36.754688911266925,38.826738479640966,58.11974287780691,125.3517021088132,344.5217120572317,21,186649.0
1_patch_y04100_x01230.jpg,1_patch_y04100_x01230.png,1.jpg,1230,4100,512,23.66908109081279,38.123861558499755,46.494556365492635,63.33620982459464,109.07811088325192,268.0797136357608,23,178330.0
1_patch_y04100_x01435.jpg,1_patch_y04100_x01435.png,1.jpg,1435,4100,512,1.5957691216057308,30.569836357948223,40.740441782624124,57.4763749962608,83.33756895827901,360.0148506601646,27,175681.0
1_patch_y04100_x01640.jpg,1_patch_y04100_x01640.png,1.jpg,1640,4100,512,14.96964127403822,27.938139411485867,31.356692018901306,42.013264161690714,66.71290645629614,315.9582563322332,27,127134.0
1_patch_y04100_x01845.jpg,1_patch_y04100_x01845.png,1.jpg,1845,4100,512,4.652426491681278,26.028644459028534,30.51353040119943,37.453102294218496,66.34230607385447,206.20955621774718,28,99315.0
1_patch_y04100_x02050.jpg,1_patch_y04100_x02050.png,1.jpg,2050,4100,512,4.787307364817192,20.458100222684987,28.900557568047645,35.001576758865426,51.937246081418174,262.25289414601184,40,122261.0
1_patch_y04100_x02255.jpg,1_patch_y04100_x02255.png,1.jpg,2255,4100,512,2.5231325220201604,23.11881981008365,32.036864753652914,46.15323200997741,84.7949331601383,240.77348215976087,38,155972.0
1_patch_y04100_x02460.jpg,1_patch_y04100_x02460.png,1.jpg,2460,4100,512,1.5957691216057308,17.963569528845866,34.03040952757183,52.058978762680816,88.88142544301185,305.89691175570334,33,180678.0
1_patch_y04100_x02665.jpg,1_patch_y04100_x02665.png,1.jpg,2665,4100,512,2.5231325220201604,19.181117277123835,34.57794653122199,41.85800738619768,75.73626059432392,286.44389108833053,27,173994.0
1_patch_y04100_x02870.jpg,1_patch_y04100_x02870.png,1.jpg,2870,4100,512,3.5682482323055424,28.254578293596012,39.46101827387509,44.97974695998382,89.22761272851007,179.43002850184615,31,135893.0
1_patch_y04100_x03075.jpg,1_patch_y04100_x03075.png,1.jpg,3075,4100,512,2.5231325220201604,34.18571290955194,40.769949057761394,64.96575022379784,87.71032855485602,292.5593647718901,25,141464.0
1_patch_y04100_x03280.jpg,1_patch_y04100_x03280.png,1.jpg,3280,4100,512,29.229158977248975,40.61036418307079,45.67947547473902,70.61224840692351,115.4750100969061,397.0788574354959,12,187958.0
1_patch_y04100_x03336.jpg,1_patch_y04100_x03336.png,1.jpg,3336,4100,512,22.36924542940416,41.66212241593253,45.165032463189696,76.3419198970442,144.38176042513945,406.1177549755228,10,199511.0
1_patch_y04305_x00000.jpg,1_patch_y04305_x00000.png,1.jpg,0,4305,512,16.15593100600236,23.600255834176696,36.505067188888226,50.086798917479854,71.33277300311563,197.0209481256775,37,109457.0
1_patch_y04305_x00205.jpg,1_patch_y04305_x00205.png,1.jpg,205,4305,512,12.205286835384658,24.289987653056166,41.318982418616024,62.6938006893202,71.81637523389266,226.9108502243673,37,154537.0
1_patch_y04305_x00410.jpg,1_patch_y04305_x00410.png,1.jpg,410,4305,512,1.5957691216057308,27.937355653723827,37.390065794529015,53.60691795344386,97.596644584554,226.9108502243673,36,176682.0
1_patch_y04305_x00615.jpg,1_patch_y04305_x00615.png,1.jpg,615,4305,512,12.865501965161373,29.106849309787048,35.02301657258328,58.90323217519616,120.3184505187261,155.89202413965907,35,186954.0
1_patch_y04305_x00820.jpg,1_patch_y04305_x00820.png,1.jpg,820,4305,512,10.341765891652821,27.8916278743363,34.70818419790881,45.592640712704934,73.39919169298958,223.40767702480233,38,179569.0
1_patch_y04305_x01025.jpg,1_patch_y04305_x01025.png,1.jpg,1025,4305,512,11.507254783503184,33.83888945610303,40.87927039271023,66.04303197885005,124.91106425719178,211.48607218315064,27,173121.0
1_patch_y04305_x01230.jpg,1_patch_y04305_x01230.png,1.jpg,1230,4305,512,4.51351666838205,18.00117661354372,36.144291458093974,55.536108314115076,103.53940905713344,226.014093664034,32,162548.0
1_patch_y04305_x01435.jpg,1_patch_y04305_x01435.png,1.jpg,1435,4305,512,1.5957691216057308,21.11004122822376,31.895429080722444,44.25203294542162,69.29203650634248,279.81755806862594,36,140956.0
1_patch_y04305_x01640.jpg,1_patch_y04305_x01640.png,1.jpg,1640,4305,512,18.437867513470433,26.123866405607867,30.984231743425763,36.52882482208332,61.10983214433036,230.74457315869924,41,109627.0
1_patch_y04305_x01845.jpg,1_patch_y04305_x01845.png,1.jpg,1845,4305,512,4.652426491681278,25.925132575937667,31.889233401357522,41.204682652736054,53.102635875442004,210.22706257116909,35,118801.0
1_patch_y04305_x02050.jpg,1_patch_y04305_x02050.png,1.jpg,2050,4305,512,4.787307364817192,25.516702168606585,36.451617804514704,47.72653015814736,75.85070811987732,265.4234677826007,30,160135.0
1_patch_y04305_x02255.jpg,1_patch_y04305_x02255.png,1.jpg,2255,4305,512,4.787307364817192,34.03040952757183,53.95255887643009,77.6552524125698,101.22806238847747,243.97791284440808,25,176441.0
1_patch_y04305_x02460.jpg,1_patch_y04305_x02460.png,1.jpg,2460,4305,512,25.60699837034026,38.77202786124505,53.95255887643009,90.98361794509174,102.86927932861448,191.00963105138464,25,168748.0
1_patch_y04305_x02665.jpg,1_patch_y04305_x02665.png,1.jpg,2665,4305,512,15.756957549709801,31.044755479057503,42.745093596863484,66.53939420372242,97.21856336288431,219.6661837114971,27,169395.0
1_patch_y04305_x02870.jpg,1_patch_y04305_x02870.png,1.jpg,2870,4305,512,6.076507779746499,34.39243429969688,42.37060016186435,56.87971240409051,74.37893399259148,217.15363174216427,31,135981.0
1_patch_y04305_x03075.jpg,1_patch_y04305_x03075.png,1.jpg,3075,4305,512,12.6156626101008,37.06682797778212,42.39658027984631,61.29097068950356,83.20323630895513,134.27712088436598,33,109818.0
1_patch_y04305_x03280.jpg,1_patch_y04305_x03280.png,1.jpg,3280,4305,512,25.13019725725687,40.14449566986345,46.029339732116625,69.04904885017406,88.17656088140622,215.65330419679768,25,130990.0
1_patch_y04305_x03336.jpg,1_patch_y04305_x03336.png,1.jpg,3336,4305,512,22.36924542940416,40.57449814291492,47.48750350667831,64.88163671946434,90.71322099129732,248.6201121757006,22,132960.0
1_patch_y04510_x00000.jpg,1_patch_y04510_x00000.png,1.jpg,0,4510,512,17.407785949022028,25.417110923372377,41.893278256134614,52.53814329863493,83.04881837215872,215.8981854791966,24,120126.0
1_patch_y04510_x00205.jpg,1_patch_y04510_x00205.png,1.jpg,205,4510,512,10.585134856802455,23.607664441964832,45.3254297275475,64.52541301458153,104.37842138560234,255.6320527515818,24,171828.0
1_patch_y04510_x00410.jpg,1_patch_y04510_x00410.png,1.jpg,410,4510,512,2.5231325220201604,22.454031232560844,32.78592537195839,53.11160446596327,81.16696264421296,268.75566251389205,29,188189.0
1_patch_y04510_x00615.jpg,1_patch_y04510_x00615.png,1.jpg,615,4510,512,2.5231325220201604,24.888704512545598,32.94390414376867,53.037423225903105,97.69827060541782,265.30831451651494,39,181810.0
1_patch_y04510_x00820.jpg,1_patch_y04510_x00820.png,1.jpg,820,4510,512,1.1283791670955126,28.555480164827213,38.23844204393477,48.636816885674364,88.73159305194726,180.30425756404898,40,165926.0
1_patch_y04510_x01025.jpg,1_patch_y04510_x01025.png,1.jpg,1025,4510,512,1.1283791670955126,37.07461887782153,48.96555517195681,69.48090997615266,88.81339806909504,293.10504096903617,25,181092.0
1_patch_y04510_x01230.jpg,1_patch_y04510_x01230.png,1.jpg,1230,4510,512,1.1283791670955126,17.34892293920382,32.250434702100314,43.70905753043138,83.51234956071382,299.94092710381676,33,158174.0
1_patch_y04510_x01435.jpg,1_patch_y04510_x01435.png,1.jpg,1435,4510,512,14.96964127403822,23.727292328390888,30.540708389520674,41.67561787133021,67.68104330609846,196.849618502221,35,100517.0
1_patch_y04510_x01640.jpg,1_patch_y04510_x01640.png,1.jpg,1640,4510,512,3.9088200952233594,23.398473400941636,27.749747493477646,34.72870393744919,50.2849481942284,104.9210612974355,54,70859.0
1_patch_y04510_x01845.jpg,1_patch_y04510_x01845.png,1.jpg,1845,4510,512,3.9088200952233594,23.118210039814794,28.716382279470555,35.53564452784884,47.386301178476955,240.5883266977125,45,113223.0
1_patch_y04510_x02050.jpg,1_patch_y04510_x02050.png,1.jpg,2050,4510,512,3.9088200952233594,26.544307412420313,36.15726280223741,52.941665131622955,76.47797095298961,289.7276940599566,33,161752.0
1_patch_y04510_x02255.jpg,1_patch_y04510_x02255.png,1.jpg,2255,4510,512,23.04215463350949,46.306281268369816,56.37644601039647,84.89335810801859,141.6705763210006,241.9445971068565,20,172715.0
1_patch_y04510_x02460.jpg,1_patch_y04510_x02460.png,1.jpg,2460,4510,512,30.77808020788433,61.324005856853184,71.23357484366693,96.69728018532818,151.0580309258326,186.94011282853666,19,170233.0
1_patch_y04510_x02665.jpg,1_patch_y04510_x02665.png,1.jpg,2665,4510,512,1.5957691216057308,31.068764767859378,50.01121378379169,67.8948842892186,122.39399822429232,239.84096687511482,23,176951.0
1_patch_y04510_x02870.jpg,1_patch_y04510_x02870.png,1.jpg,2870,4510,512,1.5957691216057308,28.21387015117223,49.69487817620285,67.45336855908786,103.784536918444,217.15363174216427,24,154110.0
1_patch_y04510_x03075.jpg,1_patch_y04510_x03075.png,1.jpg,3075,4510,512,5.046265044040321,27.163338612017636,37.93277795069551,67.5301876128203,76.04326579859641,153.40147739117535,30,108601.0
1_patch_y04510_x03280.jpg,1_patch_y04510_x03280.png,1.jpg,3280,4510,512,5.046265044040321,29.639813914295196,37.1656836815423,47.80450450558657,69.28733570870008,164.05406882065398,30,92837.0
1_patch_y04510_x03336.jpg,1_patch_y04510_x03336.png,1.jpg,3336,4510,512,5.046265044040321,30.843785647851732,39.99082544295714,49.680571819419605,70.91914139734175,184.65124361472067,25,89630.0
1_patch_y04715_x00000.jpg,1_patch_y04715_x00000.png,1.jpg,0,4715,512,7.136496464611085,18.09889261531206,30.00835747213957,45.14687507219377,106.9594914546333,380.2587568188187,14,166558.0
1_patch_y04715_x00205.jpg,1_patch_y04715_x00205.png,1.jpg,205,4715,512,7.136496464611085,22.65177679169194,34.759950310157464,47.02658012044523,75.43986857401052,390.608296282483,27,196126.0
1_patch_y04715_x00410.jpg,1_patch_y04715_x00410.png,1.jpg,410,4715,512,7.136496464611085,23.09734550211416,32.01496265048276,42.67004275802032,60.04843370721655,275.5117455544794,36,179742.0
1_patch_y04715_x00615.jpg,1_patch_y04715_x00615.png,1.jpg,615,4715,512,1.1283791670955126,28.699811996555642,35.671773116708735,46.308294244406696,75.71906565465494,272.1499909182235,39,167641.0
1_patch_y04715_x00820.jpg,1_patch_y04715_x00820.png,1.jpg,820,4715,512,1.1283791670955126,29.54974797665524,38.20239147182679,47.763771647896334,78.26044092942604,203.16779469386688,40,149667.0
1_patch_y04715_x01025.jpg,1_patch_y04715_x01025.png,1.jpg,1025,4715,512,1.1283791670955126,34.997949111844065,49.62303174452167,62.36783473206299,82.30982698035395,357.97373364518023,26,181166.0
1_patch_y04715_x01230.jpg,1_patch_y04715_x01230.png,1.jpg,1230,4715,512,1.1283791670955126,14.914876671614776,29.418524144794638,35.61094807690587,56.89960493680267,369.35936969139954,33,152249.0
1_patch_y04715_x01435.jpg,1_patch_y04715_x01435.png,1.jpg,1435,4715,512,11.055812783082736,25.426247679613553,31.835343445196813,36.0493194878567,54.3543249615516,245.92971527249347,37,93389.0
1_patch_y04715_x01640.jpg,1_patch_y04715_x01640.png,1.jpg,1640,4715,512,11.055812783082736,24.279825147895533,29.25093116572581,34.92511251028815,50.057321382978536,100.48278255377804,51,73334.0
1_patch_y04715_x01845.jpg,1_patch_y04715_x01845.png,1.jpg,1845,4715,512,7.136496464611085,25.190792314459134,30.994885385128114,39.14026260424477,56.92626743194437,234.57534696727942,45,123478.0
1_patch_y04715_x02050.jpg,1_patch_y04715_x02050.png,1.jpg,2050,4715,512,5.170882945826411,22.25347207515224,29.406597065549267,41.23696019291241,62.96971079416036,269.174607889933,32,158512.0
1_patch_y04715_x02255.jpg,1_patch_y04715_x02255.png,1.jpg,2255,4715,512,13.110581167104948,38.902549956245316,46.687673239978224,57.16772568059324,149.6790747782009,237.46953370131578,19,170052.0
1_patch_y04715_x02460.jpg,1_patch_y04715_x02460.png,1.jpg,2460,4715,512,21.909160375631842,36.961953837707625,61.224318858606495,75.18765575960008,164.83221361464402,229.25265958670587,16,171092.0
1_patch_y04715_x02665.jpg,1_patch_y04715_x02665.png,1.jpg,2665,4715,512,1.5957691216057308,22.05396803500069,34.906879612929465,55.40560027972332,82.25566813735486,305.503319700002,26,179568.0
1_patch_y04715_x02870.jpg,1_patch_y04715_x02870.png,1.jpg,2870,4715,512,7.817640190446719,26.776270016381744,39.292723021411845,49.498701146683175,66.02207478197818,276.42986683294697,33,154111.0
1_patch_y04715_x03075.jpg,1_patch_y04715_x03075.png,1.jpg,3075,4715,512,5.970821321441846,27.632577241649223,37.416843624519174,47.9281156371781,67.97072471116648,160.76532436622978,38,115728.0
1_patch_y04715_x03280.jpg,1_patch_y04715_x03280.png,1.jpg,3280,4715,512,5.046265044040321,28.4850073175448,37.29418315041114,44.69847210658508,60.187660140043526,159.09746116558566,37,90521.0
1_patch_y04715_x03336.jpg,1_patch_y04715_x03336.png,1.jpg,3336,4715,512,5.046265044040321,28.4850073175448,37.59030918965704,44.479939344425134,60.65328938756891,142.00103756652896,32,79537.0
1_patch_y04920_x00000.jpg,1_patch_y04920_x00000.png,1.jpg,0,4920,512,7.735777827895049,22.992273965806834,28.373951922616662,37.98091346358467,103.63801687129268,379.9539347608493,17,190839.0
1_patch_y04920_x00205.jpg,1_patch_y04920_x00205.png,1.jpg,205,4920,512,10.585134856802455,22.959119571977435,28.79025779013781,39.573787284315486,65.73716616063658,381.6157657221704,31,204348.0
1_patch_y04920_x00410.jpg,1_patch_y04920_x00410.png,1.jpg,410,4920,512,15.430353037616328,24.817521010140716,33.06265913347738,42.56495860969703,86.69904094640663,252.42928961555938,29,188685.0
1_patch_y04920_x00615.jpg,1_patch_y04920_x00615.png,1.jpg,615,4920,512,1.1283791670955126,28.299605538565682,31.83549399034338,43.77471318953923,119.32576347450421,306.692959435508,26,183085.0
1_patch_y04920_x00820.jpg,1_patch_y04920_x00820.png,1.jpg,820,4920,512,8.812923024107548,29.79290251610386,35.068521907245284,44.178390277593614,94.30701471041873,297.6847310058455,23,169879.0
1_patch_y04920_x01025.jpg,1_patch_y04920_x01025.png,1.jpg,1025,4920,512,5.046265044040321,25.05408341078227,43.17432910297829,57.735094423726856,138.7493492467466,295.37035539268,21,184453.0
1_patch_y04920_x01230.jpg,1_patch_y04920_x01230.png,1.jpg,1230,4920,512,10.403141895720198,27.553493707525938,35.215480565686065,53.23659827104342,62.26756882321148,305.9718242670182,28,159148.0
1_patch_y04920_x01435.jpg,1_patch_y04920_x01435.png,1.jpg,1435,4920,512,3.5682482323055424,29.459354156184226,35.179269034941946,48.3198517527583,61.18855951544401,205.58498653229455,40,109527.0
1_patch_y04920_x01640.jpg,1_patch_y04920_x01640.png,1.jpg,1640,4920,512,12.257335203001883,25.2313252202016,32.19343084255579,44.10793607000138,58.72994063241981,209.24665221779006,41,111763.0
1_patch_y04920_x01845.jpg,1_patch_y04920_x01845.png,1.jpg,1845,4920,512,6.6755811781245455,25.945358168526614,35.30775006968707,46.12404987306639,62.6961804208882,237.19056162433594,40,134030.0
1_patch_y04920_x02050.jpg,1_patch_y04920_x02050.png,1.jpg,2050,4920,512,20.435815879801165,27.864457711974122,36.493049201513834,43.35638298951976,57.118974492735106,222.37945929764675,40,139432.0
1_patch_y04920_x02255.jpg,1_patch_y04920_x02255.png,1.jpg,2255,4920,512,19.706294962377495,32.183333356467436,41.77980648865534,50.41737992452287,57.32284351476351,237.46953370131578,35,136857.0
1_patch_y04920_x02460.jpg,1_patch_y04920_x02460.png,1.jpg,2460,4920,512,19.706294962377495,31.52488166086968,43.500610876655166,52.72289324960708,64.25611818745851,237.23886872827802,23,161026.0
1_patch_y04920_x02665.jpg,1_patch_y04920_x02665.png,1.jpg,2665,4920,512,1.5957691216057308,15.70171464139247,37.183576427008184,47.2085440640975,71.31191516282546,277.38396797281905,29,182789.0
1_patch_y04920_x02870.jpg,1_patch_y04920_x02870.png,1.jpg,2870,4920,512,1.1283791670955126,29.35954992478095,39.94207242436425,51.039671908508026,81.79776162941917,253.8025513016789,41,159876.0
1_patch_y04920_x03075.jpg,1_patch_y04920_x03075.png,1.jpg,3075,4920,512,1.1283791670955126,28.551115546676773,39.2459431307523,45.1573659029687,56.3451345584169,160.76532436622978,44,118679.0
1_patch_y04920_x03280.jpg,1_patch_y04920_x03280.png,1.jpg,3280,4920,512,1.1283791670955126,27.971171386259172,38.51412407362455,44.39874022610913,52.29745275517129,159.09746116558566,37,92767.0
1_patch_y04920_x03336.jpg,1_patch_y04920_x03336.png,1.jpg,3336,4920,512,1.1283791670955126,30.37847600098467,41.17529123016087,46.08607377553462,61.55229845081336,142.00103756652896,32,84506.0
1_patch_y05125_x00000.jpg,1_patch_y05125_x00000.png,1.jpg,0,5125,512,3.1915382432114616,22.41602864979139,28.00503813362342,41.23818591128939,97.62574228528501,248.1869913899552,28,177581.0
1_patch_y05125_x00205.jpg,1_patch_y05125_x00205.png,1.jpg,205,5125,512,16.96325844612841,24.88055039211121,30.805398000428134,44.90742959349914,82.30330348086007,219.83131469475202,33,178205.0
1_patch_y05125_x00410.jpg,1_patch_y05125_x00410.png,1.jpg,410,5125,512,2.5231325220201604,27.365718872347152,36.09055914897221,58.50156213081846,99.48196268501904,266.10855634408966,24,186149.0
1_patch_y05125_x00615.jpg,1_patch_y05125_x00615.png,1.jpg,615,5125,512,7.735777827895049,25.68147355921802,42.505610382385946,81.70431404183293,111.30418127938022,401.85034306221013,16,199509.0
1_patch_y05125_x00820.jpg,1_patch_y05125_x00820.png,1.jpg,820,5125,512,25.05408341078227,30.13288375529619,43.31937512793224,52.125050088126244,81.63151950976074,376.5288170468704,20,184590.0
1_patch_y05125_x01025.jpg,1_patch_y05125_x01025.png,1.jpg,1025,5125,512,4.222008245644752,25.05408341078227,30.277590264241923,45.54236728995958,77.41536370171241,205.18823559297357,36,164968.0
1_patch_y05125_x01230.jpg,1_patch_y05125_x01230.png,1.jpg,1230,5125,512,9.706684619910241,23.882744318592394,28.521093635051155,42.75870639993506,55.546392665790954,191.0362925486777,50,141121.0
1_patch_y05125_x01435.jpg,1_patch_y05125_x01435.png,1.jpg,1435,5125,512,3.5682482323055424,22.470514593895146,28.037438741865955,37.06096539069113,54.974160192974495,121.04726630871204,67,116960.0
1_patch_y05125_x01640.jpg,1_patch_y05125_x01640.png,1.jpg,1640,5125,512,1.9544100476116797,21.5326770073802,31.220120171834797,43.86433676221045,58.317018191558184,236.00664635553048,40,151509.0
1_patch_y05125_x01845.jpg,1_patch_y05125_x01845.png,1.jpg,1845,5125,512,3.385137501286538,15.952384722700963,30.267028588711923,44.70914806227578,120.25490357780225,263.35750932972945,22,162211.0
1_patch_y05125_x02050.jpg,1_patch_y05125_x02050.png,1.jpg,2050,5125,512,15.054455784347004,29.596828525620367,36.72348944266585,43.15937977689656,116.67617438649326,241.9788011030732,22,152862.0
1_patch_y05125_x02255.jpg,1_patch_y05125_x02255.png,1.jpg,2255,5125,512,9.0270333367641,29.31733517030932,36.87904786713135,48.334200328016436,113.28380466063163,240.2732349584151,25,135001.0
1_patch_y05125_x02460.jpg,1_patch_y05125_x02460.png,1.jpg,2460,5125,512,25.60699837034026,38.19032140006791,43.25560442154841,52.995346798923755,113.22511599093205,207.82097727842935,25,146611.0
1_patch_y05125_x02665.jpg,1_patch_y05125_x02665.png,1.jpg,2665,5125,512,8.95623198216277,34.559833339229286,40.765197716613194,57.530042677635656,78.79809524593973,207.35176137813966,32,156785.0
1_patch_y05125_x02870.jpg,1_patch_y05125_x02870.png,1.jpg,2870,5125,512,1.1283791670955126,36.71556025612494,45.977142480116036,53.757130234839984,76.35765446550232,151.74077872144548,43,134442.0
1_patch_y05125_x03075.jpg,1_patch_y05125_x03075.png,1.jpg,3075,5125,512,1.1283791670955126,34.29343389796226,44.061105043068665,49.80456386663072,61.112524962465805,157.60593351215647,40,115447.0
1_patch_y05125_x03280.jpg,1_patch_y05125_x03280.png,1.jpg,3280,5125,512,1.1283791670955126,29.264856644918833,42.2140230482528,48.830984494989224,55.27269662566624,157.60593351215647,39,100834.0
1_patch_y05125_x03336.jpg,1_patch_y05125_x03336.png,1.jpg,3336,5125,512,1.1283791670955126,31.253366290780075,42.45112207404528,49.956715574041034,65.43378880017308,157.60593351215647,35,100434.0
1_patch_y05330_x00000.jpg,1_patch_y05330_x00000.png,1.jpg,0,5330,512,15.389040103942165,22.696799576670823,31.88793384304582,43.6712776868737,67.81900538530411,194.16976118632093,42,154280.0
1_patch_y05330_x00205.jpg,1_patch_y05330_x00205.png,1.jpg,205,5330,512,1.1283791670955126,15.70626423867988,27.730908501685985,38.94388281116135,67.28263997036515,286.8614156282325,39,167327.0
1_patch_y05330_x00410.jpg,1_patch_y05330_x00410.png,1.jpg,410,5330,512,1.1283791670955126,16.35801682718575,34.481015714786565,45.456941988432895,73.73219640326093,367.887950178738,19,195701.0
1_patch_y05330_x00615.jpg,1_patch_y05330_x00615.png,1.jpg,615,5330,512,13.446189622059965,29.55809640797062,47.39681938668815,54.74954825437636,132.78327451111164,329.9366020256349,12,193875.0
1_patch_y05330_x00820.jpg,1_patch_y05330_x00820.png,1.jpg,820,5330,512,9.0270333367641,28.65673364258012,41.28814333917716,50.49403056878659,104.60104957426957,303.4836551570899,22,172485.0
1_patch_y05330_x01025.jpg,1_patch_y05330_x01025.png,1.jpg,1025,5330,512,4.222008245644752,24.723381313363458,29.23786461393424,41.218375956296526,65.11064501567682,210.15134272396133,39,152155.0
1_patch_y05330_x01230.jpg,1_patch_y05330_x01230.png,1.jpg,1230,5330,512,2.256758334191025,24.488687706168772,31.209425687160593,42.295408265589586,54.38506653870879,205.43319583210427,56,136629.0
1_patch_y05330_x01435.jpg,1_patch_y05330_x01435.png,1.jpg,1435,5330,512,3.5682482323055424,24.074356248130915,29.699853499305018,39.11937591437158,54.08837556883159,131.59049284959082,67,118556.0
1_patch_y05330_x01640.jpg,1_patch_y05330_x01640.png,1.jpg,1640,5330,512,1.9544100476116797,28.339485647546926,34.51392696074133,44.02673630073774,62.31307528727545,324.0393784329605,39,170250.0
1_patch_y05330_x01845.jpg,1_patch_y05330_x01845.png,1.jpg,1845,5330,512,3.385137501286538,17.309372075687612,27.312811691888925,38.09690725595434,87.35854572533711,358.048418570379,24,171360.0
1_patch_y05330_x02050.jpg,1_patch_y05330_x02050.png,1.jpg,2050,5330,512,8.136857890256438,24.747287144606645,32.37091511398834,60.86975501165849,109.2315328726701,262.7864022125213,21,166277.0
1_patch_y05330_x02255.jpg,1_patch_y05330_x02255.png,1.jpg,2255,5330,512,9.0270333367641,23.949164682542722,34.214218459211956,50.25602005326604,75.46981764968132,240.2732349584151,32,138052.0
1_patch_y05330_x02460.jpg,1_patch_y05330_x02460.png,1.jpg,2460,5330,512,7.898654169668588,34.06981648974771,42.053019501869954,49.808127043883125,78.24169850102138,211.94012809921534,35,148111.0
1_patch_y05330_x02665.jpg,1_patch_y05330_x02665.png,1.jpg,2665,5330,512,8.667244841319219,29.377090322475162,40.890027901046885,52.92593965890124,80.58555766837014,214.21380252508303,35,141487.0
1_patch_y05330_x02870.jpg,1_patch_y05330_x02870.png,1.jpg,2870,5330,512,7.653039857325812,30.68638682840924,43.78548124341755,53.24126480326963,91.6254631412602,147.8219776174871,35,117492.0
1_patch_y05330_x03075.jpg,1_patch_y05330_x03075.png,1.jpg,3075,5330,512,11.941642642883693,30.54531705040984,37.471877058230554,50.91109830610254,80.58450098398214,157.60593351215647,32,99061.0
1_patch_y05330_x03280.jpg,1_patch_y05330_x03280.png,1.jpg,3280,5330,512,21.320096563347295,31.134544770056138,40.71438567966123,48.602391773910874,55.858764823986505,157.60593351215647,29,85568.0
1_patch_y05330_x03336.jpg,1_patch_y05330_x03336.png,1.jpg,3336,5330,512,25.557227675339483,32.81521435888676,41.18080120170391,51.869760702577935,69.03415084976186,157.60593351215647,28,88098.0
1_patch_y05535_x00000.jpg,1_patch_y05535_x00000.png,1.jpg,0,5535,512,6.770275002573076,22.237941508506218,26.505654945566576,36.95161563335629,54.0029058902268,144.11482732085543,63,122977.0
1_patch_y05535_x00205.jpg,1_patch_y05535_x00205.png,1.jpg,205,5535,512,1.1283791670955126,19.121444522256734,24.61560380511703,32.24236280840178,47.70423716895216,286.8614156282325,48,153981.0
1_patch_y05535_x00410.jpg,1_patch_y05535_x00410.png,1.jpg,410,5535,512,2.5231325220201604,19.38054864282415,23.883285285767386,34.68733731168665,61.41120037505823,367.887950178738,21,194972.0
1_patch_y05535_x00615.jpg,1_patch_y05535_x00615.png,1.jpg,615,5535,512,1.1283791670955126,20.36300172658664,29.77530067656803,50.185929713998306,128.3703812499053,348.8279759584228,13,200150.0
1_patch_y05535_x00820.jpg,1_patch_y05535_x00820.png,1.jpg,820,5535,512,9.0270333367641,28.65673364258012,45.269764960682785,91.90030344171501,159.83204571747416,275.09088014933246,17,183637.0
1_patch_y05535_x01025.jpg,1_patch_y05535_x01025.png,1.jpg,1025,5535,512,3.385137501286538,25.129533625087745,29.363326745404258,42.195476462490255,61.90693416042387,293.3829233326072,29,173898.0
1_patch_y05535_x01230.jpg,1_patch_y05535_x01230.png,1.jpg,1230,5535,512,2.256758334191025,27.28557470021004,33.383098651237574,42.94759536697192,62.08164746302199,277.6340195270061,38,148711.0
1_patch_y05535_x01435.jpg,1_patch_y05535_x01435.png,1.jpg,1435,5535,512,8.667244841319219,26.711616147365167,31.037288628928476,49.49714510105941,65.02186213783752,169.02728224849477,42,128054.0
1_patch_y05535_x01640.jpg,1_patch_y05535_x01640.png,1.jpg,1640,5535,512,1.9544100476116797,27.44230485519873,36.24152274129848,49.40421220400611,82.10515880127845,292.67902229352256,29,162954.0
1_patch_y05535_x01845.jpg,1_patch_y05535_x01845.png,1.jpg,1845,5535,512,10.464157913908982,23.444512941513448,32.06034484981711,64.48158682930098,78.3553231217278,326.1445251507523,29,165602.0
1_patch_y05535_x02050.jpg,1_patch_y05535_x02050.png,1.jpg,2050,5535,512,8.136857890256438,31.314080052187336,45.005058524846696,66.94589761629419,80.90138447268167,237.5445855909432,33,161580.0
1_patch_y05535_x02255.jpg,1_patch_y05535_x02255.png,1.jpg,2255,5535,512,11.617374563210365,30.21311708131502,42.52375893629869,56.644843707363,70.77648111075226,158.9813769047737,39,131088.0
1_patch_y05535_x02460.jpg,1_patch_y05535_x02460.png,1.jpg,2460,5535,512,7.898654169668588,24.26424893228631,40.88078213473401,47.48033675926475,67.43888167212819,211.94012809921534,40,138609.0
1_patch_y05535_x02665.jpg,1_patch_y05535_x02665.png,1.jpg,2665,5535,512,2.985410660720923,30.411306689983974,39.55124663148359,45.600261228333316,58.98088491830448,214.21380252508303,37,123443.0
1_patch_y05535_x02870.jpg,1_patch_y05535_x02870.png,1.jpg,2870,5535,512,21.349935761383176,30.884714399078668,41.913508071422825,48.587734238535575,86.4734901494655,122.30818211016557,37,105911.0
1_patch_y05535_x03075.jpg,1_patch_y05535_x03075.png,1.jpg,3075,5535,512,18.643883600599406,30.997556814100623,40.86985752034212,52.027458623395944,91.49688682121669,119.40043208631876,32,96917.0
1_patch_y05535_x03280.jpg,1_patch_y05535_x03280.png,1.jpg,3280,5535,512,7.978845608028654,30.661698629147082,42.1214046993715,51.58152656488609,88.62256703650611,165.70277843842507,24,91270.0
1_patch_y05535_x03336.jpg,1_patch_y05535_x03336.png,1.jpg,3336,5535,512,4.652426491681278,31.618415002299642,44.03061620385148,51.544293243208486,79.76722436775454,165.70277843842507,22,84151.0
1_patch_y05740_x00000.jpg,1_patch_y05740_x00000.png,1.jpg,0,5740,512,6.770275002573076,21.75748786211062,25.017877345242333,34.4997144793751,43.68778617189084,154.801942725085,72,110999.0
1_patch_y05740_x00205.jpg,1_patch_y05740_x00205.png,1.jpg,205,5740,512,2.763953195770684,19.988234898763096,24.24944454544221,29.673963752199068,43.68778617189084,239.3361106855592,62,135937.0
1_patch_y05740_x00410.jpg,1_patch_y05740_x00410.png,1.jpg,410,5740,512,4.068428945128219,19.714959078152656,24.819210027871907,34.79298085677224,57.277551151504284,390.2234700683014,33,186868.0
1_patch_y05740_x00615.jpg,1_patch_y05740_x00615.png,1.jpg,615,5740,512,1.1283791670955126,20.026743534373637,23.23474912642073,36.92749046999213,149.81119268948737,432.340064491883,11,215689.0
1_patch_y05740_x00820.jpg,1_patch_y05740_x00820.png,1.jpg,820,5740,512,7.817640190446719,20.914846283459795,53.520664370209,92.3821327279742,158.4214267069027,356.60352321586663,10,207556.0
1_patch_y05740_x01025.jpg,1_patch_y05740_x01025.png,1.jpg,1025,5740,512,19.38054864282415,20.914846283459795,49.360018846594585,99.51555634047402,170.78221554335713,392.23959564030935,10,208095.0
1_patch_y05740_x01230.jpg,1_patch_y05740_x01230.png,1.jpg,1230,5740,512,19.38054864282415,22.977349452359714,45.46505252670385,59.96944354481634,96.90924902021965,309.3652697033924,17,187003.0
1_patch_y05740_x01435.jpg,1_patch_y05740_x01435.png,1.jpg,1435,5740,512,3.1915382432114616,15.141601333700265,39.52880748361165,71.79183328733251,142.91368820205156,239.76663380115536,18,168865.0
1_patch_y05740_x01640.jpg,1_patch_y05740_x01640.png,1.jpg,1640,5740,512,3.1915382432114616,21.759421556157257,41.25960807145468,77.00498878588154,117.72000492836784,216.0249425266286,25,155588.0
1_patch_y05740_x01845.jpg,1_patch_y05740_x01845.png,1.jpg,1845,5740,512,3.1915382432114616,22.518068176490488,51.62791679515373,73.24881971876893,105.9670944926309,149.41120753759273,32,151568.0
1_patch_y05740_x02050.jpg,1_patch_y05740_x02050.png,1.jpg,2050,5740,512,1.1283791670955126,25.71027926478114,44.18487946097474,67.36930682605102,90.41276446515624,110.46595763737261,43,144684.0
1_patch_y05740_x02255.jpg,1_patch_y05740_x02255.png,1.jpg,2255,5740,512,1.1283791670955126,21.01167379696994,41.32394420763617,49.650284049191065,78.61092347382703,136.01533216884746,47,128571.0
1_patch_y05740_x02460.jpg,1_patch_y05740_x02460.png,1.jpg,2460,5740,512,15.09668435477122,35.592491890620494,41.829209584872636,47.558188822637334,72.5631566034863,164.97505419989665,38,116155.0
1_patch_y05740_x02665.jpg,1_patch_y05740_x02665.png,1.jpg,2665,5740,512,1.1283791670955126,28.679483013103898,34.997949111844065,42.61032258493641,54.89770489180882,164.97505419989665,41,97813.0
1_patch_y05740_x02870.jpg,1_patch_y05740_x02870.png,1.jpg,2870,5740,512,1.1283791670955126,34.09160679179102,43.48817963711347,50.316024875680505,73.12029054512291,108.78183823032502,35,91883.0
1_patch_y05740_x03075.jpg,1_patch_y05740_x03075.png,1.jpg,3075,5740,512,21.675455981530703,37.06515167605875,45.261931327318294,64.34729986160063,99.92369343560688,119.40043208631876,26,100198.0
1_patch_y05740_x03280.jpg,1_patch_y05740_x03280.png,1.jpg,3280,5740,512,7.978845608028654,40.482048769119594,63.835366226742664,80.75022216451146,104.91129940920956,217.68069022507214,15,110598.0
1_patch_y05740_x03336.jpg,1_patch_y05740_x03336.png,1.jpg,3336,5740,512,4.652426491681278,44.54807685292278,66.37045444590406,85.5716208228945,109.24304140522749,217.68069022507214,13,104710.0
1_patch_y05945_x00000.jpg,1_patch_y05945_x00000.png,1.jpg,0,5945,512,1.1283791670955126,20.98854129438565,23.81372577532816,35.507181653034365,56.77166839430782,154.801942725085,63,123039.0
1_patch_y05945_x00205.jpg,1_patch_y05945_x00205.png,1.jpg,205,5945,512,1.1283791670955126,20.466944330257718,23.85661494212072,37.762789755305185,51.07707731617333,221.28318149245976,61,149226.0
1_patch_y05945_x00410.jpg,1_patch_y05945_x00410.png,1.jpg,410,5945,512,1.1283791670955126,15.613982729213882,23.87261714830872,33.34079430497602,54.964658176492726,337.43065404308174,45,181072.0
1_patch_y05945_x00615.jpg,1_patch_y05945_x00615.png,1.jpg,615,5945,512,2.763953195770684,25.656006571726092,29.77722888227127,35.34016680919971,61.953250371843865,360.50434123565316,23,202896.0
1_patch_y05945_x00820.jpg,1_patch_y05945_x00820.png,1.jpg,820,5945,512,3.9088200952233594,20.971286503417673,30.138873836695684,34.637874774370005,126.36173090014361,379.02288135800416,14,211734.0
1_patch_y05945_x01025.jpg,1_patch_y05945_x01025.png,1.jpg,1025,5945,512,33.416030295843605,59.398205178785794,67.96552852953599,118.39918659996842,344.96490773639937,378.8918472446119,6,224500.0
1_patch_y05945_x01230.jpg,1_patch_y05945_x01230.png,1.jpg,1230,5945,512,26.486883341553696,48.05922537211272,158.77414362235174,243.71887396998832,291.3778961145033,393.63293357714065,5,221167.0
1_patch_y05945_x01435.jpg,1_patch_y05945_x01435.png,1.jpg,1435,5945,512,5.170882945826411,45.38834193249951,61.90679308163878,88.40330494718187,215.2810243109223,303.57384315505686,11,192242.0
1_patch_y05945_x01640.jpg,1_patch_y05945_x01640.png,1.jpg,1640,5945,512,14.002817212590296,30.834089674306117,53.66364611753105,76.71963663014449,111.5154281856165,247.5988910303383,22,162037.0
1_patch_y05945_x01845.jpg,1_patch_y05945_x01845.png,1.jpg,1845,5945,512,3.1915382432114616,30.39658010506607,52.63129369071304,71.40938115734815,105.9670944926309,158.23883495135354,32,154026.0
1_patch_y05945_x02050.jpg,1_patch_y05945_x02050.png,1.jpg,2050,5945,512,8.291859587312052,28.447279468607316,40.07211474006492,65.03552311793176,95.63497634436472,145.19306850597272,35,140188.0
1_patch_y05945_x02255.jpg,1_patch_y05945_x02255.png,1.jpg,2255,5945,512,12.666024736934256,28.14986033885765,41.22511931430241,62.66286765004922,89.16062656380589,135.00998971346004,30,109460.0
1_patch_y05945_x02460.jpg,1_patch_y05945_x02460.png,1.jpg,2460,5945,512,8.812923024107548,28.679483013103898,40.511797950271536,44.937266471715525,55.68068149214879,113.5017079767101,26,59681.0
1_patch_y05945_x02665.jpg,1_patch_y05945_x02665.png,1.jpg,2665,5945,512,1.1283791670955126,28.94383039886723,33.08274693788155,41.128319675064134,54.47145629743584,113.5017079767101,28,49474.0
1_patch_y05945_x02870.jpg,1_patch_y05945_x02870.png,1.jpg,2870,5945,512,1.1283791670955126,28.679483013103898,36.92749046999213,48.80810576327963,73.79461723481118,132.35748145084622,31,80332.0
1_patch_y05945_x03075.jpg,1_patch_y05945_x03075.png,1.jpg,3075,5945,512,2.256758334191025,28.89244922299674,39.47391404008155,53.25362469903582,93.08054794326887,220.06865420384474,29,122727.0
1_patch_y05945_x03280.jpg,1_patch_y05945_x03280.png,1.jpg,3280,5945,512,2.985410660720923,30.422487283814533,39.502852877875135,66.64222277625056,99.50380683464026,220.06865420384474,24,138593.0
1_patch_y05945_x03336.jpg,1_patch_y05945_x03336.png,1.jpg,3336,5945,512,29.2726871606753,38.50267163474855,50.365862653362335,73.66382579493033,95.42209074609828,219.32393850214902,19,131466.0
1_patch_y06150_x00000.jpg,1_patch_y06150_x00000.png,1.jpg,0,6150,512,1.1283791670955126,22.618202080354834,27.838669605532278,51.275967822835334,70.86283267663173,165.2757731573148,50,151539.0
1_patch_y06150_x00205.jpg,1_patch_y06150_x00205.png,1.jpg,205,6150,512,1.1283791670955126,21.44982258673959,25.947812526100293,42.50534789298203,67.6139513048638,155.5936268090515,68,160152.0
1_patch_y06150_x00410.jpg,1_patch_y06150_x00410.png,1.jpg,410,6150,512,1.1283791670955126,21.349935761383176,25.05408341078227,40.212115361090575,62.59199692572602,150.00654143771374,71,163528.0
1_patch_y06150_x00615.jpg,1_patch_y06150_x00615.png,1.jpg,615,6150,512,10.464157913908982,23.853617953913826,29.764392932783473,37.308740145452106,71.22220015873859,260.8216165037994,45,150901.0
1_patch_y06150_x00820.jpg,1_patch_y06150_x00820.png,1.jpg,820,6150,512,9.965574970333758,23.09734550211416,27.26851470332286,33.416030295843605,51.201564650015335,320.7654713494713,26,167051.0
1_patch_y06150_x01025.jpg,1_patch_y06150_x01025.png,1.jpg,1025,6150,512,1.1283791670955126,31.24227882104426,33.27814957854992,43.91151483090668,96.81719305028507,456.00481300965214,10,199360.0
1_patch_y06150_x01230.jpg,1_patch_y06150_x01230.png,1.jpg,1230,6150,512,1.1283791670955126,32.99792639569233,37.601634474812755,51.134521583423734,160.81059018791814,416.5691029732706,9,223909.0
1_patch_y06150_x01435.jpg,1_patch_y06150_x01435.png,1.jpg,1435,6150,512,1.1283791670955126,25.957857194040123,36.97878804209886,55.17153609159105,121.16846395850186,356.32670492195103,15,166557.0
1_patch_y06150_x01640.jpg,1_patch_y06150_x01640.png,1.jpg,1640,6150,512,7.312732791431452,24.687800692309594,36.49368710469689,50.88579621937457,80.16330361492977,285.5980947324824,24,123726.0
1_patch_y06150_x01845.jpg,1_patch_y06150_x01845.png,1.jpg,1845,6150,512,3.1915382432114616,31.739162617865635,40.13659368388912,57.7903787476693,81.07043015379213,158.23883495135354,30,105845.0
1_patch_y06150_x02050.jpg,1_patch_y06150_x02050.png,1.jpg,2050,6150,512,3.1915382432114616,31.331221452064195,36.839546577204416,55.80734542659719,71.28544568387245,157.9247168820396,28,99657.0
1_patch_y06150_x02255.jpg,1_patch_y06150_x02255.png,1.jpg,2255,6150,512,6.383076486422923,18.859556973728488,40.72860242438507,58.13819696812147,72.40230431600834,155.16752170135968,20,67788.0
1_patch_y06150_x02460.jpg,1_patch_y06150_x02460.png,1.jpg,2460,6150,512,6.383076486422923,27.120848834482185,37.0549522536095,40.91660568069169,49.47734775913394,84.88381814961133,14,20778.0
1_patch_y06150_x02665.jpg,1_patch_y06150_x02665.png,1.jpg,2665,6150,512,12.6156626101008,19.340644329244736,31.20473503277509,33.36409118806545,44.25687930619702,66.73673596665932,13,13734.0
1_patch_y06150_x02870.jpg,1_patch_y06150_x02870.png,1.jpg,2870,6150,512,14.884343478431232,27.07965309382486,33.65630906477826,43.737624169514675,56.05478293370175,132.35748145084622,27,57992.0
1_patch_y06150_x03075.jpg,1_patch_y06150_x03075.png,1.jpg,3075,6150,512,2.256758334191025,28.40534226242941,33.5634688539945,43.3817478564118,59.114929071445985,220.06865420384474,38,111695.0
1_patch_y06150_x03280.jpg,1_patch_y06150_x03280.png,1.jpg,3280,6150,512,1.1283791670955126,27.287031968993702,36.670956812308965,43.9655178359764,62.32120830367684,220.06865420384474,44,136993.0
1_patch_y06150_x03336.jpg,1_patch_y06150_x03336.png,1.jpg,3336,6150,512,1.1283791670955126,32.09440436728413,38.14856222234714,50.22238084878452,64.17889004352017,219.32393850214902,36,134981.0
1_patch_y06355_x00000.jpg,1_patch_y06355_x00000.png,1.jpg,0,6355,512,1.1283791670955126,20.38811941768113,26.90934444577377,40.75199876086583,66.10289404309573,165.2757731573148,65,150562.0
1_patch_y06355_x00205.jpg,1_patch_y06355_x00205.png,1.jpg,205,6355,512,1.1283791670955126,19.182445840623714,26.298525512821943,38.39015109922677,61.74610890617545,185.45624772956816,74,160140.0
1_patch_y06355_x00410.jpg,1_patch_y06355_x00410.png,1.jpg,410,6355,512,1.1283791670955126,20.50421351032584,24.622553006959468,34.859021585303196,68.1787496568535,185.38758057387838,74,165250.0
1_patch_y06355_x00615.jpg,1_patch_y06355_x00615.png,1.jpg,615,6355,512,7.312732791431452,21.45661549563872,25.674640474532932,34.60607865920797,75.89287622037268,153.4471208618375,58,139786.0
1_patch_y06355_x00820.jpg,1_patch_y06355_x00820.png,1.jpg,820,6355,512,7.653039857325812,21.426270973046154,25.168091974919832,34.84093646107562,57.362190996890945,281.11818166497534,37,147417.0
1_patch_y06355_x01025.jpg,1_patch_y06355_x01025.png,1.jpg,1025,6355,512,8.058239062071396,23.867229370554018,33.17447372188498,47.783841111448616,85.23689735143569,364.2830195198201,19,161871.0
1_patch_y06355_x01230.jpg,1_patch_y06355_x01230.png,1.jpg,1230,6355,512,6.6755811781245455,38.646702680457366,49.006045136028064,81.45459303274954,130.46143942464008,303.7059306948901,12,159707.0
1_patch_y06355_x01435.jpg,1_patch_y06355_x01435.png,1.jpg,1435,6355,512,5.170882945826411,30.874992386064573,41.70682204638341,48.21623781382009,60.33439636814163,274.9103120234762,15,90682.0
1_patch_y06355_x01640.jpg,1_patch_y06355_x01640.png,1.jpg,1640,6355,512,11.780624362746345,24.299968816589022,35.382045378459864,41.92802496413947,52.71380843388139,208.23105603140942,17,54991.0
1_patch_y06355_x01845.jpg,1_patch_y06355_x01845.png,1.jpg,1845,6355,512,22.42609239636699,32.05064529850359,37.68397940089801,45.60758315988594,68.32865991098338,96.37573594449493,17,40077.0
1_patch_y06355_x02050.jpg,1_patch_y06355_x02050.png,1.jpg,2050,6355,512,26.29389801439097,32.098785623273336,37.017061986151994,58.20848144866607,69.26907171590808,134.25815518923125,14,42381.0
1_patch_y06355_x02255.jpg,1_patch_y06355_x02255.png,1.jpg,2255,6355,512,5.170882945826411,40.05348706874727,61.88622262316039,69.7042473792622,79.66069225759999,131.00380079785953,6,26568.0
1_patch_y06355_x02460.jpg,1_patch_y06355_x02460.png,1.jpg,2460,6355,512,11.507254783503184,13.394055231766348,28.37528394686892,38.85037663683497,50.41147168052209,91.84341012762131,5,9277.0
1_patch_y06355_x02665.jpg,1_patch_y06355_x02665.png,1.jpg,2665,6355,512,11.726460285670077,14.035057147109562,15.414619327882253,22.040700749830474,78.70346748569426,170.10105424160832,7,30527.0
1_patch_y06355_x02870.jpg,1_patch_y06355_x02870.png,1.jpg,2870,6355,512,1.1283791670955126,26.318098569918163,29.554057719513263,44.09350048261754,56.610457815658094,174.75675586373654,31,72965.0
1_patch_y06355_x03075.jpg,1_patch_y06355_x03075.png,1.jpg,3075,6355,512,1.1283791670955126,27.034043328329254,35.13445966752636,48.14373747856012,64.18682438338429,129.90089948254828,49,109232.0
1_patch_y06355_x03280.jpg,1_patch_y06355_x03280.png,1.jpg,3280,6355,512,1.1283791670955126,26.086580287906376,33.64333282282398,47.408191650126604,73.49875790763559,163.6694436407819,53,146060.0
1_patch_y06355_x03336.jpg,1_patch_y06355_x03336.png,1.jpg,3336,6355,512,1.1283791670955126,27.3000341437486,33.22879083911486,43.187845571151925,73.75970364953062,176.40648432773696,47,144643.0
1_patch_y06533_x00000.jpg,1_patch_y06533_x00000.png,1.jpg,0,6533,512,2.763953195770684,23.412716726589203,30.125516289075797,43.137599568018324,68.24386724639274,131.4065245933332,68,145205.0
1_patch_y06533_x00205.jpg,1_patch_y06533_x00205.png,1.jpg,205,6533,512,2.763953195770684,22.548630519830947,29.790018874147357,41.37745886393889,62.55506419694338,197.91075795592266,67,160167.0
1_patch_y06533_x00410.jpg,1_patch_y06533_x00410.png,1.jpg,410,6533,512,1.1283791670955126,21.96804121478758,27.16559015157067,37.07011402982231,70.1054960637255,197.84641347215043,63,171235.0
1_patch_y06533_x00615.jpg,1_patch_y06533_x00615.png,1.jpg,615,6533,512,1.1283791670955126,23.09734550211416,26.678472698169138,36.424107478619696,67.54270714730117,185.32919348763096,56,139719.0
1_patch_y06533_x00820.jpg,1_patch_y06533_x00820.png,1.jpg,820,6533,512,13.957279475043833,23.936477917355926,28.695498994608094,43.13891090921109,62.814722781080114,154.43549835442326,37,115638.0
1_patch_y06533_x01025.jpg,1_patch_y06533_x01025.png,1.jpg,1025,6533,512,19.38054864282415,25.144738701927906,30.883248633306867,50.869327940504505,79.37216899184132,218.26190131643708,22,99088.0
1_patch_y06533_x01230.jpg,1_patch_y06533_x01230.png,1.jpg,1230,6533,512,8.51907589177983,35.70480763809153,46.67536148706486,71.62465614078724,90.44004546224006,198.39909406418053,14,81287.0
1_patch_y06533_x01435.jpg,1_patch_y06533_x01435.png,1.jpg,1435,6533,512,24.488687706168772,36.772005609005646,39.33174350131485,45.58428388170407,56.41895835477563,103.3252804622583,16,37474.0
1_patch_y06533_x01640.jpg,1_patch_y06533_x01640.png,1.jpg,1640,6533,512,6.4820448144285745,25.472386456007275,31.624713376544396,37.40252107731803,42.620713277255156,84.16831248698317,20,25277.0
1_patch_y06533_x01845.jpg,1_patch_y06533_x01845.png,1.jpg,1845,6533,512,25.482389366284572,27.66677041521453,31.99384252721188,38.59339288069237,44.17966527951146,64.83026868038395,18,21395.0
1_patch_y06533_x02050.jpg,1_patch_y06533_x02050.png,1.jpg,2050,6533,512,1.9544100476116797,27.607008266393912,31.713424426797857,35.19645318313647,44.480412595162655,56.812518390788114,12,12519.0
1_patch_y06533_x02255.jpg,1_patch_y06533_x02255.png,1.jpg,2255,6533,512,23.90992587997897,38.69976052946623,50.210223914790475,55.161944771788704,61.89971138283629,69.53050087090854,4,8633.0
1_patch_y06533_x02460.jpg,1_patch_y06533_x02460.png,1.jpg,2460,6533,512,9.83698151873187,19.638550466239266,47.53670508658507,74.41647310165007,77.85963634531757,160.04697173324462,8,36924.0
1_patch_y06533_x02665.jpg,1_patch_y06533_x02665.png,1.jpg,2665,6533,512,11.726460285670077,23.74963406702674,32.54743156102575,52.320789569544914,79.46065002466109,171.89552092672142,16,82053.0
1_patch_y06533_x02870.jpg,1_patch_y06533_x02870.png,1.jpg,2870,6533,512,1.1283791670955126,26.650458916512825,31.509642866106905,46.330150907217934,59.07067551267566,176.50389565270214,39,107518.0
1_patch_y06533_x03075.jpg,1_patch_y06533_x03075.png,1.jpg,3075,6533,512,1.1283791670955126,27.034043328329254,34.44792091974742,47.16300970731543,66.95577971327425,129.90089948254828,51,117819.0
1_patch_y06533_x03280.jpg,1_patch_y06533_x03280.png,1.jpg,3280,6533,512,1.1283791670955126,24.695783889727878,31.25019569237719,46.551624087020286,72.8918968073944,174.47967650880645,51,141179.0
1_patch_y06533_x03336.jpg,1_patch_y06533_x03336.png,1.jpg,3336,6533,512,1.1283791670955126,24.695783889727878,31.634890266315733,42.78923305376207,73.27517424167739,177.0764531726137,46,138693.0
3_patch_y00000_x00000.jpg,3_patch_y00000_x00000.png,3.jpg,0,0,512,12.412170838050638,25.965429934366256,33.169804425717885,39.72121136166398,64.96337418394528,146.01505462311172,54,138865.0
3_patch_y00000_x00205.jpg,3_patch_y00000_x00205.png,3.jpg,205,0,512,1.1283791670955126,23.98967015655475,30.8400703617415,37.116642997494345,50.989755347022424,228.44035541146266,56,137407.0
3_patch_y00000_x00410.jpg,3_patch_y00000_x00410.png,3.jpg,410,0,512,1.1283791670955126,22.741606616954158,30.877115824384894,38.640758347291325,59.2449195338013,227.78451371307622,59,129934.0
3_patch_y00000_x00615.jpg,3_patch_y00000_x00615.png,3.jpg,615,0,512,1.1283791670955126,20.67702212254,29.539435710036255,38.11493633004248,50.664709927578485,105.05446384501893,59,90343.0
3_patch_y00000_x00820.jpg,3_patch_y00000_x00820.png,3.jpg,820,0,512,1.1283791670955126,26.462837142006137,33.53014342350997,39.734330691124036,49.08125119267976,92.55460905313238,46,66314.0
3_patch_y00000_x01025.jpg,3_patch_y00000_x01025.png,3.jpg,1025,0,512,1.1283791670955126,24.901157769991823,35.39587139793849,41.70425899243664,50.92729084317687,86.20107878138423,51,72422.0
3_patch_y00000_x01230.jpg,3_patch_y00000_x01230.png,3.jpg,1230,0,512,13.159049284959082,26.536125803317212,33.65895235548026,39.61427170150274,52.333363277749704,119.94304321619742,52,88678.0
3_patch_y00000_x01435.jpg,3_patch_y00000_x01435.png,3.jpg,1435,0,512,13.255453865237978,28.78140945758587,34.83800153292626,42.27447688586027,56.87019447604155,181.83367261781495,49,120783.0
3_patch_y00000_x01640.jpg,3_patch_y00000_x01640.png,3.jpg,1640,0,512,10.155412503859614,28.40583949031228,38.145074317185035,43.50573308840697,69.22983054353021,226.7480673698248,38,153705.0
3_patch_y00000_x01845.jpg,3_patch_y00000_x01845.png,3.jpg,1845,0,512,17.55346033766304,35.56694114044233,47.133975252881996,53.099316367279044,93.6953872736573,384.1116051414822,19,179890.0
3_patch_y00000_x02050.jpg,3_patch_y00000_x02050.png,3.jpg,2050,0,512,3.5682482323055424,37.981848313251575,47.458369008500725,52.496793205309714,64.92893538402295,485.78787207842424,12,207372.0
3_patch_y00000_x02255.jpg,3_patch_y00000_x02255.png,3.jpg,2255,0,512,6.076507779746499,28.812361638146328,32.390575556198044,37.94777892176918,57.19224064875088,429.7406540765159,21,172977.0
3_patch_y00000_x02460.jpg,3_patch_y00000_x02460.png,3.jpg,2460,0,512,23.371344948277684,31.980581046408354,39.15391626186924,44.511548421952696,57.46938993963832,301.9674208184608,25,138276.0
3_patch_y00000_x02665.jpg,3_patch_y00000_x02665.png,3.jpg,2665,0,512,14.361922094451577,31.88704857322707,40.413609030510415,52.22439412903554,58.52576297843306,177.31357556077137,33,98314.0
3_patch_y00000_x02870.jpg,3_patch_y00000_x02870.png,3.jpg,2870,0,512,17.26088217525478,37.60789168547524,50.513081591049534,55.394292022253026,67.4503680057743,129.27207364566027,28,87109.0
3_patch_y00000_x03075.jpg,3_patch_y00000_x03075.png,3.jpg,3075,0,512,4.51351666838205,29.53675281983019,37.76277468296482,48.922092634544335,55.73082505876551,129.27207364566027,33,68640.0
3_patch_y00000_x03280.jpg,3_patch_y00000_x03280.png,3.jpg,3280,0,512,9.23618154310838,31.39247374172695,37.67840352748118,46.59263271992099,62.57165172872317,112.95069826365099,31,61192.0
3_patch_y00000_x03336.jpg,3_patch_y00000_x03336.png,3.jpg,3336,0,512,9.23618154310838,35.94387882578814,43.74892041846691,49.8581914737475,65.84729942724863,112.95069826365099,28,63370.0
3_patch_y00205_x00000.jpg,3_patch_y00205_x00000.png,3.jpg,0,205,512,5.170882945826411,27.177159177171283,34.243310745358485,44.59286227507657,66.30761249223315,143.66797228227912,39,119726.0
3_patch_y00205_x00205.jpg,3_patch_y00205_x00205.png,3.jpg,205,205,512,5.170882945826411,24.685208948538314,34.24286147292685,45.78456365578004,75.16660267325611,228.44035541146266,33,149547.0
3_patch_y00205_x00410.jpg,3_patch_y00205_x00410.png,3.jpg,410,205,512,2.256758334191025,22.411177871494825,30.68408924006152,45.68751320703157,67.47376402270214,227.78451371307622,40,174119.0
3_patch_y00205_x00615.jpg,3_patch_y00205_x00615.png,3.jpg,615,205,512,1.1283791670955126,20.67702212254,30.342880805164576,42.89167852353556,58.32629535499068,317.81455769652916,44,158119.0
3_patch_y00205_x00820.jpg,3_patch_y00205_x00820.png,3.jpg,820,205,512,1.1283791670955126,17.030556730876143,27.759573815148002,38.39545350350994,48.90410505382014,325.7656255870639,42,133099.0
3_patch_y00205_x01025.jpg,3_patch_y00205_x01025.png,3.jpg,1025,205,512,1.1283791670955126,25.032371751061355,31.96634782483799,39.788616387520165,50.61240965682246,216.83678172298187,47,96720.0
3_patch_y00205_x01230.jpg,3_patch_y00205_x01230.png,3.jpg,1230,205,512,1.1283791670955126,22.47284817055793,29.026644870329203,35.47850809493049,41.33934577714391,86.20107878138423,67,68518.0
3_patch_y00205_x01435.jpg,3_patch_y00205_x01435.png,3.jpg,1435,205,512,1.1283791670955126,25.646641474571084,30.78634833255339,36.82735392602686,44.653251505743526,106.38527300877158,69,96544.0
3_patch_y00205_x01640.jpg,3_patch_y00205_x01640.png,3.jpg,1640,205,512,2.256758334191025,25.206081266687335,32.91696906717907,40.809279882320794,58.935536631454575,224.8166296513828,51,144036.0
3_patch_y00205_x01845.jpg,3_patch_y00205_x01845.png,3.jpg,1845,205,512,17.55346033766304,34.13230410377644,45.90437284765684,58.935536631454575,99.41270213727385,389.787636583951,21,198414.0
3_patch_y00205_x02050.jpg,3_patch_y00205_x02050.png,3.jpg,2050,205,512,31.493707392885515,35.493903420712435,74.24520225343198,145.05094245446207,269.9718494473301,495.82603551567246,5,238475.0
3_patch_y00205_x02255.jpg,3_patch_y00205_x02255.png,3.jpg,2255,205,512,26.026206750102993,31.186294632042838,32.596419556930606,40.96323471893042,150.73419560565452,439.99843097001036,10,205049.0
3_patch_y00205_x02460.jpg,3_patch_y00205_x02460.png,3.jpg,2460,205,512,24.22732816723524,34.603572028806916,41.519291149057686,57.86046936719722,115.47517338734845,315.46018699188585,14,189382.0
3_patch_y00205_x02665.jpg,3_patch_y00205_x02665.png,3.jpg,2665,205,512,13.957279475043833,36.652920479794744,45.482424699536146,53.08786874566472,68.36185541605408,350.6918221245811,25,160385.0
3_patch_y00205_x02870.jpg,3_patch_y00205_x02870.png,3.jpg,2870,205,512,2.763953195770684,40.32438517882197,50.78445462842594,57.14734474283868,68.53438595165885,249.29775100793182,29,129050.0
3_patch_y00205_x03075.jpg,3_patch_y00205_x03075.png,3.jpg,3075,205,512,2.763953195770684,33.90969756131537,41.87414337840004,48.09084876124978,61.67051953383492,129.27207364566027,34,80930.0
3_patch_y00205_x03280.jpg,3_patch_y00205_x03280.png,3.jpg,3280,205,512,1.1283791670955126,21.392913179393183,37.400279334542184,43.73978654122446,56.03098823553827,112.95069826365099,35,65352.0
3_patch_y00205_x03336.jpg,3_patch_y00205_x03336.png,3.jpg,3336,205,512,1.1283791670955126,34.46543724895314,40.550221294857195,44.474449019596136,56.36033150333841,112.95069826365099,32,62548.0
3_patch_y00410_x00000.jpg,3_patch_y00410_x00000.png,3.jpg,0,410,512,1.1283791670955126,23.501727532703992,29.076247681436868,36.677141867317154,55.099128554015756,151.5434646178717,50,98817.0
3_patch_y00410_x00205.jpg,3_patch_y00410_x00205.png,3.jpg,205,410,512,11.170383851240114,26.716610422217176,32.86334629831316,44.173711054715845,83.74734190395678,196.856086478319,37,130931.0
3_patch_y00410_x00410.jpg,3_patch_y00410_x00410.png,3.jpg,410,410,512,10.940041919714261,26.759467551374165,41.7737768550772,53.600695552961696,85.90996114460292,237.11808251577958,30,159570.0
3_patch_y00410_x00615.jpg,3_patch_y00410_x00615.png,3.jpg,615,410,512,1.1283791670955126,21.96878146865314,26.900649556257207,40.228698329998366,49.035174167313365,382.62703648771696,39,169838.0
3_patch_y00410_x00820.jpg,3_patch_y00410_x00820.png,3.jpg,820,410,512,1.1283791670955126,17.33813686792385,26.259977082041793,34.80185056826166,42.0075744588936,388.53619314290376,50,166215.0
3_patch_y00410_x01025.jpg,3_patch_y00410_x01025.png,3.jpg,1025,410,512,1.1283791670955126,22.425807082201537,27.187633118040484,36.96493141891602,48.93575339126738,250.63737282804306,57,123262.0
3_patch_y00410_x01230.jpg,3_patch_y00410_x01230.png,3.jpg,1230,410,512,3.385137501286538,21.431591024551523,27.43141305148925,35.98029165009881,45.48324298739984,130.189726244103,69,92988.0
3_patch_y00410_x01435.jpg,3_patch_y00410_x01435.png,3.jpg,1435,410,512,2.256758334191025,24.26367699843596,30.656919483850686,37.11267143324996,50.32288999249661,129.7881318797917,63,109330.0
3_patch_y00410_x01640.jpg,3_patch_y00410_x01640.png,3.jpg,1640,410,512,2.256758334191025,23.829914749152643,32.684063058818154,43.948883823861124,61.483723116925006,169.94379245276275,51,134494.0
3_patch_y00410_x01845.jpg,3_patch_y00410_x01845.png,3.jpg,1845,410,512,4.068428945128219,39.97990624763977,54.33852096275397,67.2163461997813,105.92525749053033,267.3782474273752,20,189988.0
3_patch_y00410_x02050.jpg,3_patch_y00410_x02050.png,3.jpg,2050,410,512,6.770275002573076,35.493903420712435,44.43064857188701,67.6370312966,146.94569419101413,386.95673781437716,10,227226.0
3_patch_y00410_x02255.jpg,3_patch_y00410_x02255.png,3.jpg,2255,410,512,45.31815735064498,46.12724960536071,60.19693259486998,114.91488618328725,284.5104099635282,371.4287608555496,7,214294.0
3_patch_y00410_x02460.jpg,3_patch_y00410_x02460.png,3.jpg,2460,410,512,36.89299490854448,45.41911398906137,54.44375348149216,116.86773192229172,237.5944046404559,327.21633980505015,9,196370.0
3_patch_y00410_x02665.jpg,3_patch_y00410_x02665.png,3.jpg,2665,410,512,9.09728368293446,34.72519162988549,45.12660140570536,49.4673182235176,71.00246308930116,362.8822490487644,19,161460.0
3_patch_y00410_x02870.jpg,3_patch_y00410_x02870.png,3.jpg,2870,410,512,10.403141895720198,41.29004420438882,49.661504187368415,57.45876903918389,73.89806768359449,257.4436079253943,26,136721.0
3_patch_y00410_x03075.jpg,3_patch_y00410_x03075.png,3.jpg,3075,410,512,6.955796338302048,37.34909007154455,43.611521087484846,54.889588205791824,63.31381335075168,100.72324802372974,40,90704.0
3_patch_y00410_x03280.jpg,3_patch_y00410_x03280.png,3.jpg,3280,410,512,1.1283791670955126,33.87764011731986,42.1223717701322,48.56510927538818,62.16505418980411,111.46992741125497,40,89740.0
3_patch_y00410_x03336.jpg,3_patch_y00410_x03336.png,3.jpg,3336,410,512,1.1283791670955126,37.30811434856009,41.87414337840004,46.20002851716957,60.71466918701452,111.46992741125497,39,90078.0
3_patch_y00615_x00000.jpg,3_patch_y00615_x00000.png,3.jpg,0,615,512,4.222008245644752,24.08322784752715,28.106199771418215,35.12547818403837,63.29869797387989,214.88736251559826,52,126609.0
3_patch_y00615_x00205.jpg,3_patch_y00615_x00205.png,3.jpg,205,615,512,4.222008245644752,26.307735204718956,29.485628330058248,39.93250354752005,67.79111995528594,204.84355600382457,44,145097.0
3_patch_y00615_x00410.jpg,3_patch_y00615_x00410.png,3.jpg,410,615,512,1.1283791670955126,20.700886792615297,28.630504898652443,38.811900653616284,68.27520144261294,219.81973060270127,37,152656.0
3_patch_y00615_x00615.jpg,3_patch_y00615_x00615.png,3.jpg,615,615,512,4.652426491681278,22.996151845554,30.45362367093475,42.0804743726252,60.500965798999395,307.9110849248764,38,158689.0
3_patch_y00615_x00820.jpg,3_patch_y00615_x00820.png,3.jpg,820,615,512,1.1283791670955126,22.764193258431348,30.024216853608277,37.424103185095554,48.873278853819144,305.0487045161303,51,157108.0
3_patch_y00615_x01025.jpg,3_patch_y00615_x01025.png,3.jpg,1025,615,512,1.1283791670955126,22.65205369339104,29.33785834448333,36.99638510165959,48.13830046250071,211.9160965626583,46,143519.0
3_patch_y00615_x01230.jpg,3_patch_y00615_x01230.png,3.jpg,1230,615,512,1.1283791670955126,23.452920571340155,28.254578293596012,35.539465786323824,49.52029243815028,212.8034560048204,56,124271.0
3_patch_y00615_x01435.jpg,3_patch_y00615_x01435.png,3.jpg,1435,615,512,1.1283791670955126,23.452920571340155,32.44948541188257,41.82620153045354,56.37380511956742,161.2437642313402,51,138381.0
3_patch_y00615_x01640.jpg,3_patch_y00615_x01640.png,3.jpg,1640,615,512,2.256758334191025,24.747287144606645,37.253605245148115,47.18999855628097,70.05044757465377,192.84062689972748,46,134067.0
3_patch_y00615_x01845.jpg,3_patch_y00615_x01845.png,3.jpg,1845,615,512,21.821814538001895,39.98954078459839,53.542078932901724,73.53758023761175,94.14778079708239,340.8564337915358,20,180820.0
3_patch_y00615_x02050.jpg,3_patch_y00615_x02050.png,3.jpg,2050,615,512,1.5957691216057308,24.63000248669519,36.63910985152171,48.88849600524755,65.74806231040247,492.0341316967534,15,216974.0
3_patch_y00615_x02255.jpg,3_patch_y00615_x02255.png,3.jpg,2255,615,512,4.068428945128219,45.41071520411136,50.134235887041676,77.38138858034817,96.34748683644595,473.3143753322435,9,203576.0
3_patch_y00615_x02460.jpg,3_patch_y00615_x02460.png,3.jpg,2460,615,512,4.068428945128219,38.57802739696458,46.75968201109911,72.01326192594888,121.52235159736608,304.9777401425363,12,142977.0
3_patch_y00615_x02665.jpg,3_patch_y00615_x02665.png,3.jpg,2665,615,512,2.763953195770684,31.453253031430968,45.31815735064498,74.52429734076517,83.45430072621387,239.82769480163512,16,107461.0
3_patch_y00615_x02870.jpg,3_patch_y00615_x02870.png,3.jpg,2870,615,512,10.403141895720198,28.557502724082926,44.401676078891605,65.48847528493488,85.71369517774454,264.1226886430614,18,137215.0
3_patch_y00615_x03075.jpg,3_patch_y00615_x03075.png,3.jpg,3075,615,512,11.562445770562215,29.99107818798052,43.813046098244655,51.060641994139374,63.39810693052605,301.1144872962449,29,128616.0
3_patch_y00615_x03280.jpg,3_patch_y00615_x03280.png,3.jpg,3280,615,512,1.1283791670955126,37.22616290259117,44.040849272480465,52.52194801966867,72.45205678061183,228.14755275548802,32,140388.0
3_patch_y00615_x03336.jpg,3_patch_y00615_x03336.png,3.jpg,3336,615,512,1.1283791670955126,37.390065794529015,43.04141653790755,52.25991602994521,74.65232405830248,212.50408686216372,31,131804.0
3_patch_y00820_x00000.jpg,3_patch_y00820_x00000.png,3.jpg,0,820,512,2.985410660720923,24.77294513622193,29.74655251317829,39.98663828211746,55.65707831197056,239.2962082543708,45,109671.0
3_patch_y00820_x00205.jpg,3_patch_y00820_x00205.png,3.jpg,205,820,512,1.1283791670955126,24.18033293160315,32.07791211146673,40.99246479732687,61.93101260868327,206.80453647745284,42,99087.0
3_patch_y00820_x00410.jpg,3_patch_y00820_x00410.png,3.jpg,410,820,512,1.1283791670955126,23.70206811095504,30.082122020033363,39.98663828211746,61.63543218676557,221.6482524939149,40,111958.0
3_patch_y00820_x00615.jpg,3_patch_y00820_x00615.png,3.jpg,615,820,512,4.652426491681278,26.01281557247764,32.41794369595818,42.70576423126824,67.50310503300295,146.50255631080518,49,122807.0
3_patch_y00820_x00820.jpg,3_patch_y00820_x00820.png,3.jpg,820,820,512,1.1283791670955126,24.761603443792694,31.989576426208878,41.04118151199135,54.25963453439402,297.6612058012104,52,152870.0
3_patch_y00820_x01025.jpg,3_patch_y00820_x01025.png,3.jpg,1025,820,512,1.1283791670955126,23.067275313099202,32.33390765108468,40.94600750454283,48.27535073428001,335.5936988234494,44,174438.0
3_patch_y00820_x01230.jpg,3_patch_y00820_x01230.png,3.jpg,1230,820,512,1.1283791670955126,24.747287144606645,32.684063058818154,47.60636921283317,57.358966026207796,240.4745176578625,41,165230.0
3_patch_y00820_x01435.jpg,3_patch_y00820_x01435.png,3.jpg,1435,820,512,1.1283791670955126,31.636302143483583,39.908014171202424,48.85685706946269,62.176748414557736,225.86757642133696,37,159692.0
3_patch_y00820_x01640.jpg,3_patch_y00820_x01640.png,3.jpg,1640,820,512,1.9544100476116797,24.747287144606645,35.71814698195629,41.367063566611286,62.27589945768191,234.8899512367628,36,162882.0
3_patch_y00820_x01845.jpg,3_patch_y00820_x01845.png,3.jpg,1845,820,512,13.061933202803933,38.35929221998717,54.83174165520051,76.36723787393379,94.64983268696716,274.70181669915996,22,187753.0
3_patch_y00820_x02050.jpg,3_patch_y00820_x02050.png,3.jpg,2050,820,512,2.763953195770684,23.927955499521865,52.23918068153586,63.76653984413517,83.90083222966015,388.40181222454606,19,200459.0
3_patch_y00820_x02255.jpg,3_patch_y00820_x02255.png,3.jpg,2255,820,512,36.12575996921783,56.33991644495722,61.19311645165748,82.74951523474748,142.76114805007612,378.0070209769967,11,195475.0
3_patch_y00820_x02460.jpg,3_patch_y00820_x02460.png,3.jpg,2460,820,512,11.396070970426017,36.27920695708316,67.37505464349,101.08308777076971,146.7304240823939,248.20494630851104,12,146825.0
3_patch_y00820_x02665.jpg,3_patch_y00820_x02665.png,3.jpg,2665,820,512,3.1915382432114616,33.323064750365916,73.60223675157523,85.23009178739778,121.57890265971217,261.01193137507016,13,115922.0
3_patch_y00820_x02870.jpg,3_patch_y00820_x02870.png,3.jpg,2870,820,512,1.1283791670955126,30.95133539794931,34.472536363170164,70.00638631285003,108.68115656757318,361.60811385359773,12,162146.0
3_patch_y00820_x03075.jpg,3_patch_y00820_x03075.png,3.jpg,3075,820,512,1.1283791670955126,13.44176329539572,26.863866219297925,36.176247853574196,62.080760610029735,409.17244219993694,20,169564.0
3_patch_y00820_x03280.jpg,3_patch_y00820_x03280.png,3.jpg,3280,820,512,1.1283791670955126,29.98433301413746,37.47143026570846,55.87613101350619,83.44535923998025,298.95447245883446,18,181904.0
3_patch_y00820_x03336.jpg,3_patch_y00820_x03336.png,3.jpg,3336,820,512,1.1283791670955126,36.176247853574196,37.52941309084815,55.87613101350619,83.44535923998025,246.45981206006064,18,167505.0
3_patch_y01025_x00000.jpg,3_patch_y01025_x00000.png,3.jpg,0,1025,512,21.70480664627101,30.71596494738128,38.11517178949638,39.86229988133503,50.83971160237222,175.2623862006215,21,52832.0
3_patch_y01025_x00205.jpg,3_patch_y01025_x00205.png,3.jpg,205,1025,512,14.406180819073164,30.60476288453978,39.12684227280107,42.365296196215716,52.730280384862,131.1883338036778,28,54909.0
3_patch_y01025_x00410.jpg,3_patch_y01025_x00410.png,3.jpg,410,1025,512,7.569397566060481,26.534910368014152,31.675112647807715,42.099280828433955,52.25991602994521,142.18473016222563,41,83961.0
3_patch_y01025_x00615.jpg,3_patch_y01025_x00615.png,3.jpg,615,1025,512,7.898654169668588,27.845462029254975,34.09631183156288,44.50733579409211,59.129158347262525,145.09218666989335,52,117843.0
3_patch_y01025_x00820.jpg,3_patch_y01025_x00820.png,3.jpg,820,1025,512,2.256758334191025,28.443828440033514,34.09631183156288,45.39134421504413,56.51814673401749,329.1387449454205,42,170599.0
3_patch_y01025_x01025.jpg,3_patch_y01025_x01025.png,3.jpg,1025,1025,512,6.579524642479541,28.2320377409108,34.61384710770804,41.02709687681892,60.49206932787849,372.7359379009042,36,177812.0
3_patch_y01025_x01230.jpg,3_patch_y01025_x01230.png,3.jpg,1230,1025,512,3.5682482323055424,32.7790469796393,46.70138405215898,55.25218067181371,70.97280559544653,280.06316372261495,37,170836.0
3_patch_y01025_x01435.jpg,3_patch_y01025_x01435.png,3.jpg,1435,1025,512,3.5682482323055424,34.50647926211008,47.21047190217781,58.8673380040443,81.42279155696764,221.33208417146707,32,171582.0
3_patch_y01025_x01640.jpg,3_patch_y01025_x01640.png,3.jpg,1640,1025,512,1.1283791670955126,14.45731186157252,40.89978929864181,52.96134726306006,120.37805923631475,234.8899512367628,25,180008.0
3_patch_y01025_x01845.jpg,3_patch_y01025_x01845.png,3.jpg,1845,1025,512,3.1915382432114616,47.34212175266705,58.581320571267504,96.93125905717187,133.97322449322897,234.8872409316097,19,180633.0
3_patch_y01025_x02050.jpg,3_patch_y01025_x02050.png,3.jpg,2050,1025,512,27.777385840094972,45.91751573038658,77.91826426877454,111.84048849335854,141.32539936720107,221.76598173511732,17,185032.0
3_patch_y01025_x02255.jpg,3_patch_y01025_x02255.png,3.jpg,2255,1025,512,27.777385840094972,46.865106579076034,77.71903499287426,86.93647069871152,142.76114805007612,242.43614388961186,16,186067.0
3_patch_y01025_x02460.jpg,3_patch_y01025_x02460.png,3.jpg,2460,1025,512,16.66031874701878,50.92510468057624,92.91049688313248,122.96113201463344,167.66116425091522,318.9562867602459,10,184881.0
3_patch_y01025_x02665.jpg,3_patch_y01025_x02665.png,3.jpg,2665,1025,512,22.736210219877808,32.50361996405505,64.19757124654667,75.73659280540711,123.51504150446623,362.1200639460266,15,171335.0
3_patch_y01025_x02870.jpg,3_patch_y01025_x02870.png,3.jpg,2870,1025,512,24.64417299969047,35.670792988746605,70.25609203275968,83.31554138661224,149.34182764754115,302.8116449101524,12,188825.0
3_patch_y01025_x03075.jpg,3_patch_y01025_x03075.png,3.jpg,3075,1025,512,24.306031118985995,52.02449120554003,91.44421910641707,113.53615955494932,143.2230414210512,341.0991492189612,12,183672.0
3_patch_y01025_x03280.jpg,3_patch_y01025_x03280.png,3.jpg,3280,1025,512,37.50906153094682,64.3744280236003,146.05341184410162,211.14642730586706,233.47704275541128,246.6483031513618,8,196165.0
3_patch_y01025_x03336.jpg,3_patch_y01025_x03336.png,3.jpg,3336,1025,512,38.54699143520717,107.73287318783133,155.8091193659056,205.76360750291718,226.50080406679191,258.524447939142,7,182285.0
3_patch_y01230_x00000.jpg,3_patch_y01230_x00000.png,3.jpg,0,1230,512,4.068428945128219,28.441792113651765,34.6124157048282,51.787831578380995,78.97247084274584,104.50155776443474,17,43574.0
3_patch_y01230_x00205.jpg,3_patch_y01230_x00205.png,3.jpg,205,1230,512,4.068428945128219,27.46822825682337,36.122689292562946,45.833752788257264,63.936859147455316,128.5461116159215,24,60704.0
3_patch_y01230_x00410.jpg,3_patch_y01230_x00410.png,3.jpg,410,1230,512,7.569397566060481,36.45863151096545,44.48444398007573,58.262530755789086,91.2409906252906,128.5461116159215,27,98387.0
3_patch_y01230_x00615.jpg,3_patch_y01230_x00615.png,3.jpg,615,1230,512,5.4115163798060095,26.618825702845484,35.818526772584626,52.3238485200868,75.49879701037511,131.01837864253804,47,120815.0
3_patch_y01230_x00820.jpg,3_patch_y01230_x00820.png,3.jpg,820,1230,512,7.817640190446719,30.445334430207833,36.493952427669164,49.24958205630262,74.54992027339121,231.5790353729047,41,151407.0
3_patch_y01230_x01025.jpg,3_patch_y01230_x01025.png,3.jpg,1025,1230,512,6.579524642479541,27.753521401643034,34.49210271161428,48.61902331478325,64.00035539692256,267.4925096063102,37,139836.0
3_patch_y01230_x01230.jpg,3_patch_y01230_x01230.png,3.jpg,1230,1230,512,1.1283791670955126,33.72148758991124,49.58736651148777,59.01128268425523,74.68979527629945,212.59993085265467,32,121440.0
3_patch_y01230_x01435.jpg,3_patch_y01230_x01435.png,3.jpg,1435,1230,512,10.341765891652821,34.793097705785,54.3808792675542,65.6064162068583,95.45011510408938,214.66505445240736,25,137533.0
3_patch_y01230_x01640.jpg,3_patch_y01230_x01640.png,3.jpg,1640,1230,512,1.1283791670955126,24.972594492336295,53.57461384461073,100.39703751274357,133.70462039404805,244.87387847482321,17,170929.0
3_patch_y01230_x01845.jpg,3_patch_y01230_x01845.png,3.jpg,1845,1230,512,3.1915382432114616,13.061933202803933,53.86754980924449,111.10954336037989,127.12682463321194,352.0271745895885,16,188471.0
3_patch_y01230_x02050.jpg,3_patch_y01230_x02050.png,3.jpg,2050,1230,512,27.245158369526866,44.09350048261754,72.63817641834433,84.96627694943666,145.59589685254087,331.8509224082912,16,188632.0
3_patch_y01230_x02255.jpg,3_patch_y01230_x02255.png,3.jpg,2255,1230,512,27.245158369526866,54.2030523080822,78.01787890672469,90.54936335727638,158.62247846664724,246.534709336186,15,186246.0
3_patch_y01230_x02460.jpg,3_patch_y01230_x02460.png,3.jpg,2460,1230,512,16.50676414605009,21.757437915810648,101.34349665405936,123.27083056338341,261.9967784598929,289.2086654523725,9,209119.0
3_patch_y01230_x02665.jpg,3_patch_y01230_x02665.png,3.jpg,2665,1230,512,22.736210219877808,34.14231489763496,73.27349751533158,105.41982481143441,145.7637513792795,321.65536240770894,14,203685.0
3_patch_y01230_x02870.jpg,3_patch_y01230_x02870.png,3.jpg,2870,1230,512,4.918490759365935,34.258116876783724,63.01846950377083,115.33439223272211,164.00240339218414,246.62249096949515,15,173541.0
3_patch_y01230_x03075.jpg,3_patch_y01230_x03075.png,3.jpg,3075,1230,512,24.306031118985995,40.435686760950894,79.25777571663332,128.63429065555465,156.60928583157227,182.8531390070878,15,156763.0
3_patch_y01230_x03280.jpg,3_patch_y01230_x03280.png,3.jpg,3280,1230,512,35.78936967876878,49.19336460646574,74.53781706743712,113.81789596596818,164.18553602135134,263.6112058933681,12,170039.0
3_patch_y01230_x03336.jpg,3_patch_y01230_x03336.png,3.jpg,3336,1230,512,35.78936967876878,54.18425362241563,95.14104025944434,123.04079566717026,162.45484943502723,263.6112058933681,10,160571.0
3_patch_y01435_x00000.jpg,3_patch_y01435_x00000.png,3.jpg,0,1435,512,16.351767622932517,31.53919785123757,44.00011723321782,61.86703836543698,86.9672308808337,144.59112463962433,29,99328.0
3_patch_y01435_x00205.jpg,3_patch_y01435_x00205.png,3.jpg,205,1435,512,5.046265044040321,29.25009903020339,37.97765038201001,49.98662801665746,90.47404258935502,144.59112463962433,32,117554.0
3_patch_y01435_x00410.jpg,3_patch_y01435_x00410.png,3.jpg,410,1435,512,5.046265044040321,35.43230522503452,42.303697531034935,71.77131665242618,116.70629997391288,152.8568575021578,27,143404.0
3_patch_y01435_x00615.jpg,3_patch_y01435_x00615.png,3.jpg,615,1435,512,5.046265044040321,25.05408341078227,37.150930896720695,58.7190998495619,80.94498562114362,155.11007200474003,36,140800.0
3_patch_y01435_x00820.jpg,3_patch_y01435_x00820.png,3.jpg,820,1435,512,10.464157913908982,32.811212022509416,37.205715726104316,53.05392925923835,79.32520834506634,204.80936697646408,33,153618.0
3_patch_y01435_x01025.jpg,3_patch_y01435_x01025.png,3.jpg,1025,1435,512,26.678472698169138,34.96220503914314,42.228199579895175,57.956369308824414,75.00619582791184,301.2159523627985,23,152571.0
3_patch_y01435_x01230.jpg,3_patch_y01435_x01230.png,3.jpg,1230,1435,512,1.1283791670955126,30.304666809961837,53.75698737414124,77.8961492056919,94.65065703343593,276.4966459544819,18,136520.0
3_patch_y01435_x01435.jpg,3_patch_y01435_x01435.png,3.jpg,1435,1435,512,10.524820207108489,38.59962787449446,75.30940542362114,94.48200166365714,151.17341872029232,270.514638410029,14,149228.0
3_patch_y01435_x01640.jpg,3_patch_y01435_x01640.png,3.jpg,1640,1435,512,1.5957691216057308,25.89266433748607,63.3614128397811,87.30978554516611,158.79005818033258,305.23855740312405,12,186751.0
3_patch_y01435_x01845.jpg,3_patch_y01435_x01845.png,3.jpg,1845,1435,512,3.1915382432114616,24.824336241400328,49.68019417663841,81.58110828421736,112.35622419377464,423.6759504819258,13,198187.0
3_patch_y01435_x02050.jpg,3_patch_y01435_x02050.png,3.jpg,2050,1435,512,5.970821321441846,34.00991583735327,44.22818866855592,49.6801941766384,107.14595359794696,380.95959038543384,19,173535.0
3_patch_y01435_x02255.jpg,3_patch_y01435_x02255.png,3.jpg,2255,1435,512,1.1283791670955126,30.377577204916733,35.474121286246344,45.0442188877264,89.82741687137519,288.3466932544066,23,161371.0
3_patch_y01435_x02460.jpg,3_patch_y01435_x02460.png,3.jpg,2460,1435,512,16.50676414605009,32.52786592561707,36.319088209172165,50.09546030004122,123.7518696589047,346.9522824220883,16,166864.0
3_patch_y01435_x02665.jpg,3_patch_y01435_x02665.png,3.jpg,2665,1435,512,10.524820207108489,33.817476574874604,35.22962626902715,46.476230325401474,100.10047957376891,279.71060677937527,22,152941.0
3_patch_y01435_x02870.jpg,3_patch_y01435_x02870.png,3.jpg,2870,1435,512,10.524820207108489,33.952658447649945,36.63124779124837,47.39840325289275,97.5991562730079,254.28870112319183,22,124450.0
3_patch_y01435_x03075.jpg,3_patch_y01435_x03075.png,3.jpg,3075,1435,512,7.136496464611085,32.36034130854319,45.93722225628997,50.61786324845048,101.94172330533328,235.75834892081508,20,118553.0
3_patch_y01435_x03280.jpg,3_patch_y01435_x03280.png,3.jpg,3280,1435,512,13.680870333281758,45.47800125720723,53.69508071749734,84.53359791460811,121.22374398520581,233.78153788902335,18,131670.0
3_patch_y01435_x03336.jpg,3_patch_y01435_x03336.png,3.jpg,3336,1435,512,45.06458780298101,48.67370891335191,58.72879058622346,88.93471708214977,117.47832146784448,233.78153788902335,15,124769.0
3_patch_y01640_x00000.jpg,3_patch_y01640_x00000.png,3.jpg,0,1640,512,8.368283871884005,32.70599936976627,41.25664198032527,61.80110309783335,84.98928672944487,144.8067058607556,44,141479.0
3_patch_y01640_x00205.jpg,3_patch_y01640_x00205.png,3.jpg,205,1640,512,2.985410660720923,31.433006326383836,35.269746741453275,48.20437914901168,85.99404209491391,144.8067058607556,46,155919.0
3_patch_y01640_x00410.jpg,3_patch_y01640_x00410.png,3.jpg,410,1640,512,14.002817212590296,29.823426578733475,44.649009972887974,59.296131040544616,118.42956140651901,178.48732909878646,34,163967.0
3_patch_y01640_x00615.jpg,3_patch_y01640_x00615.png,3.jpg,615,1640,512,1.1283791670955126,23.96311821686732,34.503318308930474,53.38080273953638,77.20125846710853,178.48732909878646,36,154341.0
3_patch_y01640_x00820.jpg,3_patch_y01640_x00820.png,3.jpg,820,1640,512,7.399277020331919,24.38062577085863,33.35324387697649,45.55947429330381,75.501888489324,337.15131148391094,27,170994.0
3_patch_y01640_x01025.jpg,3_patch_y01640_x01025.png,3.jpg,1025,1640,512,7.653039857325812,29.317723556737125,42.477626392892034,50.97794654483619,104.81976951725912,464.348249896848,13,212370.0
3_patch_y01640_x01230.jpg,3_patch_y01640_x01230.png,3.jpg,1230,1640,512,1.1283791670955126,34.04617150947381,76.301403357636,88.58036504188406,230.09535675790335,400.9971263539783,7,197870.0
3_patch_y01640_x01435.jpg,3_patch_y01640_x01435.png,3.jpg,1435,1640,512,16.15593100600236,32.94433015312734,44.499567295776934,84.34995273521294,163.70517845111365,331.07498535401413,10,163702.0
3_patch_y01640_x01640.jpg,3_patch_y01640_x01640.png,3.jpg,1640,1640,512,1.5957691216057308,34.6875823631793,42.045799434067845,48.611329206564356,72.63963667257484,295.82047581201635,19,161954.0
3_patch_y01640_x01845.jpg,3_patch_y01640_x01845.png,3.jpg,1845,1640,512,1.1283791670955126,30.953893945274245,41.2678304002138,49.4791513676106,76.28656538129508,334.0135755150218,25,154679.0
3_patch_y01640_x02050.jpg,3_patch_y01640_x02050.png,3.jpg,2050,1640,512,1.1283791670955126,30.632948674096244,35.593164329846914,48.01912968302716,81.37640242826897,279.6650831869999,31,144193.0
3_patch_y01640_x02255.jpg,3_patch_y01640_x02255.png,3.jpg,2255,1640,512,1.1283791670955126,27.46364016367537,32.288608050118,42.10511990420451,74.42729509448708,244.17353444173415,28,152272.0
3_patch_y01640_x02460.jpg,3_patch_y01640_x02460.png,3.jpg,2460,1640,512,13.63425735166143,28.537510726407568,33.61824248847475,38.48344869255918,71.75675105725891,291.6352659552067,19,135015.0
3_patch_y01640_x02665.jpg,3_patch_y01640_x02665.png,3.jpg,2665,1640,512,11.340070282773887,32.337646359646214,35.95593422912383,40.82311355855308,79.80353628100032,225.70968225564303,18,94806.0
3_patch_y01640_x02870.jpg,3_patch_y01640_x02870.png,3.jpg,2870,1640,512,11.340070282773887,34.13230410377644,37.09948716436268,43.49751675068879,52.997796517268235,247.88412702091063,21,83129.0
3_patch_y01640_x03075.jpg,3_patch_y01640_x03075.png,3.jpg,3075,1640,512,7.136496464611085,36.92478379835774,44.75117359252257,51.85813831108699,95.21354481407633,230.25571576569425,18,114415.0
3_patch_y01640_x03280.jpg,3_patch_y01640_x03280.png,3.jpg,3280,1640,512,1.1283791670955126,31.537450986872685,45.84714532485232,60.34377891386018,98.36680882414994,297.00603047470526,19,136595.0
3_patch_y01640_x03336.jpg,3_patch_y01640_x03336.png,3.jpg,3336,1640,512,25.780439141949365,48.19481789046624,54.50950939587005,83.7470246158372,104.30163754816397,297.00603047470526,15,135890.0
3_patch_y01845_x00000.jpg,3_patch_y01845_x00000.png,3.jpg,0,1845,512,6.955796338302048,30.28711527789109,38.825297125666815,48.87586144416758,85.7732838017692,144.15457887151067,44,141258.0
3_patch_y01845_x00205.jpg,3_patch_y01845_x00205.png,3.jpg,205,1845,512,7.653039857325812,27.886182814501943,37.69448962315214,50.40949154177306,78.43363030872858,244.38723486392863,43,163887.0
3_patch_y01845_x00410.jpg,3_patch_y01845_x00410.png,3.jpg,410,1845,512,14.002817212590296,28.260696066881714,48.909914437767576,59.05760488084954,88.9617252610899,233.0014183389505,32,165025.0
3_patch_y01845_x00615.jpg,3_patch_y01845_x00615.png,3.jpg,615,1845,512,1.1283791670955126,26.57305988993149,38.439064007862775,54.33890801679972,85.03065847368569,166.9238574829383,38,151943.0
3_patch_y01845_x00820.jpg,3_patch_y01845_x00820.png,3.jpg,820,1845,512,5.046265044040321,26.225146928715795,36.62140837916265,51.72630536979338,80.99546714229687,355.69904914173316,28,177717.0
3_patch_y01845_x01025.jpg,3_patch_y01845_x01025.png,3.jpg,1025,1845,512,10.524820207108489,27.431452220735256,40.005775929634204,49.75115752387231,60.34455317543221,494.1167090275696,16,228811.0
3_patch_y01845_x01230.jpg,3_patch_y01845_x01230.png,3.jpg,1230,1845,512,4.222008245644752,27.45465007031079,37.150930896720695,46.09812143854657,50.76452342476948,426.6228386300973,21,223531.0
3_patch_y01845_x01435.jpg,3_patch_y01845_x01435.png,3.jpg,1435,1845,512,15.222667215103916,26.850187299404244,35.572568615224384,47.291236300021,69.07041306447447,293.6041725465588,25,156397.0
3_patch_y01845_x01640.jpg,3_patch_y01845_x01640.png,3.jpg,1640,1845,512,15.91774699517169,29.879421899792934,39.07433460219273,46.79441568624081,57.085937695513245,248.87092568968757,34,119855.0
3_patch_y01845_x01845.jpg,3_patch_y01845_x01845.png,3.jpg,1845,1845,512,16.583719174624104,29.939161212792364,40.495915505827384,49.397653585590184,69.6885397755461,157.88440013764824,35,105243.0
3_patch_y01845_x02050.jpg,3_patch_y01845_x02050.png,3.jpg,2050,1845,512,10.341765891652821,28.505007969905655,34.855714567208544,47.182748803774786,63.71322736764767,192.94293925657576,38,113482.0
3_patch_y01845_x02255.jpg,3_patch_y01845_x02255.png,3.jpg,2255,1845,512,1.1283791670955126,26.68107431769347,31.380247141445416,36.37998938110222,47.08891017993314,241.17504456750171,37,119371.0
3_patch_y01845_x02460.jpg,3_patch_y01845_x02460.png,3.jpg,2460,1845,512,13.63425735166143,28.198166730763813,33.09801048296915,38.42815195653606,43.72218822717365,241.17504456750171,29,76406.0
3_patch_y01845_x02665.jpg,3_patch_y01845_x02665.png,3.jpg,2665,1845,512,1.1283791670955126,24.192734166740873,32.99420518338244,37.157929248882226,45.63208132921869,106.05563699394025,35,48688.0
3_patch_y01845_x02870.jpg,3_patch_y01845_x02870.png,3.jpg,2870,1845,512,9.09728368293446,29.33785834448333,34.52176435050956,39.830346128799995,56.05671410639748,123.87527191957312,31,60505.0
3_patch_y01845_x03075.jpg,3_patch_y01845_x03075.png,3.jpg,3075,1845,512,3.9088200952233594,18.47236308621676,32.9363035587535,45.1351666838205,56.05671410639748,325.3588925922053,26,122489.0
3_patch_y01845_x03280.jpg,3_patch_y01845_x03280.png,3.jpg,3280,1845,512,13.680870333281758,31.54898407821737,37.260434496481004,43.118197186157495,55.38697194545876,421.05026746201526,18,165013.0
3_patch_y01845_x03336.jpg,3_patch_y01845_x03336.png,3.jpg,3336,1845,512,6.955796338302048,31.184445251400746,42.228691256265854,55.320266376144396,83.10264243522947,418.21939546051516,15,170710.0
3_patch_y02050_x00000.jpg,3_patch_y02050_x00000.png,3.jpg,0,2050,512,1.1283791670955126,32.23681330397398,40.312919323171506,49.249765392447166,83.53208929067861,320.9301582778744,28,164236.0
3_patch_y02050_x00205.jpg,3_patch_y02050_x00205.png,3.jpg,205,2050,512,1.1283791670955126,31.233792030986045,35.5958387029819,49.249765392447166,57.11218242345699,357.7139933051811,28,148064.0
3_patch_y02050_x00410.jpg,3_patch_y02050_x00410.png,3.jpg,410,2050,512,20.65272978291924,29.554057719513263,48.20437914901168,57.15883721517109,88.72677220037654,280.24722670785485,21,137484.0
3_patch_y02050_x00615.jpg,3_patch_y02050_x00615.png,3.jpg,615,2050,512,1.1283791670955126,29.078239960138408,53.900466272021184,63.8932224311623,94.26073562714767,217.7859488591362,25,138809.0
3_patch_y02050_x00820.jpg,3_patch_y02050_x00820.png,3.jpg,820,2050,512,24.695783889727878,37.75027541234788,60.056266903092116,77.87770290045695,122.44290537898591,253.3732643454941,18,186903.0
3_patch_y02050_x01025.jpg,3_patch_y02050_x01025.png,3.jpg,1025,2050,512,27.431452220735256,39.8007738971177,59.329546887217155,78.49742853453965,142.02855754973524,354.2140189451745,14,212369.0
3_patch_y02050_x01230.jpg,3_patch_y02050_x01230.png,3.jpg,1230,2050,512,4.222008245644752,30.85450367500235,42.90507293730786,51.505007816192006,80.43830395971126,326.3494161753731,28,194130.0
3_patch_y02050_x01435.jpg,3_patch_y02050_x01435.png,3.jpg,1435,2050,512,18.847647942942654,25.80559260471516,33.24836378636515,47.702552796998134,68.1985309932346,192.78119480715608,32,138234.0
3_patch_y02050_x01640.jpg,3_patch_y02050_x01640.png,3.jpg,1640,2050,512,13.207339536360731,22.847936741452536,31.25019569237719,38.69534474078957,53.70183952924838,181.47269994292526,41,95944.0
3_patch_y02050_x01845.jpg,3_patch_y02050_x01845.png,3.jpg,1845,2050,512,5.046265044040321,24.777209806370994,32.810992387644674,42.943909128042,57.97950749591487,150.56147201214804,37,94815.0
3_patch_y02050_x02050.jpg,3_patch_y02050_x02050.png,3.jpg,2050,2050,512,5.046265044040321,28.812361638146328,34.355393433484295,45.19155042433487,60.44995858881887,192.94293925657576,36,98708.0
3_patch_y02050_x02255.jpg,3_patch_y02050_x02255.png,3.jpg,2255,2050,512,1.9544100476116797,27.061871808851457,34.25508512016055,38.7873326523553,60.397186657652895,189.01277307558854,32,102071.0
3_patch_y02050_x02460.jpg,3_patch_y02050_x02460.png,3.jpg,2460,2050,512,5.170882945826411,24.112710911735803,33.881512463969756,41.05699036748849,49.36343576213393,210.25128716290922,24,86047.0
3_patch_y02050_x02665.jpg,3_patch_y02050_x02665.png,3.jpg,2665,2050,512,1.1283791670955126,27.73282985878226,35.01888842329199,41.615345487870215,57.71731004121654,210.25128716290922,33,84493.0
3_patch_y02050_x02870.jpg,3_patch_y02050_x02870.png,3.jpg,2870,2050,512,7.136496464611085,31.496925473045433,35.51437217125818,54.88984745487489,71.05734117149595,140.09180683590242,29,88437.0
3_patch_y02050_x03075.jpg,3_patch_y02050_x03075.png,3.jpg,3075,2050,512,3.9088200952233594,28.080662148658096,35.091587931086266,49.50378565285128,70.55910658446219,308.2437798015019,25,131732.0
3_patch_y02050_x03280.jpg,3_patch_y02050_x03280.png,3.jpg,3280,2050,512,18.47236308621676,29.930423837627785,42.228691256265854,50.176218888258184,72.06021231236953,378.6582253321802,20,151902.0
3_patch_y02050_x03336.jpg,3_patch_y02050_x03336.png,3.jpg,3336,2050,512,21.17026971360491,29.78525987645612,42.30715689528974,50.42669421549473,70.36155607741615,375.507904871842,18,150819.0
3_patch_y02255_x00000.jpg,3_patch_y02255_x00000.png,3.jpg,0,2255,512,31.755404570407364,41.408509507358076,62.60646922230422,86.75747094924968,108.50856273167024,340.90125580020566,12,169888.0
3_patch_y02255_x00205.jpg,3_patch_y02255_x00205.png,3.jpg,205,2255,512,1.1283791670955126,37.22514088392435,51.72077871296759,69.73706700485498,89.6386187843723,346.50060512197035,9,118218.0
3_patch_y02255_x00410.jpg,3_patch_y02255_x00410.png,3.jpg,410,2255,512,1.1283791670955126,23.925148250058456,33.30766291283064,48.35002335623917,114.21145073933138,247.12276609749523,10,98314.0
3_patch_y02255_x00615.jpg,3_patch_y02255_x00615.png,3.jpg,615,2255,512,1.1283791670955126,19.02239335089844,37.175434069116136,47.45731195008567,94.72512890543891,254.95127377260698,18,124901.0
3_patch_y02255_x00820.jpg,3_patch_y02255_x00820.png,3.jpg,820,2255,512,1.1283791670955126,15.539282690928522,31.290556096496157,53.277553547298744,72.41484320676972,291.5566698347916,27,181379.0
3_patch_y02255_x01025.jpg,3_patch_y02255_x01025.png,3.jpg,1025,2255,512,1.1283791670955126,29.65187019911936,41.24652120844125,58.82444790561827,94.00874629450718,296.24842375791644,27,184940.0
3_patch_y02255_x01230.jpg,3_patch_y02255_x01230.png,3.jpg,1230,2255,512,4.222008245644752,27.799699208723265,41.97253687537945,50.00802559638934,69.48875062957592,283.0837750668279,37,173931.0
3_patch_y02255_x01435.jpg,3_patch_y02255_x01435.png,3.jpg,1435,2255,512,7.312732791431452,22.959119571977435,39.87826715611172,50.76452342476948,70.06862125444447,261.0899691400952,36,148840.0
3_patch_y02255_x01640.jpg,3_patch_y02255_x01640.png,3.jpg,1640,2255,512,2.256758334191025,22.629330931711618,35.08514330124537,45.65536278911141,63.41728876349966,181.47269994292526,45,116616.0
3_patch_y02255_x01845.jpg,3_patch_y02255_x01845.png,3.jpg,1845,2255,512,2.256758334191025,25.43237481489809,34.262616074167774,49.89171584499017,73.03150315374589,142.39501307948768,41,114246.0
3_patch_y02255_x02050.jpg,3_patch_y02255_x02050.png,3.jpg,2050,2255,512,16.66031874701878,31.262842918801905,35.66137484323738,45.21970278552824,61.817514673055655,142.39501307948768,40,96303.0
3_patch_y02255_x02255.jpg,3_patch_y02255_x02255.png,3.jpg,2255,2255,512,1.5957691216057308,28.812361638146328,35.89593875735784,45.261931327318294,60.44995858881887,153.8200587043625,36,94963.0
3_patch_y02255_x02460.jpg,3_patch_y02255_x02460.png,3.jpg,2460,2255,512,1.5957691216057308,18.81384047546846,36.14337799512211,46.91941147166166,60.18609893298899,211.95214284571588,31,97591.0
3_patch_y02255_x02665.jpg,3_patch_y02255_x02665.png,3.jpg,2665,2255,512,1.1283791670955126,24.70076379688607,35.59483103100975,41.925162680870095,62.101116705915935,211.95214284571588,40,108148.0
3_patch_y02255_x02870.jpg,3_patch_y02255_x02870.png,3.jpg,2870,2255,512,4.370193722368317,28.026521561608256,35.35944075832655,48.507983076264985,63.581070196924685,159.90769142513525,35,101077.0
3_patch_y02255_x03075.jpg,3_patch_y02255_x03075.png,3.jpg,3075,2255,512,4.370193722368317,28.548839651740824,35.07981761701754,45.10438088140288,64.87751705974593,258.5761555377402,27,128777.0
3_patch_y02255_x03280.jpg,3_patch_y02255_x03280.png,3.jpg,3280,2255,512,1.1283791670955126,30.003005818213616,42.38562253431362,57.136557410303936,76.27208847209415,258.5145977001284,21,131106.0
3_patch_y02255_x03336.jpg,3_patch_y02255_x03336.png,3.jpg,3336,2255,512,1.1283791670955126,29.930423837627785,42.228691256265854,55.96673610663097,78.6707433774873,235.5368197187024,20,120836.0
3_patch_y02460_x00000.jpg,3_patch_y02460_x00000.png,3.jpg,0,2460,512,18.948708441878455,31.755404570407364,39.97393686694656,50.08275055473961,122.67199427426331,231.24616243157874,16,149276.0
3_patch_y02460_x00205.jpg,3_patch_y02460_x00205.png,3.jpg,205,2460,512,1.1283791670955126,26.648593415270934,31.555801468163388,40.821750257777104,71.02393579530926,209.32574063529762,18,70350.0
3_patch_y02460_x00410.jpg,3_patch_y02460_x00410.png,3.jpg,410,2460,512,1.1283791670955126,29.152043570603045,36.01224092074778,41.78951275140401,94.07853042292628,181.7216025470037,18,80070.0
3_patch_y02460_x00615.jpg,3_patch_y02460_x00615.png,3.jpg,615,2460,512,1.1283791670955126,26.619684445403326,31.076159792104058,40.8282831222935,83.79449007988364,222.51969048874247,19,130010.0
3_patch_y02460_x00820.jpg,3_patch_y02460_x00820.png,3.jpg,820,2460,512,1.1283791670955126,21.37237533802371,35.0496171509617,47.63005930055785,85.54908166978763,246.2479102815131,28,180474.0
3_patch_y02460_x01025.jpg,3_patch_y02460_x01025.png,3.jpg,1025,2460,512,1.1283791670955126,35.106118963413174,45.61461233391379,58.099327871296914,74.57812144834799,250.5052578326795,25,183641.0
3_patch_y02460_x01230.jpg,3_patch_y02460_x01230.png,3.jpg,1230,2460,512,10.280023453913834,25.672936327098874,36.37072861433817,50.70729106635671,67.71986256308422,289.42650688503136,27,195246.0
3_patch_y02460_x01435.jpg,3_patch_y02460_x01435.png,3.jpg,1435,2460,512,2.763953195770684,22.903595622322865,38.414640859287665,64.5843072932767,85.18328571642263,249.69580298153082,26,168465.0
3_patch_y02460_x01640.jpg,3_patch_y02460_x01640.png,3.jpg,1640,2460,512,2.763953195770684,26.267175435342597,36.36268380314176,52.987771952023785,70.42898820372862,159.06144408194092,42,122213.0
3_patch_y02460_x01845.jpg,3_patch_y02460_x01845.png,3.jpg,1845,2460,512,2.763953195770684,28.41186145542198,35.03431062722223,49.92998125967452,70.94445658638946,168.71438368467372,41,126336.0
3_patch_y02460_x02050.jpg,3_patch_y02460_x02050.png,3.jpg,2050,2460,512,6.4820448144285745,31.767376200642513,36.31545018391805,43.7688397493751,58.19054200924593,184.4028430400193,39,107364.0
3_patch_y02460_x02255.jpg,3_patch_y02460_x02255.png,3.jpg,2255,2460,512,11.780624362746345,36.511392788247825,43.62903986313552,49.36578256872974,70.7647590926684,153.8200587043625,31,110065.0
3_patch_y02460_x02460.jpg,3_patch_y02460_x02460.png,3.jpg,2460,2460,512,17.876888032555495,36.52858852139898,44.82330138080984,54.99499363508517,74.25780462937465,158.7048350679682,30,118788.0
3_patch_y02460_x02665.jpg,3_patch_y02460_x02665.png,3.jpg,2665,2460,512,9.574614729634384,39.89741638710292,48.776706456082366,61.70983969971291,84.45628543093869,158.7048350679682,29,118444.0
3_patch_y02460_x02870.jpg,3_patch_y02460_x02870.png,3.jpg,2870,2460,512,23.179885415554555,41.064047882046154,51.13685124216644,61.293906356120985,84.55738085980107,172.46492108413855,27,113461.0
3_patch_y02460_x03075.jpg,3_patch_y02460_x03075.png,3.jpg,3075,2460,512,7.046725639945928,29.747293718772774,44.85218479273398,53.79659362062829,65.12419614484948,328.69357816811316,26,136802.0
3_patch_y02460_x03280.jpg,3_patch_y02460_x03280.png,3.jpg,3280,2460,512,1.1283791670955126,24.550646593625284,43.14087596933684,57.687085128230684,69.59045087393102,331.35560792099477,23,147630.0
3_patch_y02460_x03336.jpg,3_patch_y02460_x03336.png,3.jpg,3336,2460,512,1.1283791670955126,33.09605101938923,43.14087596933684,49.608567998052656,69.59045087393102,313.44780980170975,23,138743.0
3_patch_y02665_x00000.jpg,3_patch_y02665_x00000.png,3.jpg,0,2665,512,24.64417299969047,44.84496735694619,51.23629298431904,67.0925464806582,97.31752352087825,217.1917399278643,20,136534.0
3_patch_y02665_x00205.jpg,3_patch_y02665_x00205.png,3.jpg,205,2665,512,1.1283791670955126,25.093699613287964,33.29080813165154,47.6971940931892,80.17195808638476,172.56824653397484,25,95573.0
3_patch_y02665_x00410.jpg,3_patch_y02665_x00410.png,3.jpg,410,2665,512,1.1283791670955126,26.933828790789345,34.45405188872279,41.78951275140401,65.28583764830557,207.42543406171438,28,115001.0
3_patch_y02665_x00615.jpg,3_patch_y02665_x00615.png,3.jpg,615,2665,512,1.1283791670955126,19.782677631304292,26.455479899268074,35.26187918483915,41.95371691617917,315.18965001719374,22,154599.0
3_patch_y02665_x00820.jpg,3_patch_y02665_x00820.png,3.jpg,820,2665,512,3.9088200952233594,21.909160375631842,36.01987085047822,45.64011278674415,84.31944981913217,303.63674914982397,26,172691.0
3_patch_y02665_x01025.jpg,3_patch_y02665_x01025.png,3.jpg,1025,2665,512,15.26443044094783,33.137360658154385,43.48402272354212,59.6688872232112,93.03245200018901,260.37456250365256,23,168384.0
3_patch_y02665_x01230.jpg,3_patch_y02665_x01230.png,3.jpg,1230,2665,512,10.280023453913834,23.357096408162413,35.86992705935987,43.69409515300775,101.48312975592933,329.54853998725355,23,199039.0
3_patch_y02665_x01435.jpg,3_patch_y02665_x01435.png,3.jpg,1435,2665,512,13.727325035155395,31.842673257585204,56.95454607195967,75.23538175636402,138.57807607703606,269.98696993760285,20,177407.0
3_patch_y02665_x01640.jpg,3_patch_y02665_x01640.png,3.jpg,1640,2665,512,13.727325035155395,25.97609921170687,36.19879134073948,61.498117205158,96.75493901920034,176.25846048215095,32,148339.0
3_patch_y02665_x01845.jpg,3_patch_y02665_x01845.png,3.jpg,1845,2665,512,1.1283791670955126,25.795234259385904,34.42585075988189,45.135589483534176,71.93963812167672,192.93634009661636,42,148407.0
3_patch_y02665_x02050.jpg,3_patch_y02665_x02050.png,3.jpg,2050,2665,512,3.385137501286538,27.912277859864194,35.561362804275355,44.24914211858261,60.26853280396685,187.19534916819154,44,134424.0
3_patch_y02665_x02255.jpg,3_patch_y02665_x02255.png,3.jpg,2255,2665,512,3.385137501286538,27.878459498544135,35.889420843014264,43.84944122017707,55.59430436563247,179.79864304500683,40,117570.0
3_patch_y02665_x02460.jpg,3_patch_y02665_x02460.png,3.jpg,2460,2665,512,2.985410660720923,28.11906394744562,36.78931415579092,44.937266471715525,60.618226022423976,179.79864304500683,36,108273.0
3_patch_y02665_x02665.jpg,3_patch_y02665_x02665.png,3.jpg,2665,2665,512,13.86575534383214,34.60310169664795,40.02151505506921,53.11166259704673,74.06445345462937,200.14978340233702,30,120349.0
3_patch_y02665_x02870.jpg,3_patch_y02665_x02870.png,3.jpg,2870,2665,512,13.86575534383214,37.3048364477789,45.54236728995958,56.98035485213009,69.14488043579608,293.5586348692711,26,152163.0
3_patch_y02665_x03075.jpg,3_patch_y02665_x03075.png,3.jpg,3075,2665,512,1.1283791670955126,23.48306511038922,37.06362901559662,46.490800714902825,79.77134690656625,279.8061822150561,22,159066.0
3_patch_y02665_x03280.jpg,3_patch_y02665_x03280.png,3.jpg,3280,2665,512,1.1283791670955126,23.179885415554555,36.63324282875953,49.2366539599895,71.34712117423646,275.2759551884494,26,144890.0
3_patch_y02665_x03336.jpg,3_patch_y02665_x03336.png,3.jpg,3336,2665,512,1.1283791670955126,25.89169414180137,36.36415269280752,47.63040949926451,74.16422193113766,269.5078780082446,28,136658.0
3_patch_y02870_x00000.jpg,3_patch_y02870_x00000.png,3.jpg,0,2870,512,5.4115163798060095,41.42036984156027,55.69600082055457,80.43902802313914,142.9954518314221,254.70394830733585,17,174293.0
3_patch_y02870_x00205.jpg,3_patch_y02870_x00205.png,3.jpg,205,2870,512,1.1283791670955126,25.206081266687335,39.846326208130506,50.51308788471822,104.85429637734512,194.90606726502466,26,138045.0
3_patch_y02870_x00410.jpg,3_patch_y02870_x00410.png,3.jpg,410,2870,512,1.1283791670955126,29.785430689126756,37.07091159003827,46.5762220352562,69.5623807772635,216.04262364381154,34,146753.0
3_patch_y02870_x00615.jpg,3_patch_y02870_x00615.png,3.jpg,615,2870,512,1.1283791670955126,30.957730261806223,34.598930950479364,41.69653958896993,77.47292953858461,308.55135792681637,29,169647.0
3_patch_y02870_x00820.jpg,3_patch_y02870_x00820.png,3.jpg,820,2870,512,8.368283871884005,32.14874528290709,34.598930950479364,62.41019984185821,100.28732618790038,309.63472750809626,19,196578.0
3_patch_y02870_x01025.jpg,3_patch_y02870_x01025.png,3.jpg,1025,2870,512,9.304852983362556,38.520873231236536,64.77469427641923,105.10844313933354,152.3803817365101,372.7991272334499,12,196864.0
3_patch_y02870_x01230.jpg,3_patch_y02870_x01230.png,3.jpg,1230,2870,512,9.304852983362556,18.122625383983497,35.387036558624175,56.303039123207235,174.2485153599913,328.0479836252018,13,218000.0
3_patch_y02870_x01435.jpg,3_patch_y02870_x01435.png,3.jpg,1435,2870,512,22.903595622322865,30.617806881024755,47.686509930801755,69.56769312757805,110.31629728541311,396.4145530259434,14,208460.0
3_patch_y02870_x01640.jpg,3_patch_y02870_x01640.png,3.jpg,1640,2870,512,22.903595622322865,29.076297180076903,38.16524648390242,59.85729762430599,86.13458554594544,319.4090453330011,21,180723.0
3_patch_y02870_x01845.jpg,3_patch_y02870_x01845.png,3.jpg,1845,2870,512,20.342144725641095,29.65201681384949,38.155235926969254,53.368817960748075,84.23702231669277,254.3813149232372,32,171840.0
3_patch_y02870_x02050.jpg,3_patch_y02870_x02050.png,3.jpg,2050,2870,512,4.370193722368317,34.225434710991614,41.99329433919421,57.54733752187114,81.65755014558083,198.80939411208328,31,161613.0
3_patch_y02870_x02255.jpg,3_patch_y02870_x02255.png,3.jpg,2255,2870,512,1.1283791670955126,26.734759878565367,35.512377153192915,48.31266262248846,78.65108169804158,179.79864304500683,29,127622.0
3_patch_y02870_x02460.jpg,3_patch_y02870_x02460.png,3.jpg,2460,2870,512,1.1283791670955126,28.11906394744562,40.35434769286047,52.672468785675115,64.26810315483777,179.79864304500683,31,108076.0
3_patch_y02870_x02665.jpg,3_patch_y02870_x02665.png,3.jpg,2665,2870,512,1.1283791670955126,26.608607340127,39.350807194623805,52.63377458556897,62.47986718503527,309.33851681381543,28,144340.0
3_patch_y02870_x02870.jpg,3_patch_y02870_x02870.png,3.jpg,2870,2870,512,4.068428945128219,29.573459218389967,37.104180250183006,45.384426640322104,55.257200425548106,418.44157980880686,23,185528.0
3_patch_y02870_x03075.jpg,3_patch_y02870_x03075.png,3.jpg,3075,2870,512,9.574614729634384,28.843114169205467,38.16685877634721,47.227548032259044,70.94288715676782,369.22318190329526,19,148274.0
3_patch_y02870_x03280.jpg,3_patch_y02870_x03280.png,3.jpg,3280,2870,512,13.207339536360731,27.57658013074862,34.58769141944736,41.82928783044926,61.66556983072156,202.5307018039191,34,94389.0
3_patch_y02870_x03336.jpg,3_patch_y02870_x03336.png,3.jpg,3336,2870,512,13.207339536360731,28.216549335438703,37.33857714503186,47.42122765506642,61.92694596837911,144.00876954076904,35,85295.0
3_patch_y03075_x00000.jpg,3_patch_y03075_x00000.png,3.jpg,0,3075,512,24.64417299969047,43.51215006203655,59.41963696919232,67.54270714730117,185.70323925325556,335.69801736823604,11,199619.0
3_patch_y03075_x00205.jpg,3_patch_y03075_x00205.png,3.jpg,205,3075,512,4.222008245644752,23.811499793175297,38.96563415296744,48.80113285287046,103.18456630487891,331.0384484856868,20,171662.0
3_patch_y03075_x00410.jpg,3_patch_y03075_x00410.png,3.jpg,410,3075,512,5.046265044040321,29.356415270884412,34.016290352477824,45.28778247772295,72.0312950422976,243.37179454804337,32,154001.0
3_patch_y03075_x00615.jpg,3_patch_y03075_x00615.png,3.jpg,615,3075,512,5.046265044040321,30.277590264241923,34.15095054280933,43.45358724941183,89.4698665347723,236.03631661033967,31,157853.0
3_patch_y03075_x00820.jpg,3_patch_y03075_x00820.png,3.jpg,820,3075,512,5.046265044040321,32.23285325493938,34.454889927379504,53.51841888291888,139.12754230343785,397.8348754035949,13,210764.0
3_patch_y03075_x01025.jpg,3_patch_y03075_x01025.png,3.jpg,1025,3075,512,34.54020054106298,43.49815962263778,57.35784511607312,71.85652026455719,169.3232642827853,518.6789723569594,5,222482.0
3_patch_y03075_x01230.jpg,3_patch_y03075_x01230.png,3.jpg,1230,3075,512,39.42873931692001,40.749115376004944,42.06949143508988,144.26891476370187,347.347385361841,550.42585595998,3,240606.0
3_patch_y03075_x01435.jpg,3_patch_y03075_x01435.png,3.jpg,1435,3075,512,39.08820095223359,42.72967946463235,44.809583372838354,51.97897953911769,100.79906530809994,538.7274958502786,6,242257.0
3_patch_y03075_x01640.jpg,3_patch_y03075_x01640.png,3.jpg,1640,3075,512,14.406180819073164,30.1103134321273,58.97790159033396,94.85039464418743,202.76266330183842,455.83306267093593,7,219964.0
3_patch_y03075_x01845.jpg,3_patch_y03075_x01845.png,3.jpg,1845,3075,512,14.406180819073164,20.342144725641095,39.1857996084118,64.00009074534987,149.074219816196,301.9610960324512,16,196436.0
3_patch_y03075_x02050.jpg,3_patch_y03075_x02050.png,3.jpg,2050,3075,512,4.370193722368317,26.097783694281688,34.24031129332737,42.42169395668355,88.88484468335214,342.7599149139277,23,183747.0
3_patch_y03075_x02255.jpg,3_patch_y03075_x02255.png,3.jpg,2255,3075,512,13.727325035155395,26.628639923365586,34.664802949907866,49.14374802143068,80.65539399640107,330.2278312430332,22,150674.0
3_patch_y03075_x02460.jpg,3_patch_y03075_x02460.png,3.jpg,2460,3075,512,2.985410660720923,23.62757460880354,40.598601267788084,52.78105969528056,63.84270755723288,172.2396045987371,32,103848.0
3_patch_y03075_x02665.jpg,3_patch_y03075_x02665.png,3.jpg,2665,3075,512,1.1283791670955126,26.853023098365764,40.09215528207018,52.66279523564858,63.78682940548089,281.23138878841183,29,119105.0
3_patch_y03075_x02870.jpg,3_patch_y03075_x02870.png,3.jpg,2870,3075,512,2.985410660720923,19.383947825540854,36.517139757787554,45.281207234528736,66.44096318177874,372.8281565792509,24,154828.0
3_patch_y03075_x03075.jpg,3_patch_y03075_x03075.png,3.jpg,3075,3075,512,24.695783889727878,34.518499458737516,41.59349000376818,48.45220410711652,70.08651136158105,318.1829177691218,13,139286.0
3_patch_y03075_x03280.jpg,3_patch_y03075_x03280.png,3.jpg,3280,3075,512,17.841241161527712,30.08539400114932,35.145056292295905,45.284797590550525,60.201185179701646,230.8659363833449,27,102763.0
3_patch_y03075_x03336.jpg,3_patch_y03075_x03336.png,3.jpg,3336,3075,512,17.841241161527712,30.852443521764233,37.27031506489521,47.92878060341246,67.84304805315841,228.3009724098402,27,100632.0
3_patch_y03280_x00000.jpg,3_patch_y03280_x00000.png,3.jpg,0,3280,512,17.44431859350499,51.02457329405485,81.61707163458085,136.32472277056797,256.105689936434,495.77339044552883,5,233587.0
3_patch_y03280_x00205.jpg,3_patch_y03280_x00205.png,3.jpg,205,3280,512,6.6755811781245455,19.241870505820735,31.37831839762668,57.14529610819671,87.87131262481913,477.1656542410251,8,194623.0
3_patch_y03280_x00410.jpg,3_patch_y03280_x00410.png,3.jpg,410,3280,512,2.763953195770684,30.227074938743662,34.53863250831698,41.9249042672432,62.23818405424366,351.88427888369006,27,158412.0
3_patch_y03280_x00615.jpg,3_patch_y03280_x00615.png,3.jpg,615,3280,512,13.207339536360731,31.2168614516651,36.635912140114065,51.72482389565217,71.3756510931413,263.04064959621394,32,150167.0
3_patch_y03280_x00820.jpg,3_patch_y03280_x00820.png,3.jpg,820,3280,512,5.863230142835039,28.61374553695523,36.322344789497755,47.09907618106903,72.01758844737519,368.63993691497046,22,203216.0
3_patch_y03280_x01025.jpg,3_patch_y03280_x01025.png,3.jpg,1025,3280,512,12.309163489997376,48.94892983114811,64.84628949042741,77.49981489515925,129.30321384036242,461.96344722515664,10,214233.0
3_patch_y03280_x01230.jpg,3_patch_y03280_x01230.png,3.jpg,1230,3280,512,53.80842614988623,76.73935732216427,84.25104075470908,106.04149786790917,210.0147557839912,502.28084732701967,5,226224.0
3_patch_y03280_x01435.jpg,3_patch_y03280_x01435.png,3.jpg,1435,3280,512,90.24211947935454,120.50931703462814,150.77651458990172,235.77969270195638,375.51885137079216,515.2580100396278,3,236531.0
3_patch_y03280_x01640.jpg,3_patch_y03280_x01640.png,3.jpg,1640,3280,512,18.26441241104166,27.557623075152986,38.79488443601932,51.138187056627004,118.50563338552077,441.43427524778554,12,201350.0
3_patch_y03280_x01845.jpg,3_patch_y03280_x01845.png,3.jpg,1845,3280,512,19.21560480373171,28.215100362050407,40.25854462987821,83.70550895968509,141.31045777803047,303.4291098746861,15,181783.0
3_patch_y03280_x02050.jpg,3_patch_y03280_x02050.png,3.jpg,2050,3280,512,21.019374919894773,31.92012204641994,39.62988438784974,60.80389853288532,113.59987491554212,413.8691130220721,14,191356.0
3_patch_y03280_x02255.jpg,3_patch_y03280_x02255.png,3.jpg,2255,3280,512,21.019374919894773,29.01048857782139,37.70828178759908,47.26571033550605,74.45574338317185,410.33613522923787,14,175299.0
3_patch_y03280_x02460.jpg,3_patch_y03280_x02460.png,3.jpg,2460,3280,512,2.763953195770684,29.91796586132256,40.58954845455925,53.12258329591229,61.565940684832576,245.5903712966968,29,119979.0
3_patch_y03280_x02665.jpg,3_patch_y03280_x02665.png,3.jpg,2665,3280,512,1.1283791670955126,29.29950528782585,36.67147474730476,52.67721262749987,67.06599830000033,164.12002488688688,35,98039.0
3_patch_y03280_x02870.jpg,3_patch_y03280_x02870.png,3.jpg,2870,3280,512,2.763953195770684,25.00717016699348,36.97907773865252,52.39202850437235,80.0033872268648,188.89148144401184,27,89958.0
3_patch_y03280_x03075.jpg,3_patch_y03280_x03075.png,3.jpg,3075,3280,512,16.46815177937675,33.31851070432946,42.56692423514051,52.75073199864451,64.77073269695738,233.12979905315655,19,90441.0
3_patch_y03280_x03280.jpg,3_patch_y03280_x03280.png,3.jpg,3280,3280,512,17.517155313611116,33.430276188977935,39.677827133434704,47.45095689177897,57.551337356180106,234.89808196458952,27,92096.0
3_patch_y03280_x03336.jpg,3_patch_y03280_x03336.png,3.jpg,3336,3280,512,29.185565874723483,36.21608616658109,44.49570558229322,49.599411443100756,69.31559386049219,232.37762872480428,25,100227.0
3_patch_y03485_x00000.jpg,3_patch_y03485_x00000.png,3.jpg,0,3485,512,20.342144725641095,90.12981556406775,159.91748640249443,258.54197694253344,386.00328718418484,513.4645974258361,3,237199.0
3_patch_y03485_x00205.jpg,3_patch_y03485_x00205.png,3.jpg,205,3485,512,6.6755811781245455,18.17803974013714,27.950047344900973,35.20873242243931,76.55484498370312,452.3632535371832,10,187278.0
3_patch_y03485_x00410.jpg,3_patch_y03485_x00410.png,3.jpg,410,3485,512,2.763953195770684,28.887386193211444,35.060884335360946,53.35928594237278,71.00647769084347,317.3374577200011,33,147894.0
3_patch_y03485_x00615.jpg,3_patch_y03485_x00615.png,3.jpg,615,3485,512,1.5957691216057308,29.041159339136374,34.85202192926861,53.376952189244356,71.59018612721084,188.48323473773604,45,140971.0
3_patch_y03485_x00820.jpg,3_patch_y03485_x00820.png,3.jpg,820,3485,512,5.527906391541368,30.53307130562378,36.53230956588483,52.867067449694325,69.6256405033005,237.50974302013674,39,173044.0
3_patch_y03485_x01025.jpg,3_patch_y03485_x01025.png,3.jpg,1025,3485,512,29.661566469288122,44.69771870874519,61.97895605664842,79.8520479819898,129.32253898227577,299.109884640922,20,189410.0
3_patch_y03485_x01230.jpg,3_patch_y03485_x01230.png,3.jpg,1230,3485,512,53.80842614988623,81.83344798190153,105.89325444304058,117.43686469093916,147.57540582311174,402.1227367619374,9,204882.0
3_patch_y03485_x01435.jpg,3_patch_y03485_x01435.png,3.jpg,1435,3485,512,35.088782249586586,73.04602529743242,107.31130578855047,118.40631759585004,202.63352998782977,410.6106516814749,7,205824.0
3_patch_y03485_x01640.jpg,3_patch_y03485_x01640.png,3.jpg,1640,3485,512,12.514330345744634,32.101998111708674,52.59255262022104,86.29373676059697,125.09550903452676,296.3451102322478,17,178816.0
3_patch_y03485_x01845.jpg,3_patch_y03485_x01845.png,3.jpg,1845,3485,512,12.514330345744634,34.83772661565209,51.919302936235525,88.58899050179774,132.34765784079582,229.26099024084374,19,162106.0
3_patch_y03485_x02050.jpg,3_patch_y03485_x02050.png,3.jpg,2050,3485,512,12.514330345744634,27.33846397952051,37.86380497746883,52.43018383606161,95.66632556734031,329.49251320922775,16,178585.0
3_patch_y03485_x02255.jpg,3_patch_y03485_x02255.png,3.jpg,2255,3485,512,21.11004122822376,31.735350634355903,40.14873925336531,55.58913900279658,105.16348551455312,366.09426955014936,16,172340.0
3_patch_y03485_x02460.jpg,3_patch_y03485_x02460.png,3.jpg,2460,3485,512,2.985410660720923,29.572096776708428,40.53810796738191,56.18843286312205,73.73931135736701,276.33312363233244,27,124103.0
3_patch_y03485_x02665.jpg,3_patch_y03485_x02665.png,3.jpg,2665,3485,512,1.1283791670955126,28.022805214307628,38.720851975582434,55.125451718494816,64.18861330533032,89.53388282461889,35,75255.0
3_patch_y03485_x02870.jpg,3_patch_y03485_x02870.png,3.jpg,2870,3485,512,1.1283791670955126,27.2675584532047,31.306929861163237,43.65515678335192,63.966841617664045,88.3096382707056,33,64295.0
3_patch_y03485_x03075.jpg,3_patch_y03485_x03075.png,3.jpg,3075,3485,512,1.1283791670955126,28.657225050839724,37.72278848593805,51.817430513653065,66.23355498891002,217.25914572791166,23,101461.0
3_patch_y03485_x03280.jpg,3_patch_y03485_x03280.png,3.jpg,3280,3485,512,1.1283791670955126,27.607900439882513,34.90902965680379,45.71753930902018,68.5601467892759,279.1273440948308,25,130175.0
3_patch_y03485_x03336.jpg,3_patch_y03485_x03336.png,3.jpg,3336,3485,512,3.742410318509555,29.2726871606753,37.77964438223469,51.474377049109336,69.74077043515021,279.1273440948308,21,135098.0
3_patch_y03690_x00000.jpg,3_patch_y03690_x00000.png,3.jpg,0,3690,512,12.914889870235298,13.398760233979036,41.45929793656026,62.551299914319564,343.02355500337774,364.5799898967064,6,201503.0
3_patch_y03690_x00205.jpg,3_patch_y03690_x00205.png,3.jpg,205,3690,512,18.47236308621676,32.429860683500394,45.9156974616956,61.48139584164886,99.60516494885712,285.16532615860814,13,155468.0
3_patch_y03690_x00410.jpg,3_patch_y03690_x00410.png,3.jpg,410,3690,512,2.763953195770684,31.184985418036135,34.45952204838099,57.21164070130394,74.00130383323201,226.48962011058026,29,133301.0
3_patch_y03690_x00615.jpg,3_patch_y03690_x00615.png,3.jpg,615,3690,512,1.5957691216057308,30.686802343121784,34.93848540703507,50.65083023898941,64.12069984913626,289.63099655480846,35,149942.0
3_patch_y03690_x00820.jpg,3_patch_y03690_x00820.png,3.jpg,820,3690,512,15.09668435477122,31.626774257020955,37.38613189116329,54.61046009260679,68.75135083617113,244.89467588263403,37,169274.0
3_patch_y03690_x01025.jpg,3_patch_y03690_x01025.png,3.jpg,1025,3690,512,10.704744696916627,31.90598135918963,49.14222231914207,61.978956056648414,135.21416644150756,190.72612247168345,27,177063.0
3_patch_y03690_x01230.jpg,3_patch_y03690_x01230.png,3.jpg,1230,3690,512,4.068428945128219,22.595775212167435,41.917425633434654,85.73454316526154,156.29578978746943,227.84599175207535,21,187413.0
3_patch_y03690_x01435.jpg,3_patch_y03690_x01435.png,3.jpg,1435,3690,512,12.205286835384658,36.52057368301773,51.319551277137045,100.45522736297266,138.66271414202257,229.0859828861075,19,188858.0
3_patch_y03690_x01640.jpg,3_patch_y03690_x01640.png,3.jpg,1640,3690,512,12.205286835384658,36.80654186499942,50.79081809139047,70.8133659354521,113.99899897443201,216.99233074892544,25,169301.0
3_patch_y03690_x01845.jpg,3_patch_y03690_x01845.png,3.jpg,1845,3690,512,7.569397566060481,37.47510130530516,52.51511071964299,98.35039817587436,111.10954336037989,241.56539813217714,21,176399.0
3_patch_y03690_x02050.jpg,3_patch_y03690_x02050.png,3.jpg,2050,3690,512,5.863230142835039,24.683554431500507,49.5409011298841,58.049513828153394,137.32811285961455,241.56539813217714,18,167589.0
3_patch_y03690_x02255.jpg,3_patch_y03690_x02255.png,3.jpg,2255,3690,512,2.763953195770684,24.357934387855494,38.15843463791078,56.44280554629269,91.04637184479306,234.32281606185762,22,133883.0
3_patch_y03690_x02460.jpg,3_patch_y03690_x02460.png,3.jpg,2460,3690,512,1.1283791670955126,28.23182195147925,39.852620460729995,55.880427307292095,66.75392522944875,217.9641877297808,28,99034.0
3_patch_y03690_x02665.jpg,3_patch_y03690_x02665.png,3.jpg,2665,3690,512,1.1283791670955126,24.095585330081406,41.29004420438882,56.93564683830091,70.65672122952333,118.04377822478244,36,86028.0
3_patch_y03690_x02870.jpg,3_patch_y03690_x02870.png,3.jpg,2870,3690,512,9.373021315815206,28.563652312896878,47.3551517275382,63.10453250112713,75.86026014617099,130.45351568635544,30,89736.0
3_patch_y03690_x03075.jpg,3_patch_y03690_x03075.png,3.jpg,3075,3690,512,9.373021315815206,31.85548488335917,49.67432171350451,62.45963468567951,71.49864874325723,257.31746160115654,26,119759.0
3_patch_y03690_x03280.jpg,3_patch_y03690_x03280.png,3.jpg,3280,3690,512,23.58825303088947,32.50254512502991,44.434403492249665,55.476739164693505,79.28559347040796,318.21692951873604,23,142913.0
3_patch_y03690_x03336.jpg,3_patch_y03690_x03336.png,3.jpg,3336,3690,512,28.61281229213077,33.14960536670065,47.90899562472093,58.26044728751019,78.5117589196875,318.21692951873604,20,142955.0
3_patch_y03895_x00000.jpg,3_patch_y03895_x00000.png,3.jpg,0,3895,512,10.217907939900583,22.06435307668594,31.53202873674808,40.2710090808693,66.23925618084431,357.54310231081865,23,145832.0
3_patch_y03895_x00205.jpg,3_patch_y03895_x00205.png,3.jpg,205,3895,512,10.217907939900583,24.414472643817238,32.17735940929998,38.83184492943865,63.446543510195255,298.89484086529063,29,128711.0
3_patch_y03895_x00410.jpg,3_patch_y03895_x00410.png,3.jpg,410,3895,512,10.217907939900583,27.151532118863187,33.62494186946387,38.09846559899868,55.38261517179382,295.75590733458847,31,129700.0
3_patch_y03895_x00615.jpg,3_patch_y03895_x00615.png,3.jpg,615,3895,512,11.780624362746345,27.175206292693886,35.17616897238289,38.80599548190802,50.933840552111775,354.4870993817577,28,154987.0
3_patch_y03895_x00820.jpg,3_patch_y03895_x00820.png,3.jpg,820,3895,512,19.347672370394786,27.60984534764685,36.539279053487846,42.24702904360166,59.0328927123702,280.7760190816998,30,165070.0
3_patch_y03895_x01025.jpg,3_patch_y03895_x01025.png,3.jpg,1025,3895,512,5.292567428401227,17.249182414825658,28.238273045613862,48.16347938782383,94.18511075687046,227.93259175329354,27,170007.0
3_patch_y03895_x01230.jpg,3_patch_y03895_x01230.png,3.jpg,1230,3895,512,4.068428945128219,28.299605538565682,42.25022889545923,53.60691795344386,128.0300195224561,211.29634316792726,26,175568.0
3_patch_y03895_x01435.jpg,3_patch_y03895_x01435.png,3.jpg,1435,3895,512,15.635280380893438,37.879177855530344,43.31513312853538,64.11320375872968,108.39979579389008,193.35164729713023,29,168301.0
3_patch_y03895_x01640.jpg,3_patch_y03895_x01640.png,3.jpg,1640,3895,512,1.1283791670955126,38.333135997462556,48.75643926983327,68.60608571786456,97.74291453566869,241.11168443910552,27,173499.0
3_patch_y03895_x01845.jpg,3_patch_y03895_x01845.png,3.jpg,1845,3895,512,7.569397566060481,34.41258959051507,45.64037503362601,63.728413982493926,143.42879987438982,258.52198541457443,18,187210.0
3_patch_y03895_x02050.jpg,3_patch_y03895_x02050.png,3.jpg,2050,3895,512,2.5231325220201604,15.222667215103916,38.13187066074199,53.618792340111476,107.93582275744573,293.3937727711857,16,157278.0
3_patch_y03895_x02255.jpg,3_patch_y03895_x02255.png,3.jpg,2255,3895,512,1.1283791670955126,28.34456125481373,40.3227838650409,62.88626261710434,84.62843753216345,192.30838727517198,21,104393.0
3_patch_y03895_x02460.jpg,3_patch_y03895_x02460.png,3.jpg,2460,3895,512,1.1283791670955126,32.48423891576511,42.451657183769186,54.616439349937565,70.59531957111429,117.87107326290915,27,78031.0
3_patch_y03895_x02665.jpg,3_patch_y03895_x02665.png,3.jpg,2665,3895,512,2.256758334191025,17.213357618150773,39.902324711465674,56.234194705315566,69.80578141031873,221.61952855774894,27,98395.0
3_patch_y03895_x02870.jpg,3_patch_y03895_x02870.png,3.jpg,2870,3895,512,2.5231325220201604,27.270304952222105,34.31799377267066,57.374339059595926,72.58068885121561,288.3290300930397,29,135109.0
3_patch_y03895_x03075.jpg,3_patch_y03895_x03075.png,3.jpg,3075,3895,512,2.5231325220201604,29.140712186966393,43.53225337334352,60.96919902649739,75.39747907616517,252.42928961555938,25,151826.0
3_patch_y03895_x03280.jpg,3_patch_y03895_x03280.png,3.jpg,3280,3895,512,1.5957691216057308,29.00873721325749,41.5430532428897,58.29630471537219,73.32847237932198,260.0295868226553,29,143015.0
3_patch_y03895_x03336.jpg,3_patch_y03895_x03336.png,3.jpg,3336,3895,512,9.901487006738307,28.61281229213077,39.76636159571394,58.82741777938389,66.91773665354775,260.0295868226553,26,134956.0
3_patch_y04100_x00000.jpg,3_patch_y04100_x00000.png,3.jpg,0,4100,512,1.1283791670955126,21.2901319012579,28.33847332408885,41.83448786565576,58.33244220062338,223.80626374139152,42,110112.0
3_patch_y04100_x00205.jpg,3_patch_y04100_x00205.png,3.jpg,205,4100,512,1.1283791670955126,24.016192740836935,32.252700786889584,38.26519928662906,50.83971160237222,196.2633841216259,46,106051.0
3_patch_y04100_x00410.jpg,3_patch_y04100_x00410.png,3.jpg,410,4100,512,1.1283791670955126,24.624591101122927,31.990782891827706,34.920322549974436,58.78527743459433,257.9599161235982,43,117783.0
3_patch_y04100_x00615.jpg,3_patch_y04100_x00615.png,3.jpg,615,4100,512,11.780624362746345,27.927968567957233,33.153556640137474,38.559653671898424,59.10821921246325,297.55638911194376,34,132615.0
3_patch_y04100_x00820.jpg,3_patch_y04100_x00820.png,3.jpg,820,4100,512,4.787307364817192,23.053074350342122,30.601887056288717,38.4568808095106,56.14844436264697,220.2363740545281,37,137574.0
3_patch_y04100_x01025.jpg,3_patch_y04100_x01025.png,3.jpg,1025,4100,512,4.787307364817192,21.562741937268914,29.362151837545447,38.82014225639155,49.17122825196158,289.79580247337367,37,144532.0
3_patch_y04100_x01230.jpg,3_patch_y04100_x01230.png,3.jpg,1230,4100,512,2.985410660720923,20.98906578384008,28.568278705151968,35.269746741453275,45.80719124464573,273.2844890869777,46,155242.0
3_patch_y04100_x01435.jpg,3_patch_y04100_x01435.png,3.jpg,1435,4100,512,2.985410660720923,23.11929009601213,29.088556951663712,36.43413209126206,50.793558930623625,193.35164729713023,55,136326.0
3_patch_y04100_x01640.jpg,3_patch_y04100_x01640.png,3.jpg,1640,4100,512,1.1283791670955126,24.895136302359237,31.103042615505455,42.11080266319521,57.996656115669,242.06560492613758,38,153954.0
3_patch_y04100_x01845.jpg,3_patch_y04100_x01845.png,3.jpg,1845,4100,512,5.641895835477563,19.195674915055882,27.190369592706823,32.65419519263631,58.26417941937626,368.22350869871445,25,181644.0
3_patch_y04100_x02050.jpg,3_patch_y04100_x02050.png,3.jpg,2050,4100,512,2.5231325220201604,18.482385453880024,45.496903877448865,59.44570652657112,90.01402836527998,416.08589720851995,13,178181.0
3_patch_y04100_x02255.jpg,3_patch_y04100_x02255.png,3.jpg,2255,4100,512,18.26441241104166,32.429860683500394,46.26354585091602,62.69362387513939,73.34464586120832,290.6359542052913,21,121324.0
3_patch_y04100_x02460.jpg,3_patch_y04100_x02460.png,3.jpg,2460,4100,512,25.532305945691693,39.762171660273935,45.563564396009106,54.616439349937565,69.64808746542481,202.06180361716676,27,110097.0
3_patch_y04100_x02665.jpg,3_patch_y04100_x02665.png,3.jpg,2665,4100,512,10.464157913908982,42.46065467400368,46.08430926701898,52.454462690725244,93.66226808712926,226.17740476972799,26,145565.0
3_patch_y04100_x02870.jpg,3_patch_y04100_x02870.png,3.jpg,2870,4100,512,23.615226456547084,37.91003761916748,46.87789495386211,57.75445107018676,78.11640258063706,353.28360614761664,23,172265.0
3_patch_y04100_x03075.jpg,3_patch_y04100_x03075.png,3.jpg,3075,4100,512,23.615226456547084,37.91003761916748,44.828825990564845,52.06401635954739,78.11640258063706,324.64784464722277,23,155496.0
3_patch_y04100_x03280.jpg,3_patch_y04100_x03280.png,3.jpg,3280,4100,512,1.5957691216057308,33.47313548753602,40.41740139958547,55.27906391541368,71.94246832955092,177.8763691069412,31,128674.0
3_patch_y04100_x03336.jpg,3_patch_y04100_x03336.png,3.jpg,3336,4100,512,1.9544100476116797,33.258402716023014,39.896569556488245,52.00268038667115,68.79992017008762,177.8763691069412,29,118018.0
3_patch_y04305_x00000.jpg,3_patch_y04305_x00000.png,3.jpg,0,4305,512,1.1283791670955126,24.911279691705378,32.13791305456271,44.331985106095566,66.86751839027288,103.74954029387825,52,99712.0
3_patch_y04305_x00205.jpg,3_patch_y04305_x00205.png,3.jpg,205,4305,512,1.1283791670955126,23.840165176318088,31.290886068516937,39.90053731881748,55.24714101768629,112.69678104867613,58,91981.0
3_patch_y04305_x00410.jpg,3_patch_y04305_x00410.png,3.jpg,410,4305,512,1.1283791670955126,26.916673543773612,31.728864996765832,37.35376899442117,49.6554933245472,160.37678149655898,55,93541.0
3_patch_y04305_x00615.jpg,3_patch_y04305_x00615.png,3.jpg,615,4305,512,1.5957691216057308,27.667010907292685,32.51976222858366,38.25133508473496,51.90294645626736,160.37678149655898,48,102811.0
3_patch_y04305_x00820.jpg,3_patch_y04305_x00820.png,3.jpg,820,4305,512,5.970821321441846,23.644855487925636,27.630219263025257,34.12718361728509,43.364108753728814,191.93394631440907,54,113737.0
3_patch_y04305_x01025.jpg,3_patch_y04305_x01025.png,3.jpg,1025,4305,512,5.292567428401227,24.002296275296725,30.681363678267793,37.31848248133856,43.72230772313353,259.33580399166016,55,134884.0
3_patch_y04305_x01230.jpg,3_patch_y04305_x01230.png,3.jpg,1230,4305,512,3.1915382432114616,26.344370110665967,30.983987940653606,35.22629284118748,44.01092343893063,245.44775879744546,64,126231.0
3_patch_y04305_x01435.jpg,3_patch_y04305_x01435.png,3.jpg,1435,4305,512,9.440697438826296,24.581832195494915,29.131805469570633,34.93599913836843,45.701261662771266,134.55182305189803,68,104203.0
3_patch_y04305_x01640.jpg,3_patch_y04305_x01640.png,3.jpg,1640,4305,512,1.1283791670955126,25.15551736167189,32.23295624828558,35.10692067532608,47.49926813405348,238.07196041089293,41,140788.0
3_patch_y04305_x01845.jpg,3_patch_y04305_x01845.png,3.jpg,1845,4305,512,5.641895835477563,22.792141940852034,26.17255958188877,39.926130666625134,60.73363945210073,332.79534521803055,21,188391.0
3_patch_y04305_x02050.jpg,3_patch_y04305_x02050.png,3.jpg,2050,4305,512,2.5231325220201604,11.4072163385731,30.16712177448145,111.25231252308078,274.7229371158806,385.58880704425854,7,210429.0
3_patch_y04305_x02255.jpg,3_patch_y04305_x02255.png,3.jpg,2255,4305,512,18.26441241104166,27.73308518721354,46.6125296726458,62.77882483213991,203.05104291844268,288.6048934745994,12,179729.0
3_patch_y04305_x02460.jpg,3_patch_y04305_x02460.png,3.jpg,2460,4305,512,15.716503163191918,40.60201140905259,47.08732088288457,58.867837149737184,84.58458812708867,349.56997197407736,20,169359.0
3_patch_y04305_x02665.jpg,3_patch_y04305_x02665.png,3.jpg,2665,4305,512,10.881694613449236,44.25778399359993,46.818282426335536,60.04358419258828,94.70190261980746,348.47556812367225,20,166402.0
3_patch_y04305_x02870.jpg,3_patch_y04305_x02870.png,3.jpg,2870,4305,512,15.716503163191918,38.559321733472125,46.468697517396336,54.756735958284416,104.98761161422804,277.2255618801397,19,173543.0
3_patch_y04305_x03075.jpg,3_patch_y04305_x03075.png,3.jpg,3075,4305,512,26.05065598682386,38.81347774268017,45.171215437771785,67.61015720303376,129.06074756381688,267.46156841946544,17,152269.0
3_patch_y04305_x03280.jpg,3_patch_y04305_x03280.png,3.jpg,3280,4305,512,15.222667215103916,37.80302285532524,47.232502200169534,68.28315183732965,111.48993243639595,191.2328062961043,25,141092.0
3_patch_y04305_x03336.jpg,3_patch_y04305_x03336.png,3.jpg,3336,4305,512,15.222667215103916,34.87516606147844,43.92619629656351,62.98573002706932,105.84754881602088,191.2328062961043,25,124226.0
3_patch_y04510_x00000.jpg,3_patch_y04510_x00000.png,3.jpg,0,4510,512,1.1283791670955126,27.085447999755637,34.71628287105139,50.342193360873885,69.7461165204402,112.97324106364866,54,117628.0
3_patch_y04510_x00205.jpg,3_patch_y04510_x00205.png,3.jpg,205,4510,512,3.5682482323055424,27.138504772990295,35.761049081062794,48.5804604427273,70.59534870601368,125.32122639165415,52,125304.0
3_patch_y04510_x00410.jpg,3_patch_y04510_x00410.png,3.jpg,410,4510,512,3.5682482323055424,27.91879732880795,30.811086428623504,45.12452425093129,64.96561494665902,188.48323473773604,49,127311.0
3_patch_y04510_x00615.jpg,3_patch_y04510_x00615.png,3.jpg,615,4510,512,1.5957691216057308,26.438769072322643,30.77808020788433,43.992318738587166,62.906506062861936,188.48323473773604,41,121950.0
3_patch_y04510_x00820.jpg,3_patch_y04510_x00820.png,3.jpg,820,4510,512,1.1283791670955126,22.708192698181442,27.616489409343153,33.511151553720346,43.292131038448076,191.93394631440907,56,108944.0
3_patch_y04510_x01025.jpg,3_patch_y04510_x01025.png,3.jpg,1025,4510,512,1.1283791670955126,22.35700912649428,29.489316891309294,36.94816367281423,48.482076101048314,175.35317221354788,70,110455.0
3_patch_y04510_x01230.jpg,3_patch_y04510_x01230.png,3.jpg,1230,4510,512,1.1283791670955126,23.784703019085057,30.019830151434363,34.09108637992535,50.04241845137115,101.10806251075442,78,104161.0
3_patch_y04510_x01435.jpg,3_patch_y04510_x01435.png,3.jpg,1435,4510,512,1.1283791670955126,21.037525488141597,27.443100110479023,33.66589610560842,44.98248664798062,205.59427619979581,65,117139.0
3_patch_y04510_x01640.jpg,3_patch_y04510_x01640.png,3.jpg,1640,4510,512,8.812923024107548,22.98683125324351,29.575590733458846,34.29975713230766,39.958007821935944,366.53917051375237,36,160270.0
3_patch_y04510_x01845.jpg,3_patch_y04510_x01845.png,3.jpg,1845,4510,512,11.941642642883693,19.115955360352558,26.17255958188877,33.92651689225682,39.958007821935944,475.3490602136186,16,207211.0
3_patch_y04510_x02050.jpg,3_patch_y04510_x02050.png,3.jpg,2050,4510,512,11.396070970426017,11.451797811161432,58.24010771946145,146.5937823921604,156.76350485024687,477.2190180295153,6,217913.0
3_patch_y04510_x02255.jpg,3_patch_y04510_x02255.png,3.jpg,2255,4510,512,20.026743534373637,42.23689937164928,68.89264294451432,120.53186692170706,175.13026072834722,402.76182067939783,9,208588.0
3_patch_y04510_x02460.jpg,3_patch_y04510_x02460.png,3.jpg,2460,4510,512,5.4115163798060095,28.667565799182185,78.81716277948335,125.45117140304747,189.42227156792214,344.784004986018,10,207223.0
3_patch_y04510_x02665.jpg,3_patch_y04510_x02665.png,3.jpg,2665,4510,512,5.4115163798060095,33.0303055746466,53.24782794423392,96.66919802575998,162.49102246001976,343.6743609397672,12,183110.0
3_patch_y04510_x02870.jpg,3_patch_y04510_x02870.png,3.jpg,2870,4510,512,10.704744696916627,33.55213493427049,51.932417058877256,152.0174777960037,196.67530664160216,206.1508901852482,12,165250.0
3_patch_y04510_x03075.jpg,3_patch_y04510_x03075.png,3.jpg,3075,4510,512,10.704744696916627,31.811365959950482,47.232502200169534,95.05142259750316,149.86063568055212,243.4188749734504,15,151563.0
3_patch_y04510_x03280.jpg,3_patch_y04510_x03280.png,3.jpg,3280,4510,512,10.704744696916627,48.66960710448505,82.64042317465703,107.13837399963828,128.86353837082729,236.11182407119958,17,160481.0
3_patch_y04510_x03336.jpg,3_patch_y04510_x03336.png,3.jpg,3336,4510,512,7.046725639945928,48.3889194213713,76.67168302601846,104.65982898589412,117.39482455463444,221.4356071351124,16,147771.0
3_patch_y04715_x00000.jpg,3_patch_y04715_x00000.png,3.jpg,0,4715,512,1.1283791670955126,27.744273420358613,32.908754707370406,54.03761670103116,86.09898983386871,162.99514207621007,44,140741.0
3_patch_y04715_x00205.jpg,3_patch_y04715_x00205.png,3.jpg,205,4715,512,1.1283791670955126,25.976528710334367,31.383042626855392,54.03410418170242,77.92178559659482,190.28166736087275,42,153730.0
3_patch_y04715_x00410.jpg,3_patch_y04715_x00410.png,3.jpg,410,4715,512,1.1283791670955126,24.041750603012336,28.584520741091,37.773249210578584,64.96561494665902,190.28166736087275,44,139851.0
3_patch_y04715_x00615.jpg,3_patch_y04715_x00615.png,3.jpg,615,4715,512,1.1283791670955126,23.77571232463303,28.44592095260652,36.38329830062708,57.08734070677512,172.00288968929053,47,112530.0
3_patch_y04715_x00820.jpg,3_patch_y04715_x00820.png,3.jpg,820,4715,512,3.1915382432114616,19.996824648485006,28.710476118851265,33.009561850989414,46.812775527823284,136.65971477423537,64,93468.0
3_patch_y04715_x01025.jpg,3_patch_y04715_x01025.png,3.jpg,1025,4715,512,1.1283791670955126,22.03049900430101,29.847350727337446,34.214173968964005,47.363537909785244,107.1128448768333,77,97856.0
3_patch_y04715_x01230.jpg,3_patch_y04715_x01230.png,3.jpg,1230,4715,512,1.1283791670955126,20.98906578384008,27.104597715372734,32.46909827883606,41.08911822269767,105.21190332812873,86,98780.0
3_patch_y04715_x01435.jpg,3_patch_y04715_x01435.png,3.jpg,1435,4715,512,1.1283791670955126,2.256758334191025,23.441999873545868,30.93863107976133,39.36478405974991,209.23752470749258,67,114223.0
3_patch_y04715_x01640.jpg,3_patch_y04715_x01640.png,3.jpg,1640,4715,512,1.1283791670955126,1.5957691216057308,4.652426491681278,26.414679072721462,34.77898169151024,419.8374243138667,41,183297.0
3_patch_y04715_x01845.jpg,3_patch_y04715_x01845.png,3.jpg,1845,4715,512,16.50676414605009,19.749390355472155,25.826733769821065,41.677154579885595,159.48348474883244,556.6730280122058,5,247450.0
3_patch_y04715_x02050.jpg,3_patch_y04715_x02050.png,3.jpg,2050,4715,512,577.7301335529024,577.7301335529024,577.7301335529024,577.7301335529024,577.7301335529024,577.7301335529024,1,262144.0
3_patch_y04715_x02255.jpg,3_patch_y04715_x02255.png,3.jpg,2255,4715,512,20.026743534373637,29.936462381687168,49.64266901081098,67.08563534125399,123.19040687088913,506.296577692711,8,231514.0
3_patch_y04715_x02460.jpg,3_patch_y04715_x02460.png,3.jpg,2460,4715,512,2.763953195770684,48.18336056783505,68.51912717140911,112.31279562318718,157.06346127973842,350.2813183256405,13,196992.0
3_patch_y04715_x02665.jpg,3_patch_y04715_x02665.png,3.jpg,2665,4715,512,20.590987552733093,50.739546797290224,60.35660921946777,95.03375461110178,176.36732355537137,213.57985197397875,14,164453.0
3_patch_y04715_x02870.jpg,3_patch_y04715_x02870.png,3.jpg,2870,4715,512,27.96013377055607,50.927806505536125,80.29395536900509,144.24596742721832,202.07049784631528,272.6758083408841,9,158494.0
3_patch_y04715_x03075.jpg,3_patch_y04715_x03075.png,3.jpg,3075,4715,512,12.514330345744634,42.99959448066927,99.31627608601181,107.63670352974381,188.83768916244495,250.6119715071411,9,135011.0
3_patch_y04715_x03280.jpg,3_patch_y04715_x03280.png,3.jpg,3280,4715,512,5.170882945826411,42.70716708429787,57.70367128734549,77.30938092366732,103.72822508263737,243.52085133635876,15,114360.0
3_patch_y04715_x03336.jpg,3_patch_y04715_x03336.png,3.jpg,3336,4715,512,5.170882945826411,31.580812751739842,43.99226157779949,69.33636854092063,104.1737764496272,229.31929634605913,15,109718.0
3_patch_y04920_x00000.jpg,3_patch_y04920_x00000.png,3.jpg,0,4920,512,1.1283791670955126,27.17400278477838,30.63283541812932,48.38814205540187,66.99126682847347,193.18365431819626,48,151132.0
3_patch_y04920_x00205.jpg,3_patch_y04920_x00205.png,3.jpg,205,4920,512,5.970821321441846,27.117287574596276,30.5104092372554,41.45156854438242,62.64551911612807,205.7707001984681,43,151149.0
3_patch_y04920_x00410.jpg,3_patch_y04920_x00410.png,3.jpg,410,4920,512,5.046265044040321,25.60199955632588,29.622536918778152,39.61161673130595,58.788044538502156,190.28166736087275,54,123876.0
3_patch_y04920_x00615.jpg,3_patch_y04920_x00615.png,3.jpg,615,4920,512,2.256758334191025,26.04494895803184,28.940102465133947,37.893231416528685,48.03192208627429,128.73416762566524,60,95380.0
3_patch_y04920_x00820.jpg,3_patch_y04920_x00820.png,3.jpg,820,4920,512,2.256758334191025,23.36518784312253,29.71302755992649,37.23651251415192,47.29463800091233,103.55299824611328,69,97965.0
3_patch_y04920_x01025.jpg,3_patch_y04920_x01025.png,3.jpg,1025,4920,512,1.1283791670955126,23.96621308113222,31.294144388635193,37.23651251415192,49.77813050294991,101.22133478908414,72,110495.0
3_patch_y04920_x01230.jpg,3_patch_y04920_x01230.png,3.jpg,1230,4920,512,1.1283791670955126,7.3377334418099505,26.073359411574426,32.92465520618663,43.56454565282613,122.39143451977834,85,108853.0
3_patch_y04920_x01435.jpg,3_patch_y04920_x01435.png,3.jpg,1435,4920,512,1.1283791670955126,2.256758334191025,21.909160375631842,29.33785834448333,41.02709687681892,181.177782034159,76,118214.0
3_patch_y04920_x01640.jpg,3_patch_y04920_x01640.png,3.jpg,1640,4920,512,1.1283791670955126,1.5957691216057308,8.287246585641387,26.317831276388386,37.860821823023805,339.6271338927333,52,163406.0
3_patch_y04920_x01845.jpg,3_patch_y04920_x01845.png,3.jpg,1845,4920,512,10.464157913908982,27.5822960571522,37.075210995413734,45.07674992437864,59.220202727257,471.82848014750977,15,210350.0
3_patch_y04920_x02050.jpg,3_patch_y04920_x02050.png,3.jpg,2050,4920,512,22.025082668269306,39.058474561089426,49.27852461263127,56.7347873659135,91.76527572085499,512.8629169968125,7,222568.0
3_patch_y04920_x02255.jpg,3_patch_y04920_x02255.png,3.jpg,2255,4920,512,2.985410660720923,19.67900524725967,38.00754596870931,53.24697090989889,81.45417323087382,454.9019712940051,15,198629.0
3_patch_y04920_x02460.jpg,3_patch_y04920_x02460.png,3.jpg,2460,4920,512,4.652426491681278,32.632932955265034,50.476127834398675,73.05653568103544,109.14259644445433,317.63823448052307,22,174875.0
3_patch_y04920_x02665.jpg,3_patch_y04920_x02665.png,3.jpg,2665,4920,512,4.652426491681278,34.05761625912379,55.85191925620058,71.23996648872287,100.24809088753082,266.1563986652026,21,154473.0
3_patch_y04920_x02870.jpg,3_patch_y04920_x02870.png,3.jpg,2870,4920,512,20.404639941160397,32.97493853222215,57.25898905580716,63.29995929920933,79.4125649067782,317.5079328670324,11,128378.0
3_patch_y04920_x03075.jpg,3_patch_y04920_x03075.png,3.jpg,3075,4920,512,3.9088200952233594,50.57606395690497,98.44097812892414,144.73194875349014,159.96739783495667,229.51631681500967,6,87555.0
3_patch_y04920_x03280.jpg,3_patch_y04920_x03280.png,3.jpg,3280,4920,512,31.955251757380985,35.52154823248202,42.295408265589586,76.26374132148398,99.48951814523556,144.73194875349014,11,50867.0
3_patch_y04920_x03336.jpg,3_patch_y04920_x03336.png,3.jpg,3336,4920,512,14.884343478431232,33.60600357347016,37.91421166272614,43.9054059396908,99.48951814523556,153.07743328559548,11,54091.0
3_patch_y05125_x00000.jpg,3_patch_y05125_x00000.png,3.jpg,0,5125,512,7.898654169668588,27.73151068766428,33.43507619667515,48.0058702240741,76.67168302601846,252.70403512051817,41,166635.0
3_patch_y05125_x00205.jpg,3_patch_y05125_x00205.png,3.jpg,205,5125,512,5.970821321441846,25.206907391521852,28.76336467086776,38.18190162169033,56.12048704626572,234.01016982070377,45,148773.0
3_patch_y05125_x00410.jpg,3_patch_y05125_x00410.png,3.jpg,410,5125,512,9.706684619910241,23.447184336477314,28.592866140934472,34.3030794074301,49.589471801625095,153.78694529593741,60,101930.0
3_patch_y05125_x00615.jpg,3_patch_y05125_x00615.png,3.jpg,615,5125,512,7.136496464611085,24.61832697999475,29.010538413996088,34.44792091974742,46.44209070209227,88.90596770586264,71,79335.0
3_patch_y05125_x00820.jpg,3_patch_y05125_x00820.png,3.jpg,820,5125,512,3.1915382432114616,24.230076086168896,29.402379315094713,38.37724373025938,47.33743026991334,95.06552628860888,74,87861.0
3_patch_y05125_x01025.jpg,3_patch_y05125_x01025.png,3.jpg,1025,5125,512,5.170882945826411,24.597595665196554,31.20524321714213,37.98058868499454,56.10617967756243,117.88187473585397,65,113733.0
3_patch_y05125_x01230.jpg,3_patch_y05125_x01230.png,3.jpg,1230,5125,512,1.1283791670955126,15.155292106358884,24.047897629912388,32.705998739793316,55.730467960906616,153.67513486490844,69,113857.0
3_patch_y05125_x01435.jpg,3_patch_y05125_x01435.png,3.jpg,1435,5125,512,1.1283791670955126,2.256758334191025,22.71246003659978,31.024930517809633,50.30378690886642,190.23816867167395,72,124072.0
3_patch_y05125_x01640.jpg,3_patch_y05125_x01640.png,3.jpg,1640,5125,512,1.1283791670955126,1.5957691216057308,21.862606964599635,36.27547418278678,56.402031325247584,214.7095344790865,54,150414.0
3_patch_y05125_x01845.jpg,3_patch_y05125_x01845.png,3.jpg,1845,5125,512,5.292567428401227,29.33785834448333,40.38588685179197,47.886369877743164,102.91164430280513,313.48842763391366,21,183592.0
3_patch_y05125_x02050.jpg,3_patch_y05125_x02050.png,3.jpg,2050,5125,512,5.292567428401227,26.13717607036946,41.02079095793946,68.18400382385049,125.14809656815859,359.7070322013134,14,186742.0
3_patch_y05125_x02255.jpg,3_patch_y05125_x02255.png,3.jpg,2255,5125,512,3.9088200952233594,16.0082528064572,40.781059979266495,78.07249237690704,127.11880844133485,319.24756199134174,17,176510.0
3_patch_y05125_x02460.jpg,3_patch_y05125_x02460.png,3.jpg,2460,5125,512,3.5682482323055424,42.674614131679284,62.06136115668387,92.38523128983809,133.74930319915305,222.2276810427602,20,174833.0
3_patch_y05125_x02665.jpg,3_patch_y05125_x02665.png,3.jpg,2665,5125,512,3.5682482323055424,42.674614131679284,54.549477399215675,80.39635363810804,109.56496055654834,247.26183785431397,15,144281.0
3_patch_y05125_x02870.jpg,3_patch_y05125_x02870.png,3.jpg,2870,5125,512,3.5682482323055424,52.150164597576364,76.2386943862237,79.4125649067782,170.40767088595177,270.8392081130097,6,92083.0
3_patch_y05125_x03075.jpg,3_patch_y05125_x03075.png,3.jpg,3075,5125,512,11.994835078277376,22.82481177220883,32.025399382886576,39.63372477345984,71.91808697705049,181.37795719675293,5,29060.0
3_patch_y05125_x03280.jpg,3_patch_y05125_x03280.png,3.jpg,3280,5125,512,22.708192698181442,32.43923012299303,33.134346225454166,35.7714172052037,38.37729132057541,47.56623456817225,14,13762.0
3_patch_y05125_x03336.jpg,3_patch_y05125_x03336.png,3.jpg,3336,5125,512,10.645107772184812,32.43923012299303,33.134346225454166,35.7714172052037,38.37729132057541,47.56623456817225,14,13446.0
3_patch_y05330_x00000.jpg,3_patch_y05330_x00000.png,3.jpg,0,5330,512,1.1283791670955126,25.68147355921802,32.27243324562564,39.97393686694656,72.58557181778004,249.39732356193687,46,156315.0
3_patch_y05330_x00205.jpg,3_patch_y05330_x00205.png,3.jpg,205,5330,512,5.527906391541368,25.68147355921802,29.2726871606753,38.94134432424719,49.86618925552436,230.43536016241077,51,143185.0
3_patch_y05330_x00410.jpg,3_patch_y05330_x00410.png,3.jpg,410,5330,512,2.985410660720923,24.03382774393941,28.744753172893216,34.38497840857353,48.798040967734,129.92540122739197,63,102372.0
3_patch_y05330_x00615.jpg,3_patch_y05330_x00615.png,3.jpg,615,5330,512,2.985410660720923,21.71062927967781,27.296201198916663,33.62791736951338,40.177144009861905,129.92540122739197,68,76389.0
3_patch_y05330_x00820.jpg,3_patch_y05330_x00820.png,3.jpg,820,5330,512,3.1915382432114616,24.514670406003766,30.71596494738128,37.150930896720695,47.99260710178089,94.4002307920982,66,86202.0
3_patch_y05330_x01025.jpg,3_patch_y05330_x01025.png,3.jpg,1025,5330,512,1.1283791670955126,24.652952578140482,31.765651862799608,38.42421179000462,57.92431147184794,130.06252569957024,57,114508.0
3_patch_y05330_x01230.jpg,3_patch_y05330_x01230.png,3.jpg,1230,5330,512,1.1283791670955126,19.55684588191466,31.04042922820899,51.358972247329056,71.6630417934637,153.67513486490844,45,126350.0
3_patch_y05330_x01435.jpg,3_patch_y05330_x01435.png,3.jpg,1435,5330,512,1.5957691216057308,24.64417299969047,31.270560761786875,43.15958125315331,64.07961869245868,153.67513486490844,51,144811.0
3_patch_y05330_x01640.jpg,3_patch_y05330_x01640.png,3.jpg,1640,5330,512,1.1283791670955126,24.307777642380916,31.514188470597997,47.16725880910864,61.31565228391622,224.92137922163428,44,147656.0
3_patch_y05330_x01845.jpg,3_patch_y05330_x01845.png,3.jpg,1845,5330,512,1.1283791670955126,27.868745736161777,35.78249707780539,49.740955001866816,123.65221711309783,212.08125838299424,24,168473.0
3_patch_y05330_x02050.jpg,3_patch_y05330_x02050.png,3.jpg,2050,5330,512,1.1283791670955126,18.88235816401783,40.48079967017487,53.91446410867666,103.74494432924362,239.52223413750485,25,141893.0
3_patch_y05330_x02255.jpg,3_patch_y05330_x02255.png,3.jpg,2255,5330,512,3.9088200952233594,16.943417219779295,40.693960472527756,71.34939146702443,122.99299438118362,195.68840677836477,23,144038.0
3_patch_y05330_x02460.jpg,3_patch_y05330_x02460.png,3.jpg,2460,5330,512,14.450303987687134,38.961638335450246,53.790106922516046,81.3172939669839,128.75731806958308,208.8781929245842,20,146647.0
3_patch_y05330_x02665.jpg,3_patch_y05330_x02665.png,3.jpg,2665,5330,512,8.740387444736633,36.411993777615486,48.33734393979541,63.23351071586081,109.2147463088797,229.0081589106409,14,93234.0
3_patch_y05330_x02870.jpg,3_patch_y05330_x02870.png,3.jpg,2870,5330,512,12.514330345744634,29.597108081327676,48.01912968302716,63.38036575817024,77.63707880115184,170.40767088595177,6,33318.0
3_patch_y05330_x03075.jpg,3_patch_y05330_x03075.png,3.jpg,3075,5330,512,11.994835078277376,17.409823425243104,22.82481177220883,29.86654219537965,38.53501469475557,47.20348719413148,3,2375.0
3_patch_y05330_x03280.jpg,3_patch_y05330_x03280.png,3.jpg,3280,5330,512,31.955251757380985,32.827838940760365,34.57885985991976,36.058229803661,41.33474366512384,51.002239067456024,12,13606.0
3_patch_y05330_x03336.jpg,3_patch_y05330_x03336.png,3.jpg,3336,5330,512,31.955251757380985,32.827838940760365,34.57885985991976,36.058229803661,41.33474366512384,51.002239067456024,12,13606.0
3_patch_y05535_x00000.jpg,3_patch_y05535_x00000.png,3.jpg,0,5535,512,6.180387232371033,22.283703068536735,29.53250900522315,38.92499271977894,59.76150034078906,189.47700505047408,41,108536.0
3_patch_y05535_x00205.jpg,3_patch_y05535_x00205.png,3.jpg,205,5535,512,5.527906391541368,24.202760361406234,30.785551384381506,38.447447836634474,50.363006839385044,192.3116976575327,54,106599.0
3_patch_y05535_x00410.jpg,3_patch_y05535_x00410.png,3.jpg,410,5535,512,3.5682482323055424,23.695962509005764,28.847403967360307,34.243909457251625,50.190609247958655,129.92540122739197,55,87556.0
3_patch_y05535_x00615.jpg,3_patch_y05535_x00615.png,3.jpg,615,5535,512,1.1283791670955126,21.693042630604257,26.206264667525982,33.746976703370756,40.66187910128778,129.92540122739197,52,67092.0
3_patch_y05535_x00820.jpg,3_patch_y05535_x00820.png,3.jpg,820,5535,512,1.1283791670955126,25.780439141949365,30.71596494738128,38.31507790778511,65.2121160476751,147.68841065181138,46,97384.0
3_patch_y05535_x01025.jpg,3_patch_y05535_x01025.png,3.jpg,1025,5535,512,2.985410660720923,25.805121233904135,35.43182455235505,45.37431370100002,77.92354835890106,147.68841065181138,46,125389.0
3_patch_y05535_x01230.jpg,3_patch_y05535_x01230.png,3.jpg,1230,5535,512,3.1915382432114616,24.016192740836935,35.91366952591617,48.638247029656945,83.24043249796793,140.01907909221526,46,128708.0
3_patch_y05535_x01435.jpg,3_patch_y05535_x01435.png,3.jpg,1435,5535,512,4.51351666838205,26.128606037781328,31.228530784745274,43.52125697502089,72.5103241306945,186.82769837304573,49,137804.0
3_patch_y05535_x01640.jpg,3_patch_y05535_x01640.png,3.jpg,1640,5535,512,22.511093682995384,28.66750077576232,33.34518104177137,46.43485520173709,66.96356934555833,276.68308157023563,37,144214.0
3_patch_y05535_x01845.jpg,3_patch_y05535_x01845.png,3.jpg,1845,5535,512,9.83698151873187,31.647556636274377,35.58949962763173,59.254824556707355,97.08139480819021,258.20905390886674,23,166133.0
3_patch_y05535_x02050.jpg,3_patch_y05535_x02050.png,3.jpg,2050,5535,512,10.881694613449236,37.41936532210195,47.523594581384586,70.3011339793346,95.30020972242203,237.22813466638857,24,143431.0
3_patch_y05535_x02255.jpg,3_patch_y05535_x02255.png,3.jpg,2255,5535,512,15.054455784347004,39.00618676995018,50.67198485283995,77.68645188400112,116.12384192750562,251.07640888658307,20,161573.0
3_patch_y05535_x02460.jpg,3_patch_y05535_x02460.png,3.jpg,2460,5535,512,14.450303987687134,40.47147403984475,51.95352045651613,65.55370473199218,93.23848172284599,297.6055933796732,18,153358.0
3_patch_y05535_x02665.jpg,3_patch_y05535_x02665.png,3.jpg,2665,5535,512,34.61384710770804,39.477147854877245,52.53935032892806,64.49553157118544,122.81721738615263,225.6532647072686,11,92229.0
3_patch_y05535_x02870.jpg,3_patch_y05535_x02870.png,3.jpg,2870,5535,512,14.228319915326999,39.46101827387509,63.38036575817024,69.78639737521918,78.67157953770615,126.9965563043357,6,25890.0
3_patch_y05535_x03075.jpg,3_patch_y05535_x03075.png,3.jpg,3075,5535,512,47.20348719413148,47.20348719413148,47.20348719413148,47.20348719413148,47.20348719413148,47.20348719413148,1,1750.0
3_patch_y05535_x03280.jpg,3_patch_y05535_x03280.png,3.jpg,3280,5535,512,27.45465007031079,32.476816785314966,36.15835939557303,37.158653796338875,42.89614678493891,51.002239067456024,4,4747.0
3_patch_y05535_x03336.jpg,3_patch_y05535_x03336.png,3.jpg,3336,5535,512,27.45465007031079,32.476816785314966,36.15835939557303,37.158653796338875,42.89614678493891,51.002239067456024,4,4747.0
3_patch_y05740_x00000.jpg,3_patch_y05740_x00000.png,3.jpg,0,5740,512,10.403141895720198,26.12346060400338,31.114869276914934,39.3239196407203,61.822063832790775,119.82090429651119,37,74713.0
3_patch_y05740_x00205.jpg,3_patch_y05740_x00205.png,3.jpg,205,5740,512,5.527906391541368,23.45207515977024,27.305764968144207,36.28758595501702,49.26078194822903,84.44770387678783,48,58365.0
3_patch_y05740_x00410.jpg,3_patch_y05740_x00410.png,3.jpg,410,5740,512,4.222008245644752,22.88364538051339,26.972259933660904,36.53763126656247,51.02388512026672,204.94919512116417,35,76988.0
3_patch_y05740_x00615.jpg,3_patch_y05740_x00615.png,3.jpg,615,5740,512,1.1283791670955126,14.210394428388462,23.517265265526742,38.341651005386296,50.78385162600842,204.94919512116417,34,82897.0
3_patch_y05740_x00820.jpg,3_patch_y05740_x00820.png,3.jpg,820,5740,512,1.1283791670955126,17.769732893161912,26.366433043273013,38.31507790778511,61.29706270706179,157.10426020541624,41,97675.0
3_patch_y05740_x01025.jpg,3_patch_y05740_x01025.png,3.jpg,1025,5740,512,1.1283791670955126,17.65462341720446,28.439116559221965,38.19479713649559,66.70734503376214,157.10426020541624,52,116517.0
3_patch_y05740_x01230.jpg,3_patch_y05740_x01230.png,3.jpg,1230,5740,512,5.170882945826411,21.95442120785095,33.12497788445653,45.989888788811314,72.29696240327348,129.63598555555248,49,124915.0
3_patch_y05740_x01435.jpg,3_patch_y05740_x01435.png,3.jpg,1435,5740,512,8.214724333230155,25.93777254362345,36.36619924620837,48.06218631755358,84.81605134570356,180.77324513094487,44,144610.0
3_patch_y05740_x01640.jpg,3_patch_y05740_x01640.png,3.jpg,1640,5740,512,21.320096563347295,31.97945007133372,41.25781664938471,48.08890930206905,88.18753831472993,254.9462796731604,29,139633.0
3_patch_y05740_x01845.jpg,3_patch_y05740_x01845.png,3.jpg,1845,5740,512,5.970821321441846,34.50613144808347,53.004719572587376,64.94769129180746,98.28307217067342,236.13878517023934,22,153067.0
3_patch_y05740_x02050.jpg,3_patch_y05740_x02050.png,3.jpg,2050,5740,512,23.507147049675353,37.89966055340506,54.538881078301664,69.72838318910732,95.81575654071904,211.47704132794792,28,139102.0
3_patch_y05740_x02255.jpg,3_patch_y05740_x02255.png,3.jpg,2255,5740,512,3.1915382432114616,37.89966055340506,48.068039493955084,69.53736758085998,102.22075963906879,306.97928012242716,23,167774.0
3_patch_y05740_x02460.jpg,3_patch_y05740_x02460.png,3.jpg,2460,5740,512,4.787307364817192,35.96582426362922,51.98682888396859,61.10718319160482,72.63096986931619,360.34537389943847,18,147770.0
3_patch_y05740_x02665.jpg,3_patch_y05740_x02665.png,3.jpg,2665,5740,512,4.787307364817192,30.086007866633334,47.017101258064635,53.412401343918795,71.44829015306613,277.03489541490285,14,86778.0
3_patch_y05740_x02870.jpg,3_patch_y05740_x02870.png,3.jpg,2870,5740,512,14.228319915326999,36.73697094499785,47.29370914360163,60.87724253249543,70.59922854876687,79.2038587248762,9,21956.0
3_patch_y05740_x03075.jpg,3_patch_y05740_x03075.png,3.jpg,3075,5740,512,36.52882482208332,39.39600978362589,42.26319474516846,45.13037970671104,47.99756466825361,50.86474962979618,2,3080.0
3_patch_y05740_x03280.jpg,3_patch_y05740_x03280.png,3.jpg,3280,5740,512,31.004771508189638,33.207420020212915,35.41006853223619,37.33657801586733,38.98694847110634,40.63731892634535,3,3099.0
3_patch_y05740_x03336.jpg,3_patch_y05740_x03336.png,3.jpg,3336,5740,512,36.511392788247825,37.83897412446869,39.16655546068956,39.991740688309065,40.31452980732721,40.63731892634535,3,3590.0
3_patch_y05945_x00000.jpg,3_patch_y05945_x00000.png,3.jpg,0,5945,512,1.9544100476116797,19.413422548941426,24.728805841406984,31.442809192005974,42.04865173358429,263.87913419219285,39,99369.0
3_patch_y05945_x00205.jpg,3_patch_y05945_x00205.png,3.jpg,205,5945,512,1.9544100476116797,19.413422548941426,23.97890320182615,29.756727529445627,39.42540414524333,115.49775197028859,54,55029.0
3_patch_y05945_x00410.jpg,3_patch_y05945_x00410.png,3.jpg,410,5945,512,1.1283791670955126,17.429568010041024,21.55135118649155,26.335973632477494,38.63671014959088,243.61233224048956,43,81736.0
3_patch_y05945_x00615.jpg,3_patch_y05945_x00615.png,3.jpg,615,5945,512,1.9544100476116797,16.390378688608248,23.024142581962504,25.720785862025757,35.81496162806507,243.61233224048956,33,82486.0
3_patch_y05945_x00820.jpg,3_patch_y05945_x00820.png,3.jpg,820,5945,512,1.1283791670955126,16.273526331746172,22.36281541995634,28.669507476345068,39.086385391787196,146.084797324383,50,82674.0
3_patch_y05945_x01025.jpg,3_patch_y05945_x01025.png,3.jpg,1025,5945,512,1.1283791670955126,17.625846048215095,23.34408972623798,31.086794856562303,45.61220687598064,129.1291798078641,66,104194.0
3_patch_y05945_x01230.jpg,3_patch_y05945_x01230.png,3.jpg,1230,5945,512,3.385137501286538,19.395543747258326,26.584807122785296,42.957714717383034,61.75377068703243,162.19248513347713,55,126227.0
3_patch_y05945_x01435.jpg,3_patch_y05945_x01435.png,3.jpg,1435,5945,512,7.225151993843567,22.807927645113104,30.0850664568526,44.746715735700754,84.73352672649996,237.8659683286812,40,153576.0
3_patch_y05945_x01640.jpg,3_patch_y05945_x01640.png,3.jpg,1640,5945,512,3.385137501286538,27.934348772077954,39.139564675059646,64.66801287544507,96.82555499214534,350.90233668678826,20,157408.0
3_patch_y05945_x01845.jpg,3_patch_y05945_x01845.png,3.jpg,1845,5945,512,5.970821321441846,27.672536426340976,45.93125046611145,56.11100658583601,74.04263824009912,330.1372112756674,24,147846.0
3_patch_y05945_x02050.jpg,3_patch_y05945_x02050.png,3.jpg,2050,5945,512,23.507147049675353,44.870067286605234,55.932248477520815,72.39586325863816,96.6363963514533,183.08973410267262,25,136781.0
3_patch_y05945_x02255.jpg,3_patch_y05945_x02255.png,3.jpg,2255,5945,512,18.982275710779543,40.36949487354179,46.27942335854281,69.1815416216768,99.89860865858368,252.6863998900197,24,158074.0
3_patch_y05945_x02460.jpg,3_patch_y05945_x02460.png,3.jpg,2460,5945,512,33.62494186946387,46.473919287290556,53.23974451925992,76.30516837558062,128.23921006816946,304.9422517628344,14,161726.0
3_patch_y05945_x02665.jpg,3_patch_y05945_x02665.png,3.jpg,2665,5945,512,28.856518540128786,42.17482239435066,49.339983882583816,52.877538144645285,76.82099511102079,241.10640367682754,16,104085.0
3_patch_y05945_x02870.jpg,3_patch_y05945_x02870.png,3.jpg,2870,5945,512,28.856518540128786,46.40094902205299,50.65153188839754,63.75092647793159,71.81847530908843,143.43736543653992,11,40608.0
3_patch_y05945_x03075.jpg,3_patch_y05945_x03075.png,3.jpg,3075,5945,512,28.856518540128786,35.14675498710901,50.736818984957,52.48866725268688,61.71499698260142,128.48171347507545,7,23880.0
3_patch_y05945_x03280.jpg,3_patch_y05945_x03280.png,3.jpg,3280,5945,512,31.004771508189638,40.986979647939,48.66173831842446,61.48092068459524,84.56476021128476,154.22924876540867,7,34315.0
3_patch_y05945_x03336.jpg,3_patch_y05945_x03336.png,3.jpg,3336,5945,512,39.830346128799995,40.986979647939,47.25085404986228,56.66502772602854,83.4297573146166,154.22924876540867,7,33951.0
3_patch_y06150_x00000.jpg,3_patch_y06150_x00000.png,3.jpg,0,6150,512,5.641895835477563,21.00721997918998,27.191054415205645,33.0364329024605,49.119210119436744,264.0503691906101,50,127119.0
3_patch_y06150_x00205.jpg,3_patch_y06150_x00205.png,3.jpg,205,6150,512,5.641895835477563,21.883462285627914,26.48577759337663,32.91752544962759,44.597333277718455,149.83243858647697,63,90731.0
3_patch_y06150_x00410.jpg,3_patch_y06150_x00410.png,3.jpg,410,6150,512,5.170882945826411,18.643695634373906,22.927191079828475,29.756727529445627,39.348929270278425,209.70859275469024,54,108465.0
3_patch_y06150_x00615.jpg,3_patch_y06150_x00615.png,3.jpg,615,6150,512,4.222008245644752,18.712051592547777,24.095585330081406,28.43425945768288,41.62786350972815,209.70859275469024,46,117851.0
3_patch_y06150_x00820.jpg,3_patch_y06150_x00820.png,3.jpg,820,6150,512,1.1283791670955126,18.232590175532625,24.597552477393286,30.72162673142348,42.07454836207682,132.0589339811492,69,90644.0
3_patch_y06150_x01025.jpg,3_patch_y06150_x01025.png,3.jpg,1025,6150,512,1.1283791670955126,18.5411616971131,24.514670406003766,31.473486711896992,41.08911822269767,129.1291798078641,81,98980.0
3_patch_y06150_x01230.jpg,3_patch_y06150_x01230.png,3.jpg,1230,6150,512,1.1283791670955126,18.677254969328896,24.834461397807306,33.13853658794454,44.034266207680254,162.19248513347713,63,112370.0
3_patch_y06150_x01435.jpg,3_patch_y06150_x01435.png,3.jpg,1435,6150,512,1.1283791670955126,19.817857364419552,32.10158879856006,39.99942760611757,69.8892570600317,276.8348992398794,32,148176.0
3_patch_y06150_x01640.jpg,3_patch_y06150_x01640.png,3.jpg,1640,6150,512,3.385137501286538,19.589928839759253,29.74884115424211,38.42216155172128,69.29319150920628,421.0820178543297,18,172349.0
3_patch_y06150_x01845.jpg,3_patch_y06150_x01845.png,3.jpg,1845,6150,512,5.046265044040321,26.31770429092662,36.280013096829826,55.173834636444006,70.29379187735456,401.6269057762544,22,170005.0
3_patch_y06150_x02050.jpg,3_patch_y06150_x02050.png,3.jpg,2050,6150,512,9.965574970333758,43.58679055607453,60.1628185211924,65.3588520646711,92.33543800705182,234.2059624064587,23,139903.0
3_patch_y06150_x02255.jpg,3_patch_y06150_x02255.png,3.jpg,2255,6150,512,9.965574970333758,39.8290485297177,48.72001122064034,60.76818422373228,78.49459559058928,198.92783880183504,28,135786.0
3_patch_y06150_x02460.jpg,3_patch_y06150_x02460.png,3.jpg,2460,6150,512,42.17482239435066,52.170027292232994,57.63205334668517,86.15380272915478,124.53811636316428,198.0650994315634,15,133674.0
3_patch_y06150_x02665.jpg,3_patch_y06150_x02665.png,3.jpg,2665,6150,512,13.446189622059965,43.92554307141852,49.17342345058961,55.167825716967975,81.01108053404184,180.38897706012014,18,84906.0
3_patch_y06150_x02870.jpg,3_patch_y06150_x02870.png,3.jpg,2870,6150,512,13.446189622059965,28.114482875829086,33.85741191809654,44.7008093490219,53.27141080630437,146.55034848335478,15,36102.0
3_patch_y06150_x03075.jpg,3_patch_y06150_x03075.png,3.jpg,3075,6150,512,17.66192765414112,30.12470935096534,35.96553318870707,44.30226707745661,52.987329578704056,136.2678447779138,12,29547.0
3_patch_y06150_x03280.jpg,3_patch_y06150_x03280.png,3.jpg,3280,6150,512,5.170882945826411,35.61401210442734,42.292772510082905,60.345917787927064,87.75427060506223,160.7970007025534,10,43170.0
3_patch_y06150_x03336.jpg,3_patch_y06150_x03336.png,3.jpg,3336,6150,512,29.683021493047715,35.509877226898396,47.920576945369874,57.37046986030963,88.25775761495242,160.7970007025534,9,41949.0
3_patch_y06355_x00000.jpg,3_patch_y06355_x00000.png,3.jpg,0,6355,512,1.1283791670955126,21.62874667039133,30.744957632918418,40.31143456803889,73.01450306087075,196.04268835595704,48,152677.0
3_patch_y06355_x00205.jpg,3_patch_y06355_x00205.png,3.jpg,205,6355,512,1.1283791670955126,21.355499454900105,27.519490686284467,38.12502896642863,63.08264704689366,166.059694266472,62,142691.0
3_patch_y06355_x00410.jpg,3_patch_y06355_x00410.png,3.jpg,410,6355,512,5.170882945826411,21.290215544369623,26.89237924411993,32.45658088351171,46.397381128693,183.91888153471103,59,133141.0
3_patch_y06355_x00615.jpg,3_patch_y06355_x00615.png,3.jpg,615,6355,512,4.222008245644752,19.73815638666972,24.387087868489356,33.801715928264784,66.55857525893619,182.47673981610362,52,122357.0
3_patch_y06355_x00820.jpg,3_patch_y06355_x00820.png,3.jpg,820,6355,512,1.1283791670955126,21.74462529815135,25.937879223122117,32.20309546181036,46.49313792117895,111.08089137213683,73,100244.0
3_patch_y06355_x01025.jpg,3_patch_y06355_x01025.png,3.jpg,1025,6355,512,1.1283791670955126,20.769403388149733,25.631195732750356,34.03349583917456,47.752619858850395,92.91844463210272,90,113203.0
3_patch_y06355_x01230.jpg,3_patch_y06355_x01230.png,3.jpg,1230,6355,512,1.1283791670955126,20.744862188031934,25.306856130722572,30.789335842902993,44.766076228123865,130.32168770861716,84,117468.0
3_patch_y06355_x01435.jpg,3_patch_y06355_x01435.png,3.jpg,1435,6355,512,1.1283791670955126,20.640390579746377,27.693217069761527,34.401180454272094,45.7122789187004,207.98326926181446,54,115346.0
3_patch_y06355_x01640.jpg,3_patch_y06355_x01640.png,3.jpg,1640,6355,512,2.985410660720923,23.646487813262674,30.89735524274704,36.754296361563036,47.21686152708023,322.49147662079,27,117742.0
3_patch_y06355_x01845.jpg,3_patch_y06355_x01845.png,3.jpg,1845,6355,512,5.046265044040321,31.157472063788603,36.35713966063583,46.49673753215858,65.33950535680741,311.51440599358347,20,128966.0
3_patch_y06355_x02050.jpg,3_patch_y06355_x02050.png,3.jpg,2050,6355,512,11.617374563210365,44.996147775375334,58.84516108216567,65.06031727340019,92.61248631224771,205.6190465946086,18,123276.0
3_patch_y06355_x02255.jpg,3_patch_y06355_x02255.png,3.jpg,2255,6355,512,33.47313548753602,44.08567637474117,55.706962762516525,65.06031727340019,79.69707262658866,278.06019376034885,18,148605.0
3_patch_y06355_x02460.jpg,3_patch_y06355_x02460.png,3.jpg,2460,6355,512,23.829914749152643,54.682677566260416,65.33779962057146,79.92585765196925,114.8127908969894,286.6682750773821,14,132310.0
3_patch_y06355_x02665.jpg,3_patch_y06355_x02665.png,3.jpg,2665,6355,512,27.63953195770684,42.82827298691149,49.38125300701929,61.79420437482895,108.11844330848378,197.1501549127728,14,82248.0
3_patch_y06355_x02870.jpg,3_patch_y06355_x02870.png,3.jpg,2870,6355,512,12.463355264843006,27.555981965358548,33.326835281809714,38.51417341393328,49.468094416552205,128.60552743218219,15,35589.0
3_patch_y06355_x03075.jpg,3_patch_y06355_x03075.png,3.jpg,3075,6355,512,16.273715780512877,29.151120085027785,35.96553318870707,42.4792250969067,71.06957059199438,121.93806380050994,12,30536.0
3_patch_y06355_x03280.jpg,3_patch_y06355_x03280.png,3.jpg,3280,6355,512,10.341765891652821,34.05761625912379,36.33661249883324,54.59536403601515,78.5176787456663,141.6419270780794,16,51021.0
3_patch_y06355_x03336.jpg,3_patch_y06355_x03336.png,3.jpg,3336,6355,512,10.341765891652821,33.182697305908576,42.04538630333213,58.912258903231525,79.43620608170784,141.6419270780794,15,50096.0
3_patch_y06533_x00000.jpg,3_patch_y06533_x00000.png,3.jpg,0,6533,512,1.1283791670955126,19.845669753857294,30.92728251894556,39.7599321602465,63.922161284763405,196.04268835595704,54,139144.0
3_patch_y06533_x00205.jpg,3_patch_y06533_x00205.png,3.jpg,205,6533,512,1.1283791670955126,20.090219901261573,29.489364337912,38.61299660586932,56.15883147207568,167.0839617014846,66,144283.0
3_patch_y06533_x00410.jpg,3_patch_y06533_x00410.png,3.jpg,410,6533,512,1.1283791670955126,22.041531531071808,29.493578873075187,36.66049330585179,58.37123611979774,164.63898890562612,58,144357.0
3_patch_y06533_x00615.jpg,3_patch_y06533_x00615.png,3.jpg,615,6533,512,1.1283791670955126,20.006968528502007,24.828548619515004,33.99025564351574,64.45416592843642,164.63898890562612,65,136195.0
3_patch_y06533_x00820.jpg,3_patch_y06533_x00820.png,3.jpg,820,6533,512,5.527906391541368,19.802869125042875,24.431214691196658,32.15110661414151,42.51710635866106,111.08089137213683,90,111090.0
3_patch_y06533_x01025.jpg,3_patch_y06533_x01025.png,3.jpg,1025,6533,512,1.1283791670955126,19.71269789929552,24.237448538562262,30.906055047505546,42.49657168347385,83.80447081605585,113,109912.0
3_patch_y06533_x01230.jpg,3_patch_y06533_x01230.png,3.jpg,1230,6533,512,1.1283791670955126,19.268431830396942,24.638927634234282,28.514734024880518,37.221864129449045,130.32168770861716,108,108487.0
3_patch_y06533_x01435.jpg,3_patch_y06533_x01435.png,3.jpg,1435,6533,512,1.1283791670955126,19.9185084251264,26.045620086008103,29.93851924303119,37.5495384371202,130.32168770861716,69,79093.0
3_patch_y06533_x01640.jpg,3_patch_y06533_x01640.png,3.jpg,1640,6533,512,1.1283791670955126,18.874645490710606,28.730325082627996,35.481941178905856,41.09442110565205,141.3810015978007,35,62624.0
3_patch_y06533_x01845.jpg,3_patch_y06533_x01845.png,3.jpg,1845,6533,512,3.385137501286538,35.71398867412909,37.236214601329934,46.140533229060914,60.513345328988024,292.28723368056967,17,107929.0
3_patch_y06533_x02050.jpg,3_patch_y06533_x02050.png,3.jpg,2050,6533,512,36.511392788247825,41.23954384699762,60.25429333916231,71.30584533897154,95.86773973994848,368.1612632186903,13,155798.0
3_patch_y06533_x02255.jpg,3_patch_y06533_x02255.png,3.jpg,2255,6533,512,33.47313548753602,37.5664091233983,51.80537230722409,66.1205438014505,159.26339212805345,315.823230138329,10,165807.0
3_patch_y06533_x02460.jpg,3_patch_y06533_x02460.png,3.jpg,2460,6533,512,23.829914749152643,46.119942628114416,57.0666314486266,103.36018336278764,124.28532296124544,285.1720234556321,9,108170.0
3_patch_y06533_x02665.jpg,3_patch_y06533_x02665.png,3.jpg,2665,6533,512,43.52677845379694,45.90410189866149,54.34608466645429,72.80188065749711,111.90410244688623,191.73483088666583,8,58870.0
3_patch_y06533_x02870.jpg,3_patch_y06533_x02870.png,3.jpg,2870,6533,512,10.585134856802455,27.58974719297571,35.28255186352798,48.38791124292822,68.42232524198205,128.60552743218219,13,35426.0
3_patch_y06533_x03075.jpg,3_patch_y06533_x03075.png,3.jpg,3075,6533,512,10.585134856802455,35.880956537024566,48.38791124292823,65.14867386543378,85.25630475922236,134.726771466344,9,35738.0
3_patch_y06533_x03280.jpg,3_patch_y06533_x03280.png,3.jpg,3280,6533,512,10.585134856802455,21.510222703603986,39.769275973944595,54.47577002631623,78.45314127564326,135.68730160508923,14,43769.0
3_patch_y06533_x03336.jpg,3_patch_y06533_x03336.png,3.jpg,3336,6533,512,10.585134856802455,29.683021493047715,53.99739398752057,65.38760120405608,88.25916119412038,135.68730160508923,11,42122.0
o2_1_1_tile_1_3_patch_y00000_x00000.jpg,o2_1_1_tile_1_3_patch_y00000_x00000.png,o2_1_1_tile_1_3.png,0,0,512,8.95623198216277,26.1946184079205,27.333870226855055,44.46158416971135,122.52487928368731,392.0805056524608,15,202766.0
o2_1_1_tile_1_3_patch_y00000_x00205.jpg,o2_1_1_tile_1_3_patch_y00000_x00205.png,o2_1_1_tile_1_3.png,205,0,512,1.1283791670955126,23.15819816924607,30.743654495616273,47.53698270032504,136.52832058894663,248.1074611318872,23,189425.0
o2_1_1_tile_1_3_patch_y00000_x00410.jpg,o2_1_1_tile_1_3_patch_y00000_x00410.png,o2_1_1_tile_1_3.png,410,0,512,1.1283791670955126,19.254249513751855,31.93593075696264,40.12888517395991,94.0251178095475,269.20771698880674,32,192735.0
o2_1_1_tile_1_3_patch_y00000_x00615.jpg,o2_1_1_tile_1_3_patch_y00000_x00615.png,o2_1_1_tile_1_3.png,615,0,512,1.1283791670955126,18.467492036752645,30.615246104785484,47.565956590258125,79.50781955061012,258.6844617533994,39,200414.0
o2_1_1_tile_1_3_patch_y00000_x00820.jpg,o2_1_1_tile_1_3_patch_y00000_x00820.png,o2_1_1_tile_1_3.png,820,0,512,1.9544100476116797,26.60518822963663,35.33042675881534,48.72926908148604,73.84835776837978,237.95962319899334,40,194266.0
o2_1_1_tile_1_3_patch_y00000_x01025.jpg,o2_1_1_tile_1_3_patch_y00000_x01025.png,o2_1_1_tile_1_3.png,1025,0,512,1.9544100476116797,22.131822053816766,29.320215187399622,44.161084034288486,65.45267658037233,345.0405633993149,30,208651.0
o2_1_1_tile_1_3_patch_y00000_x01230.jpg,o2_1_1_tile_1_3_patch_y00000_x01230.png,o2_1_1_tile_1_3.png,1230,0,512,1.1283791670955126,9.374916990424762,21.051418819710896,40.807506672238226,79.78042363994005,398.96621622020376,23,234853.0
o2_1_1_tile_1_3_patch_y00000_x01435.jpg,o2_1_1_tile_1_3_patch_y00000_x01435.png,o2_1_1_tile_1_3.png,1435,0,512,1.1283791670955126,21.539769748236985,31.789700028476478,82.38121408472676,118.45548233159585,319.415024629671,22,223255.0
o2_1_1_tile_1_3_patch_y00000_x01640.jpg,o2_1_1_tile_1_3_patch_y00000_x01640.png,o2_1_1_tile_1_3.png,1640,0,512,1.1283791670955126,20.645626251328398,29.687669927835856,62.02605447301323,89.53353548872907,363.14530508654485,29,211383.0
o2_1_1_tile_1_3_patch_y00000_x01705.jpg,o2_1_1_tile_1_3_patch_y00000_x01705.png,o2_1_1_tile_1_3.png,1705,0,512,1.1283791670955126,20.725955021384397,38.28850041688297,58.8362125897148,93.51621408230734,383.1241935394429,25,212321.0
o2_1_1_tile_1_3_patch_y00205_x00000.jpg,o2_1_1_tile_1_3_patch_y00205_x00000.png,o2_1_1_tile_1_3.png,0,205,512,1.1283791670955126,25.698455321609593,39.680635661416645,60.903954068362275,128.29159314213734,353.0005775691322,22,228947.0
o2_1_1_tile_1_3_patch_y00205_x00205.jpg,o2_1_1_tile_1_3_patch_y00205_x00205.png,o2_1_1_tile_1_3.png,205,205,512,1.1283791670955126,16.175635156990705,42.21659632262763,73.09597082347233,120.02749024948109,279.3416523518095,22,226262.0
o2_1_1_tile_1_3_patch_y00205_x00410.jpg,o2_1_1_tile_1_3_patch_y00205_x00410.png,o2_1_1_tile_1_3.png,410,205,512,11.227230955528665,20.982694575243077,35.4097594344198,51.41600244548084,157.3707253151776,236.5778178685996,23,216625.0
o2_1_1_tile_1_3_patch_y00205_x00615.jpg,o2_1_1_tile_1_3_patch_y00205_x00615.png,o2_1_1_tile_1_3.png,615,205,512,8.95623198216277,18.81384047546846,29.618609797263055,48.54653846882171,94.21121412203973,313.7097023854373,26,209273.0
o2_1_1_tile_1_3_patch_y00205_x00820.jpg,o2_1_1_tile_1_3_patch_y00205_x00820.png,o2_1_1_tile_1_3.png,820,205,512,1.9544100476116797,22.67857057842852,34.3922540970839,40.047591562179,77.1125399169137,367.680234907107,33,198047.0
o2_1_1_tile_1_3_patch_y00205_x01025.jpg,o2_1_1_tile_1_3_patch_y00205_x01025.png,o2_1_1_tile_1_3.png,1025,205,512,1.9544100476116797,24.729352646854974,31.79736618904614,38.83487098850509,71.81740067750998,381.8659170172545,28,213318.0
o2_1_1_tile_1_3_patch_y00205_x01230.jpg,o2_1_1_tile_1_3_patch_y00205_x01230.png,o2_1_1_tile_1_3.png,1230,205,512,1.9544100476116797,9.592291108281495,20.47368801196754,48.72434784061739,97.57583257937534,417.6893287813216,19,238240.0
o2_1_1_tile_1_3_patch_y00205_x01435.jpg,o2_1_1_tile_1_3_patch_y00205_x01435.png,o2_1_1_tile_1_3.png,1435,205,512,12.205286835384658,27.37713836923862,45.7037298130253,82.23088016449077,132.7346049117902,329.52728957210564,22,222982.0
o2_1_1_tile_1_3_patch_y00205_x01640.jpg,o2_1_1_tile_1_3_patch_y00205_x01640.png,o2_1_1_tile_1_3.png,1640,205,512,1.1283791670955126,23.090515556270564,40.65123157167824,65.06237556656178,84.78429399804212,248.87348370846325,35,204821.0
o2_1_1_tile_1_3_patch_y00205_x01705.jpg,o2_1_1_tile_1_3_patch_y00205_x01705.png,o2_1_1_tile_1_3.png,1705,205,512,1.1283791670955126,24.05182661084078,40.04853152969939,61.84557488394394,93.14671489362641,257.5523904016666,37,205317.0
o2_1_1_tile_1_3_patch_y00410_x00000.jpg,o2_1_1_tile_1_3_patch_y00410_x00000.png,o2_1_1_tile_1_3.png,0,410,512,15.471555655790098,33.35500509006818,41.58821685900268,86.04278662114845,144.81863290104604,352.2947219334253,18,227849.0
o2_1_1_tile_1_3_patch_y00410_x00205.jpg,o2_1_1_tile_1_3_patch_y00410_x00205.png,o2_1_1_tile_1_3.png,205,410,512,9.83698151873187,12.575891000139036,27.086552780800755,73.09597082347233,83.78867174088745,430.03535254152536,17,224760.0
o2_1_1_tile_1_3_patch_y00410_x00410.jpg,o2_1_1_tile_1_3_patch_y00410_x00410.png,o2_1_1_tile_1_3.png,410,410,512,1.1283791670955126,13.324341435901196,24.179581433391824,80.94475809589645,134.13210752794907,323.7150510098937,22,221873.0
o2_1_1_tile_1_3_patch_y00410_x00615.jpg,o2_1_1_tile_1_3_patch_y00410_x00615.png,o2_1_1_tile_1_3.png,615,410,512,1.1283791670955126,11.328360100411738,33.13668545861255,67.217050912865,132.32791956162643,391.5930937200869,18,223528.0
o2_1_1_tile_1_3_patch_y00410_x00820.jpg,o2_1_1_tile_1_3_patch_y00410_x00820.png,o2_1_1_tile_1_3.png,820,410,512,1.1283791670955126,23.971356278279146,34.53971265838383,37.39700191709761,73.72642056149868,454.1470327686393,19,218485.0
o2_1_1_tile_1_3_patch_y00410_x01025.jpg,o2_1_1_tile_1_3_patch_y00410_x01025.png,o2_1_1_tile_1_3.png,1025,410,512,7.898654169668588,22.42822881113281,29.32021518739962,35.63767996251542,49.19990862226946,432.5270312790022,15,224974.0
o2_1_1_tile_1_3_patch_y00410_x01230.jpg,o2_1_1_tile_1_3_patch_y00410_x01230.png,o2_1_1_tile_1_3.png,1230,410,512,3.1915382432114616,10.381337479760806,13.159660600939208,46.04836287237967,170.77242285228266,446.33779289568037,10,233021.0
o2_1_1_tile_1_3_patch_y00410_x01435.jpg,o2_1_1_tile_1_3_patch_y00410_x01435.png,o2_1_1_tile_1_3.png,1435,410,512,15.180789096653193,31.667405785605418,44.64656677010208,65.38292090514689,86.47998764141458,417.0410634113606,19,223467.0
o2_1_1_tile_1_3_patch_y00410_x01640.jpg,o2_1_1_tile_1_3_patch_y00410_x01640.png,o2_1_1_tile_1_3.png,1640,410,512,1.1283791670955126,21.178290706342704,35.20843199499447,60.60939214399684,81.26865721505395,342.8026309428384,34,210875.0
o2_1_1_tile_1_3_patch_y00410_x01705.jpg,o2_1_1_tile_1_3_patch_y00410_x01705.png,o2_1_1_tile_1_3.png,1705,410,512,1.1283791670955126,19.827616621085493,34.482916713269056,50.376770321955696,84.82949579490712,312.33078772261507,39,203646.0
o2_1_1_tile_1_3_patch_y00615_x00000.jpg,o2_1_1_tile_1_3_patch_y00615_x00000.png,o2_1_1_tile_1_3.png,0,615,512,5.170882945826411,26.44024833560291,36.98563600005664,66.25648636799961,107.61505909151423,350.72812675340646,22,218998.0
o2_1_1_tile_1_3_patch_y00615_x00205.jpg,o2_1_1_tile_1_3_patch_y00615_x00205.png,o2_1_1_tile_1_3.png,205,615,512,1.5957691216057308,11.67204486311899,19.248706645328987,35.96680938658481,75.67715290772217,392.4797317578249,26,219547.0
o2_1_1_tile_1_3_patch_y00615_x00410.jpg,o2_1_1_tile_1_3_patch_y00615_x00410.png,o2_1_1_tile_1_3.png,410,615,512,5.753627391751592,15.148803521257651,23.351358855410886,37.98471638595519,118.76421281493084,268.24114738807975,25,221210.0
o2_1_1_tile_1_3_patch_y00615_x00615.jpg,o2_1_1_tile_1_3_patch_y00615_x00615.png,o2_1_1_tile_1_3.png,615,615,512,1.1283791670955126,16.73656774376801,21.880083839428522,35.1431694414876,61.79357081979284,410.31751729645976,21,220679.0
o2_1_1_tile_1_3_patch_y00615_x00820.jpg,o2_1_1_tile_1_3_patch_y00615_x00820.png,o2_1_1_tile_1_3.png,820,615,512,1.1283791670955126,17.007693765877335,26.27402548712469,40.034663745278706,58.156586349459744,454.92995974992294,25,204883.0
o2_1_1_tile_1_3_patch_y00615_x01025.jpg,o2_1_1_tile_1_3_patch_y00615_x01025.png,o2_1_1_tile_1_3.png,1025,615,512,1.1283791670955126,14.217301117809194,24.451069374626496,33.47693844395258,56.999517556002466,461.6932657310284,22,207247.0
o2_1_1_tile_1_3_patch_y00615_x01230.jpg,o2_1_1_tile_1_3_patch_y00615_x01230.png,o2_1_1_tile_1_3.png,1230,615,512,8.884866446580956,15.96657437247412,24.451069374626496,41.11504397749199,58.9488023972885,453.8357282030893,17,213521.0
o2_1_1_tile_1_3_patch_y00615_x01435.jpg,o2_1_1_tile_1_3_patch_y00615_x01435.png,o2_1_1_tile_1_3.png,1435,615,512,5.292567428401227,15.898775990257963,40.06546037791025,54.438371666875724,88.62164670773777,412.38669507107215,18,224904.0
o2_1_1_tile_1_3_patch_y00615_x01640.jpg,o2_1_1_tile_1_3_patch_y00615_x01640.png,o2_1_1_tile_1_3.png,1640,615,512,5.292567428401227,15.24042371505325,21.82538385827506,43.38242023432813,87.53578527879033,333.3935598902448,24,216732.0
o2_1_1_tile_1_3_patch_y00615_x01705.jpg,o2_1_1_tile_1_3_patch_y00615_x01705.png,o2_1_1_tile_1_3.png,1705,615,512,5.292567428401227,18.359898972454268,32.66610639021091,55.004460407621735,94.22657468510124,297.87714016528486,25,205634.0
o2_1_1_tile_1_3_patch_y00820_x00000.jpg,o2_1_1_tile_1_3_patch_y00820_x00000.png,o2_1_1_tile_1_3.png,0,820,512,9.373021315815206,30.768729500245957,40.62670296539785,51.09551235113449,81.91215538036845,282.76425461987594,17,188302.0
o2_1_1_tile_1_3_patch_y00820_x00205.jpg,o2_1_1_tile_1_3_patch_y00820_x00205.png,o2_1_1_tile_1_3.png,205,820,512,3.5682482323055424,15.756957549709801,30.76872950024596,40.883285578473135,70.97347491933071,394.7198710606705,29,209215.0
o2_1_1_tile_1_3_patch_y00820_x00410.jpg,o2_1_1_tile_1_3_patch_y00820_x00410.png,o2_1_1_tile_1_3.png,410,820,512,5.970821321441846,19.347672370394786,34.24403043891132,53.297255316799834,82.24018763131068,296.7594305000214,31,208048.0
o2_1_1_tile_1_3_patch_y00820_x00615.jpg,o2_1_1_tile_1_3_patch_y00820_x00615.png,o2_1_1_tile_1_3.png,615,820,512,5.753627391751592,24.091718308088446,41.55937693980362,60.873485985942935,77.17790328324915,291.7443921072021,35,200851.0
o2_1_1_tile_1_3_patch_y00820_x00820.jpg,o2_1_1_tile_1_3_patch_y00820_x00820.png,o2_1_1_tile_1_3.png,820,820,512,2.763953195770684,24.638741845936167,32.75019909570495,42.38258719910437,64.15808733080029,331.89120617104805,40,183690.0
o2_1_1_tile_1_3_patch_y00820_x01025.jpg,o2_1_1_tile_1_3_patch_y00820_x01025.png,o2_1_1_tile_1_3.png,1025,820,512,2.985410660720923,23.32169459560819,30.913758568924592,40.987468226147456,74.1168180912099,305.6741467484451,28,184700.0
o2_1_1_tile_1_3_patch_y00820_x01230.jpg,o2_1_1_tile_1_3_patch_y00820_x01230.png,o2_1_1_tile_1_3.png,1230,820,512,1.5957691216057308,24.47791636553678,35.645818486046956,55.94888869067916,100.82081636654164,252.1618188070391,27,190058.0
o2_1_1_tile_1_3_patch_y00820_x01435.jpg,o2_1_1_tile_1_3_patch_y00820_x01435.png,o2_1_1_tile_1_3.png,1435,820,512,1.5957691216057308,22.39669591560822,35.84542384669979,58.11402267231835,126.95957782335265,283.1827082398478,23,205832.0
o2_1_1_tile_1_3_patch_y00820_x01640.jpg,o2_1_1_tile_1_3_patch_y00820_x01640.png,o2_1_1_tile_1_3.png,1640,820,512,1.5957691216057308,19.988536613736994,23.25634402967636,41.53181539191442,89.86312122881608,334.92148914509477,23,200007.0
o2_1_1_tile_1_3_patch_y00820_x01705.jpg,o2_1_1_tile_1_3_patch_y00820_x01705.png,o2_1_1_tile_1_3.png,1705,820,512,6.863662517577698,18.359898972454268,23.88341027230958,57.8021375743108,113.19471567972998,339.3777382456646,20,194496.0
o2_1_1_tile_1_3_patch_y00954_x00000.jpg,o2_1_1_tile_1_3_patch_y00954_x00000.png,o2_1_1_tile_1_3.png,0,954,512,15.716503163191918,28.2917579773229,43.067826965230104,57.51123612918018,100.46137880171125,254.36629875989226,20,159703.0
o2_1_1_tile_1_3_patch_y00954_x00205.jpg,o2_1_1_tile_1_3_patch_y00954_x00205.png,o2_1_1_tile_1_3.png,205,954,512,3.5682482323055424,18.581043546113616,30.448538561142666,49.400471258368796,75.11340044142634,358.80860715135583,28,204525.0
o2_1_1_tile_1_3_patch_y00954_x00410.jpg,o2_1_1_tile_1_3_patch_y00954_x00410.png,o2_1_1_tile_1_3.png,410,954,512,3.9088200952233594,20.216178602254647,31.507290908230814,53.088737692905326,75.9367520366517,287.9644857782148,40,189874.0
o2_1_1_tile_1_3_patch_y00954_x00615.jpg,o2_1_1_tile_1_3_patch_y00954_x00615.png,o2_1_1_tile_1_3.png,615,954,512,18.12445316531431,25.864402664997648,48.844137905122935,67.00996180743414,82.32064464376914,166.1248540469928,42,180230.0
o2_1_1_tile_1_3_patch_y00954_x00820.jpg,o2_1_1_tile_1_3_patch_y00954_x00820.png,o2_1_1_tile_1_3.png,820,954,512,1.9544100476116797,24.612601755071715,33.311411573616255,49.10372648206351,78.05412112979946,171.31679644941482,44,173860.0
o2_1_1_tile_1_3_patch_y00954_x01025.jpg,o2_1_1_tile_1_3_patch_y00954_x01025.png,o2_1_1_tile_1_3.png,1025,954,512,2.985410660720923,24.67994444983918,34.99383793789351,52.234380471696,82.40793246471092,266.55793515471595,35,184380.0
o2_1_1_tile_1_3_patch_y00954_x01230.jpg,o2_1_1_tile_1_3_patch_y00954_x01230.png,o2_1_1_tile_1_3.png,1230,954,512,15.09668435477122,29.71742082319186,35.97034855623428,43.38611684172323,65.04451772497974,284.1074109179232,34,181282.0
o2_1_1_tile_1_3_patch_y00954_x01435.jpg,o2_1_1_tile_1_3_patch_y00954_x01435.png,o2_1_1_tile_1_3.png,1435,954,512,5.641895835477563,20.026743534373637,35.96680938658481,43.40961329254202,65.57232604209374,269.83365869676135,31,173312.0
o2_1_1_tile_1_3_patch_y00954_x01640.jpg,o2_1_1_tile_1_3_patch_y00954_x01640.png,o2_1_1_tile_1_3.png,1640,954,512,5.641895835477563,18.643883600599406,23.014509567006368,34.833852588144914,84.92880560166083,323.71308439850463,26,149298.0
o2_1_1_tile_1_3_patch_y00954_x01705.jpg,o2_1_1_tile_1_3_patch_y00954_x01705.png,o2_1_1_tile_1_3.png,1705,954,512,5.641895835477563,15.626320009774892,21.418401849317092,35.22585476425478,89.81493488324031,328.32149843768735,24,147666.0
o2_1_1_tile_1_4_patch_y00000_x00000.jpg,o2_1_1_tile_1_4_patch_y00000_x00000.png,o2_1_1_tile_1_4.png,0,0,512,1.9544100476116797,24.611177192176736,53.7131663872143,72.09591488885079,145.85277657571464,269.6849815513685,18,201647.0
o2_1_1_tile_1_4_patch_y00000_x00205.jpg,o2_1_1_tile_1_4_patch_y00000_x00205.png,o2_1_1_tile_1_4.png,205,0,512,1.9544100476116797,19.505669387147776,30.212471787611307,43.7761671423456,75.13868795401623,402.1243199067362,22,197069.0
o2_1_1_tile_1_4_patch_y00000_x00410.jpg,o2_1_1_tile_1_4_patch_y00000_x00410.png,o2_1_1_tile_1_4.png,410,0,512,1.9544100476116797,16.624043254299917,32.78901646009564,46.836405543641305,87.47259497428934,372.84693906920376,28,190141.0
o2_1_1_tile_1_4_patch_y00000_x00615.jpg,o2_1_1_tile_1_4_patch_y00000_x00615.png,o2_1_1_tile_1_4.png,615,0,512,1.5957691216057308,23.385027093503705,38.596535923598694,59.04162758434076,100.87436934871855,293.47404615070366,35,200034.0
o2_1_1_tile_1_4_patch_y00000_x00820.jpg,o2_1_1_tile_1_4_patch_y00000_x00820.png,o2_1_1_tile_1_4.png,820,0,512,9.83698151873187,22.230064821662644,33.842526551605616,49.61951455809864,80.31093749780271,301.4356761740059,34,190142.0
o2_1_1_tile_1_4_patch_y00000_x01025.jpg,o2_1_1_tile_1_4_patch_y00000_x01025.png,o2_1_1_tile_1_4.png,1025,0,512,10.155412503859614,22.477128884779482,35.5064134785271,50.64434763924226,77.1452593614205,195.61356813351637,50,165038.0
o2_1_1_tile_1_4_patch_y00000_x01230.jpg,o2_1_1_tile_1_4_patch_y00000_x01230.png,o2_1_1_tile_1_4.png,1230,0,512,11.451797811161432,23.003418317049984,35.91272731147244,55.848536627413765,76.77645287439339,119.35777002793633,57,149794.0
o2_1_1_tile_1_4_patch_y00000_x01435.jpg,o2_1_1_tile_1_4_patch_y00000_x01435.png,o2_1_1_tile_1_4.png,1435,0,512,4.222008245644752,26.90757223068939,34.53278470303697,43.869282893360385,64.76494321332726,173.3816185505176,55,139718.0
o2_1_1_tile_1_4_patch_y00000_x01640.jpg,o2_1_1_tile_1_4_patch_y00000_x01640.png,o2_1_1_tile_1_4.png,1640,0,512,5.753627391751592,28.41186145542198,37.37303547444967,49.725558778918575,62.602167044718435,173.3816185505176,51,125626.0
o2_1_1_tile_1_4_patch_y00000_x01845.jpg,o2_1_1_tile_1_4_patch_y00000_x01845.png,o2_1_1_tile_1_4.png,1845,0,512,8.812923024107548,28.97406063451722,41.15959127331626,55.47908407435199,64.2115389284576,114.4456866670414,47,111022.0
o2_1_1_tile_1_4_patch_y00000_x02050.jpg,o2_1_1_tile_1_4_patch_y00000_x02050.png,o2_1_1_tile_1_4.png,2050,0,512,5.046265044040321,23.722449988235205,34.55662712613708,55.55921785776607,70.03315972686785,172.712061113448,43,129720.0
o2_1_1_tile_1_4_patch_y00000_x02255.jpg,o2_1_1_tile_1_4_patch_y00000_x02255.png,o2_1_1_tile_1_4.png,2255,0,512,11.726460285670077,24.957337222554912,32.78550768996792,41.449620303639236,69.28125253123255,198.60755548542292,47,144010.0
o2_1_1_tile_1_4_patch_y00000_x02338.jpg,o2_1_1_tile_1_4_patch_y00000_x02338.png,o2_1_1_tile_1_4.png,2338,0,512,1.9544100476116797,25.17550760049307,32.608520899066605,42.16253487448543,61.39462255650664,181.08288498670817,50,137580.0
o2_1_1_tile_1_4_patch_y00205_x00000.jpg,o2_1_1_tile_1_4_patch_y00205_x00000.png,o2_1_1_tile_1_4.png,0,205,512,4.068428945128219,33.24671817540329,54.748044129750525,72.74556005175458,128.34093805462794,361.5218378840543,17,208694.0
o2_1_1_tile_1_4_patch_y00205_x00205.jpg,o2_1_1_tile_1_4_patch_y00205_x00205.png,o2_1_1_tile_1_4.png,205,205,512,4.068428945128219,20.22586338219763,31.636564289463923,54.07510277820782,77.35346291420962,470.8451935506423,18,217250.0
o2_1_1_tile_1_4_patch_y00205_x00410.jpg,o2_1_1_tile_1_4_patch_y00205_x00410.png,o2_1_1_tile_1_4.png,410,205,512,4.068428945128219,22.290407999241115,38.186389650956706,54.61547231873362,104.49506974136709,401.9469689292915,24,213851.0
o2_1_1_tile_1_4_patch_y00205_x00615.jpg,o2_1_1_tile_1_4_patch_y00205_x00615.png,o2_1_1_tile_1_4.png,615,205,512,1.1283791670955126,16.73656774376801,34.3368580162012,52.86549726138668,103.17113256132241,303.4731664410938,31,207783.0
o2_1_1_tile_1_4_patch_y00205_x00820.jpg,o2_1_1_tile_1_4_patch_y00205_x00820.png,o2_1_1_tile_1_4.png,820,205,512,7.898654169668588,22.291856988786463,31.118164068595622,37.97125745878974,61.76559248439401,368.8419337811353,35,189053.0
o2_1_1_tile_1_4_patch_y00205_x01025.jpg,o2_1_1_tile_1_4_patch_y00205_x01025.png,o2_1_1_tile_1_4.png,1025,205,512,10.155412503859614,22.606534153266825,31.3185825644133,45.466032197376265,64.85766390468754,291.2857875379547,48,163564.0
o2_1_1_tile_1_4_patch_y00205_x01230.jpg,o2_1_1_tile_1_4_patch_y00205_x01230.png,o2_1_1_tile_1_4.png,1230,205,512,8.214724333230155,21.31340280059984,25.80895330094514,45.645344847413284,68.76487738636155,212.03622700883764,53,156351.0
o2_1_1_tile_1_4_patch_y00205_x01435.jpg,o2_1_1_tile_1_4_patch_y00205_x01435.png,o2_1_1_tile_1_4.png,1435,205,512,4.222008245644752,22.333199504582808,32.87747651554428,45.734345922325296,66.31563540892927,241.19616091159975,45,147235.0
o2_1_1_tile_1_4_patch_y00205_x01640.jpg,o2_1_1_tile_1_4_patch_y00205_x01640.png,o2_1_1_tile_1_4.png,1640,205,512,1.5957691216057308,20.509909462129013,32.139525028688745,44.835781086882946,63.14642300146223,191.18952400642087,47,128724.0
o2_1_1_tile_1_4_patch_y00205_x01845.jpg,o2_1_1_tile_1_4_patch_y00205_x01845.png,o2_1_1_tile_1_4.png,1845,205,512,8.812923024107548,29.83277462405867,38.231910720705116,51.164250253233405,63.269780532631465,105.80322337864547,51,110498.0
o2_1_1_tile_1_4_patch_y00205_x02050.jpg,o2_1_1_tile_1_4_patch_y00205_x02050.png,o2_1_1_tile_1_4.png,2050,205,512,2.985410660720923,25.249543511791686,36.61644376007634,51.186638891302565,71.81616406289089,132.61215853714947,52,129435.0
o2_1_1_tile_1_4_patch_y00205_x02255.jpg,o2_1_1_tile_1_4_patch_y00205_x02255.png,o2_1_1_tile_1_4.png,2255,205,512,11.507254783503184,21.627063279643057,31.556733332400885,45.6145584034778,68.2707349520089,133.76886245202198,58,141789.0
o2_1_1_tile_1_4_patch_y00205_x02338.jpg,o2_1_1_tile_1_4_patch_y00205_x02338.png,o2_1_1_tile_1_4.png,2338,205,512,1.9544100476116797,21.289712959367968,28.808891431647158,46.45566578020782,68.62733935410495,133.425767056019,58,133785.0
o2_1_1_tile_1_4_patch_y00410_x00000.jpg,o2_1_1_tile_1_4_patch_y00410_x00000.png,o2_1_1_tile_1_4.png,0,410,512,2.985410660720923,18.039657484918802,30.82217840742652,62.965908744457806,91.3579736429188,325.1161750594378,24,200192.0
o2_1_1_tile_1_4_patch_y00410_x00205.jpg,o2_1_1_tile_1_4_patch_y00410_x00205.png,o2_1_1_tile_1_4.png,205,410,512,4.222008245644752,20.412872584207683,30.246374146121905,56.10672101903762,87.59767225090735,303.4647752072798,27,201139.0
o2_1_1_tile_1_4_patch_y00410_x00410.jpg,o2_1_1_tile_1_4_patch_y00410_x00410.png,o2_1_1_tile_1_4.png,410,410,512,1.1283791670955126,31.793795159751266,49.60830712885453,59.18871924178365,91.3457700927944,288.82539447209,34,189777.0
o2_1_1_tile_1_4_patch_y00410_x00615.jpg,o2_1_1_tile_1_4_patch_y00410_x00615.png,o2_1_1_tile_1_4.png,615,410,512,1.1283791670955126,17.14987856615383,40.05348706874727,59.376765652666414,76.54703380844498,241.50741252552285,36,181054.0
o2_1_1_tile_1_4_patch_y00410_x00820.jpg,o2_1_1_tile_1_4_patch_y00410_x00820.png,o2_1_1_tile_1_4.png,820,410,512,1.1283791670955126,18.084265760523444,33.03893316496067,47.94457677154379,63.47671855792934,281.6362972316715,37,168097.0
o2_1_1_tile_1_4_patch_y00410_x01025.jpg,o2_1_1_tile_1_4_patch_y00410_x01025.png,o2_1_1_tile_1_4.png,1025,410,512,10.155412503859614,23.02882005924544,39.34017858500483,58.039163382420405,71.84484631757218,254.73643908445365,38,154468.0
o2_1_1_tile_1_4_patch_y00410_x01230.jpg,o2_1_1_tile_1_4_patch_y00410_x01230.png,o2_1_1_tile_1_4.png,1230,410,512,9.23618154310838,22.470988210176362,39.10203483669124,60.982207480296935,87.03600034606318,212.03622700883764,37,151415.0
o2_1_1_tile_1_4_patch_y00410_x01435.jpg,o2_1_1_tile_1_4_patch_y00410_x01435.png,o2_1_1_tile_1_4.png,1435,410,512,11.451797811161432,30.19336870954244,39.989859566987285,55.46302137532856,81.65755014558083,241.19616091159975,26,148723.0
o2_1_1_tile_1_4_patch_y00410_x01640.jpg,o2_1_1_tile_1_4_patch_y00410_x01640.png,o2_1_1_tile_1_4.png,1640,410,512,8.136857890256438,26.307731463403055,37.661138754546364,53.693147397225665,70.26086506449651,298.03952227590327,30,157565.0
o2_1_1_tile_1_4_patch_y00410_x01845.jpg,o2_1_1_tile_1_4_patch_y00410_x01845.png,o2_1_1_tile_1_4.png,1845,410,512,8.51907589177983,28.431812156258033,38.73716641145642,50.208713325948175,73.4210335971117,273.27983002124574,35,153004.0
o2_1_1_tile_1_4_patch_y00410_x02050.jpg,o2_1_1_tile_1_4_patch_y00410_x02050.png,o2_1_1_tile_1_4.png,2050,410,512,8.51907589177983,28.431812156258033,43.547471939703044,54.56038246378681,73.37587277363406,165.47594885382713,40,146824.0
o2_1_1_tile_1_4_patch_y00410_x02255.jpg,o2_1_1_tile_1_4_patch_y00410_x02255.png,o2_1_1_tile_1_4.png,2255,410,512,8.51907589177983,25.249543511791686,41.456029735351926,55.45593816490595,78.64125349557257,156.0960767207069,47,142997.0
o2_1_1_tile_1_4_patch_y00410_x02338.jpg,o2_1_1_tile_1_4_patch_y00410_x02338.png,o2_1_1_tile_1_4.png,2338,410,512,16.351767622932517,22.083676802874542,41.807254874649686,55.45593816490595,82.60812848091284,129.76851011962518,47,136503.0
o2_1_1_tile_1_4_patch_y00615_x00000.jpg,o2_1_1_tile_1_4_patch_y00615_x00000.png,o2_1_1_tile_1_4.png,0,615,512,2.5231325220201604,23.939059863869048,30.29429439980081,67.27886780180168,93.26692104865046,334.0135755150218,30,199140.0
o2_1_1_tile_1_4_patch_y00615_x00205.jpg,o2_1_1_tile_1_4_patch_y00615_x00205.png,o2_1_1_tile_1_4.png,205,615,512,2.5231325220201604,25.79514910710276,41.993283405152845,64.83322764195042,91.54260990020224,229.59119571977436,39,183436.0
o2_1_1_tile_1_4_patch_y00615_x00410.jpg,o2_1_1_tile_1_4_patch_y00615_x00410.png,o2_1_1_tile_1_4.png,410,615,512,1.5957691216057308,33.31130269114525,48.5919587778799,63.11040255590545,91.97149356839526,178.61568596410834,42,170041.0
o2_1_1_tile_1_4_patch_y00615_x00615.jpg,o2_1_1_tile_1_4_patch_y00615_x00615.png,o2_1_1_tile_1_4.png,615,615,512,1.1283791670955126,24.41799231984625,41.42395788353387,61.179447518276916,77.71568483796621,164.40681949111104,44,155372.0
o2_1_1_tile_1_4_patch_y00615_x00820.jpg,o2_1_1_tile_1_4_patch_y00615_x00820.png,o2_1_1_tile_1_4.png,820,615,512,1.1283791670955126,25.500055628942697,38.46779086281945,49.58852493985493,73.70538131851706,184.70295168630616,44,144786.0
o2_1_1_tile_1_4_patch_y00615_x01025.jpg,o2_1_1_tile_1_4_patch_y00615_x01025.png,o2_1_1_tile_1_4.png,1025,615,512,5.4115163798060095,25.760674545829577,32.205270273236025,46.27638586959018,70.16762263851557,245.23757847353943,37,142256.0
o2_1_1_tile_1_4_patch_y00615_x01230.jpg,o2_1_1_tile_1_4_patch_y00615_x01230.png,o2_1_1_tile_1_4.png,1230,615,512,9.23618154310838,23.830052661176467,40.1363688823449,60.537341727513244,92.64302027243852,275.02838921396193,29,152565.0
o2_1_1_tile_1_4_patch_y00615_x01435.jpg,o2_1_1_tile_1_4_patch_y00615_x01435.png,o2_1_1_tile_1_4.png,1435,615,512,6.770275002573076,40.13636888234489,48.163800101666176,71.37570785784652,118.48064127114978,277.84947960348444,17,158050.0
o2_1_1_tile_1_4_patch_y00615_x01640.jpg,o2_1_1_tile_1_4_patch_y00615_x01640.png,o2_1_1_tile_1_4.png,1640,615,512,6.770275002573076,32.34197661297766,38.78758173102191,55.51889902908166,86.40313175320894,383.05273576209436,22,180233.0
o2_1_1_tile_1_4_patch_y00615_x01845.jpg,o2_1_1_tile_1_4_patch_y00615_x01845.png,o2_1_1_tile_1_4.png,1845,615,512,12.666024736934256,30.81664575181362,39.14049655672478,53.47106472054136,83.6587535856216,356.9603909104148,20,194536.0
o2_1_1_tile_1_4_patch_y00615_x02050.jpg,o2_1_1_tile_1_4_patch_y00615_x02050.png,o2_1_1_tile_1_4.png,2050,615,512,6.383076486422923,18.712051592547777,26.821266613927218,51.86863366260383,104.75710780692815,230.42154633509492,31,181193.0
o2_1_1_tile_1_4_patch_y00615_x02255.jpg,o2_1_1_tile_1_4_patch_y00615_x02255.png,o2_1_1_tile_1_4.png,2255,615,512,2.763953195770684,22.680140565547774,38.09846559899868,46.960098929637084,87.65116891937022,209.52636946806578,41,167827.0
o2_1_1_tile_1_4_patch_y00615_x02338.jpg,o2_1_1_tile_1_4_patch_y00615_x02338.png,o2_1_1_tile_1_4.png,2338,615,512,14.317526556719258,23.111197279894835,37.5872816098997,55.70539819674415,95.3804205326988,186.6265461991685,39,158936.0
o2_1_1_tile_1_4_patch_y00820_x00000.jpg,o2_1_1_tile_1_4_patch_y00820_x00000.png,o2_1_1_tile_1_4.png,0,820,512,4.222008245644752,23.239004700173243,31.620082442442037,58.543387155461,106.77797345508633,228.79678896838016,35,201973.0
o2_1_1_tile_1_4_patch_y00820_x00205.jpg,o2_1_1_tile_1_4_patch_y00820_x00205.png,o2_1_1_tile_1_4.png,205,820,512,2.256758334191025,18.068143971885423,37.25944111065942,64.3778496975776,99.69714544907056,192.467221402827,37,185925.0
o2_1_1_tile_1_4_patch_y00820_x00410.jpg,o2_1_1_tile_1_4_patch_y00820_x00410.png,o2_1_1_tile_1_4.png,410,820,512,2.256758334191025,27.151532118863187,39.00668219624068,62.39844972273051,93.65547086892754,206.35152069848684,36,174402.0
o2_1_1_tile_1_4_patch_y00820_x00615.jpg,o2_1_1_tile_1_4_patch_y00820_x00615.png,o2_1_1_tile_1_4.png,615,820,512,2.256758334191025,25.38226171238474,39.00668219624068,58.7190998495619,91.9265514332354,249.88440077944412,36,165243.0
o2_1_1_tile_1_4_patch_y00820_x00820.jpg,o2_1_1_tile_1_4_patch_y00820_x00820.png,o2_1_1_tile_1_4.png,820,820,512,1.1283791670955126,25.94256924887406,33.78586255459131,44.41858153843484,76.81361098240068,268.67511233599595,34,169292.0
o2_1_1_tile_1_4_patch_y00820_x01025.jpg,o2_1_1_tile_1_4_patch_y00820_x01025.png,o2_1_1_tile_1_4.png,1025,820,512,1.1283791670955126,25.390294011133868,32.142173178892286,44.49578004067197,62.238916015985545,372.1017435215401,28,166239.0
o2_1_1_tile_1_4_patch_y00820_x01230.jpg,o2_1_1_tile_1_4_patch_y00820_x01230.png,o2_1_1_tile_1_4.png,1230,820,512,2.985410660720923,25.13019725725687,36.01987085047822,40.887204871906675,71.60541632201087,354.0306494976521,31,169590.0
o2_1_1_tile_1_4_patch_y00820_x01435.jpg,o2_1_1_tile_1_4_patch_y00820_x01435.png,o2_1_1_tile_1_4.png,1435,820,512,3.1915382432114616,21.091925347793993,36.04106421570704,43.22982562173533,95.89339397857383,254.30622523983388,27,181142.0
o2_1_1_tile_1_4_patch_y00820_x01640.jpg,o2_1_1_tile_1_4_patch_y00820_x01640.png,o2_1_1_tile_1_4.png,1640,820,512,2.5231325220201604,23.42576026046658,35.34187308823903,43.963366896860585,78.59061668870065,339.22013073369493,26,204958.0
o2_1_1_tile_1_4_patch_y00820_x01845.jpg,o2_1_1_tile_1_4_patch_y00820_x01845.png,o2_1_1_tile_1_4.png,1845,820,512,9.574614729634384,23.31680264534386,34.44792091974742,44.752718396410415,94.68304829524808,314.7227305790404,21,199676.0
o2_1_1_tile_1_4_patch_y00820_x02050.jpg,o2_1_1_tile_1_4_patch_y00820_x02050.png,o2_1_1_tile_1_4.png,2050,820,512,6.383076486422923,18.45850499273922,24.674993632512216,46.53594606920572,101.00390640346359,316.49376212400256,25,189194.0
o2_1_1_tile_1_4_patch_y00820_x02255.jpg,o2_1_1_tile_1_4_patch_y00820_x02255.png,o2_1_1_tile_1_4.png,2255,820,512,2.763953195770684,19.291019746064162,27.60503148474769,46.518622822991745,97.5493529264591,376.9918005765816,24,192117.0
o2_1_1_tile_1_4_patch_y00820_x02338.jpg,o2_1_1_tile_1_4_patch_y00820_x02338.png,o2_1_1_tile_1_4.png,2338,820,512,5.970821321441846,21.95338292302664,30.17023112740577,53.26266423420351,103.34969224751964,374.7306271306785,23,196588.0
o2_1_1_tile_1_4_patch_y01025_x00000.jpg,o2_1_1_tile_1_4_patch_y01025_x00000.png,o2_1_1_tile_1_4.png,0,1025,512,4.222008245644752,23.615226456547084,34.11364747264559,55.02511824049283,92.8087577771267,228.660407382978,36,208599.0
o2_1_1_tile_1_4_patch_y01025_x00205.jpg,o2_1_1_tile_1_4_patch_y01025_x00205.png,o2_1_1_tile_1_4.png,205,1025,512,14.406180819073164,25.95272084319679,42.34053942720982,94.83756715568568,122.71869187343673,265.04423291532515,26,206346.0
o2_1_1_tile_1_4_patch_y01025_x00410.jpg,o2_1_1_tile_1_4_patch_y01025_x00410.png,o2_1_1_tile_1_4.png,410,1025,512,9.23618154310838,32.369758812064276,43.33951918305187,76.88448335270128,169.70443875479742,220.67531096043746,22,208405.0
o2_1_1_tile_1_4_patch_y01025_x00615.jpg,o2_1_1_tile_1_4_patch_y01025_x00615.png,o2_1_1_tile_1_4.png,615,1025,512,5.170882945826411,28.316694958337514,37.60823757518337,72.19836852355579,111.28539386391097,240.84486122615226,24,197314.0
o2_1_1_tile_1_4_patch_y01025_x00820.jpg,o2_1_1_tile_1_4_patch_y01025_x00820.png,o2_1_1_tile_1_4.png,820,1025,512,5.170882945826411,24.901157769991823,29.163744887841286,78.7443749283734,135.3819901111764,268.15332048833244,21,203466.0
o2_1_1_tile_1_4_patch_y01025_x01025.jpg,o2_1_1_tile_1_4_patch_y01025_x01025.png,o2_1_1_tile_1_4.png,1025,1025,512,6.579524642479541,23.60434257585931,28.431800276085134,45.59689173418486,61.189924314114485,347.6158785111673,20,199486.0
o2_1_1_tile_1_4_patch_y01025_x01230.jpg,o2_1_1_tile_1_4_patch_y01025_x01230.png,o2_1_1_tile_1_4.png,1230,1025,512,9.166995688475081,21.92874791456951,34.68182892673208,40.034279582618026,66.59905381098953,324.79880307512207,24,201732.0
o2_1_1_tile_1_4_patch_y01025_x01435.jpg,o2_1_1_tile_1_4_patch_y01025_x01435.png,o2_1_1_tile_1_4.png,1435,1025,512,3.1915382432114616,21.40303391808169,33.828070857945825,40.097373496876685,85.66357538596226,276.76820173270784,32,185597.0
o2_1_1_tile_1_4_patch_y01025_x01640.jpg,o2_1_1_tile_1_4_patch_y01025_x01640.png,o2_1_1_tile_1_4.png,1640,1025,512,2.5231325220201604,25.013293573245416,33.29763805845884,38.61124028985159,79.96451139657589,258.3618709722579,37,179239.0
o2_1_1_tile_1_4_patch_y01025_x01845.jpg,o2_1_1_tile_1_4_patch_y01025_x01845.png,o2_1_1_tile_1_4.png,1845,1025,512,17.22396045987371,25.15551736167189,35.71814698195629,44.752718396410415,83.3474352099394,280.9505514077374,36,174659.0
o2_1_1_tile_1_4_patch_y01025_x02050.jpg,o2_1_1_tile_1_4_patch_y01025_x02050.png,o2_1_1_tile_1_4.png,2050,1025,512,1.5957691216057308,23.333155800833662,26.113011697190252,45.452030844937084,87.66676975394597,265.6104853619876,37,178079.0
o2_1_1_tile_1_4_patch_y01025_x02255.jpg,o2_1_1_tile_1_4_patch_y01025_x02255.png,o2_1_1_tile_1_4.png,2255,1025,512,10.940041919714261,23.244944880478272,27.722712130016582,39.19229269306922,70.73745298943712,336.4311260403488,24,202531.0
o2_1_1_tile_1_4_patch_y01025_x02338.jpg,o2_1_1_tile_1_4_patch_y01025_x02338.png,o2_1_1_tile_1_4.png,2338,1025,512,9.166995688475081,22.736210219877808,24.747287144606645,39.202042427599885,77.3413174258481,363.3083041771274,16,218231.0
o2_1_1_tile_1_4_patch_y01198_x00000.jpg,o2_1_1_tile_1_4_patch_y01198_x00000.png,o2_1_1_tile_1_4.png,0,1198,512,8.667244841319219,33.367989395851936,43.79330592492563,59.53319407460878,107.00382216883601,228.660407382978,30,206707.0
o2_1_1_tile_1_4_patch_y01198_x00205.jpg,o2_1_1_tile_1_4_patch_y01198_x00205.png,o2_1_1_tile_1_4.png,205,1198,512,7.817640190446719,28.392985415830356,55.545312483559215,73.38661930130222,124.20926765659529,312.60176234128784,20,214900.0
o2_1_1_tile_1_4_patch_y01198_x00410.jpg,o2_1_1_tile_1_4_patch_y01198_x00410.png,o2_1_1_tile_1_4.png,410,1198,512,7.817640190446719,19.550929185627258,28.01783387290275,60.97610757665803,152.50351727817542,403.7784670630578,15,224623.0
o2_1_1_tile_1_4_patch_y01198_x00615.jpg,o2_1_1_tile_1_4_patch_y01198_x00615.png,o2_1_1_tile_1_4.png,615,1198,512,7.817640190446719,28.31669495833751,43.44331906950782,75.64274202391363,109.00748681551376,380.2570826399539,19,217467.0
o2_1_1_tile_1_4_patch_y01198_x00820.jpg,o2_1_1_tile_1_4_patch_y01198_x00820.png,o2_1_1_tile_1_4.png,820,1198,512,23.66908109081279,42.22008245644752,78.7443749283734,107.77054851430493,177.25971196234735,264.0696563144948,16,213104.0
o2_1_1_tile_1_4_patch_y01198_x01025.jpg,o2_1_1_tile_1_4_patch_y01198_x01025.png,o2_1_1_tile_1_4.png,1025,1198,512,6.579524642479541,24.695192781099617,42.79434317639132,76.9892214627329,155.5004109832858,293.98121337516346,19,204946.0
o2_1_1_tile_1_4_patch_y01198_x01230.jpg,o2_1_1_tile_1_4_patch_y01198_x01230.png,o2_1_1_tile_1_4.png,1230,1198,512,9.166995688475081,22.75250320263808,27.75963548214597,40.23736598302342,111.63414016986434,288.3422775655027,29,197163.0
o2_1_1_tile_1_4_patch_y01198_x01435.jpg,o2_1_1_tile_1_4_patch_y01198_x01435.png,o2_1_1_tile_1_4.png,1435,1198,512,3.1915382432114616,25.64115064599125,34.88722898846475,40.822496572651225,75.0924523233394,288.03080088048523,40,180555.0
o2_1_1_tile_1_4_patch_y01198_x01640.jpg,o2_1_1_tile_1_4_patch_y01198_x01640.png,o2_1_1_tile_1_4.png,1640,1198,512,7.136496464611085,25.11996141456527,33.23646402596917,39.56884229445616,77.97648216247012,262.51250850053975,45,170248.0
o2_1_1_tile_1_4_patch_y01198_x01845.jpg,o2_1_1_tile_1_4_patch_y01198_x01845.png,o2_1_1_tile_1_4.png,1845,1198,512,7.136496464611085,24.192543704943194,34.28322888841864,48.063953569827234,93.02196041430028,205.56640593787526,38,169542.0
o2_1_1_tile_1_4_patch_y01198_x02050.jpg,o2_1_1_tile_1_4_patch_y01198_x02050.png,o2_1_1_tile_1_4.png,2050,1198,512,7.136496464611085,24.977737626138797,37.32189788770486,49.2107875783987,100.3496465330616,205.56640593787526,36,175548.0
o2_1_1_tile_1_4_patch_y01198_x02255.jpg,o2_1_1_tile_1_4_patch_y01198_x02255.png,o2_1_1_tile_1_4.png,2255,1198,512,1.1283791670955126,28.15357321122978,43.883293046591675,60.10476353918359,100.71386332875252,323.60490236681045,28,192007.0
o2_1_1_tile_1_4_patch_y01198_x02338.jpg,o2_1_1_tile_1_4_patch_y01198_x02338.png,o2_1_1_tile_1_4.png,2338,1198,512,1.1283791670955126,27.657468604861357,48.908034451809314,82.84887713579887,104.22835540801934,363.6428366365884,22,205897.0
o2_1_1_tile_1_6_patch_y00000_x00000.jpg,o2_1_1_tile_1_6_patch_y00000_x00000.png,o2_1_1_tile_1_6.png,0,0,512,10.280023453913834,31.372187811504013,37.77964438223469,44.99389820996741,71.61430643518958,118.24853775113482,56,135625.0
o2_1_1_tile_1_6_patch_y00000_x00205.jpg,o2_1_1_tile_1_6_patch_y00000_x00205.png,o2_1_1_tile_1_6.png,205,0,512,4.068428945128219,27.28085631622203,34.247147977081646,40.0502710195302,65.86730501370461,174.19119263207213,60,140356.0
o2_1_1_tile_1_6_patch_y00000_x00410.jpg,o2_1_1_tile_1_6_patch_y00000_x00410.png,o2_1_1_tile_1_6.png,410,0,512,5.4115163798060095,28.900607975374268,35.949104827605794,44.48161701780234,63.58093703724523,181.55336772999803,56,156738.0
o2_1_1_tile_1_6_patch_y00000_x00615.jpg,o2_1_1_tile_1_6_patch_y00000_x00615.png,o2_1_1_tile_1_6.png,615,0,512,5.863230142835039,29.450459750705086,37.86558144409578,50.30318399342683,62.52054817506914,231.2764434055578,50,171181.0
o2_1_1_tile_1_6_patch_y00000_x00820.jpg,o2_1_1_tile_1_6_patch_y00000_x00820.png,o2_1_1_tile_1_6.png,820,0,512,2.763953195770684,26.854965087501732,32.564908920472014,49.15375451267874,62.781639976805366,229.36926121094982,64,173087.0
o2_1_1_tile_1_6_patch_y00000_x01025.jpg,o2_1_1_tile_1_6_patch_y00000_x01025.png,o2_1_1_tile_1_6.png,1025,0,512,2.5231325220201604,28.1049171889252,37.216268983421116,45.22534552541544,62.90527133429096,118.764252519755,73,156384.0
o2_1_1_tile_1_6_patch_y00000_x01230.jpg,o2_1_1_tile_1_6_patch_y00000_x01230.png,o2_1_1_tile_1_6.png,1230,0,512,2.5231325220201604,23.731055632705054,33.55614770409196,44.92418248360993,61.69729354375026,118.764252519755,72,146655.0
o2_1_1_tile_1_6_patch_y00000_x01435.jpg,o2_1_1_tile_1_6_patch_y00000_x01435.png,o2_1_1_tile_1_6.png,1435,0,512,3.385137501286538,21.93017504039853,32.8006997764682,45.31794062697216,58.550100539419866,159.18146933539242,58,132193.0
o2_1_1_tile_1_6_patch_y00000_x01640.jpg,o2_1_1_tile_1_6_patch_y00000_x01640.png,o2_1_1_tile_1_6.png,1640,0,512,6.770275002573076,23.012931130371236,31.879019519501952,41.230479658952895,68.14395183285556,214.9821439895455,44,145718.0
o2_1_1_tile_1_6_patch_y00000_x01705.jpg,o2_1_1_tile_1_6_patch_y00000_x01705.png,o2_1_1_tile_1_6.png,1705,0,512,2.5231325220201604,22.54581279592393,33.04039641783123,44.48714178642607,72.98610390269499,214.9821439895455,42,131117.0
o2_1_1_tile_1_6_patch_y00205_x00000.jpg,o2_1_1_tile_1_6_patch_y00205_x00000.png,o2_1_1_tile_1_6.png,0,205,512,4.652426491681278,30.11376154421395,35.76800643781901,44.834008682968545,69.03962944527467,113.36139874318769,59,129143.0
o2_1_1_tile_1_6_patch_y00205_x00205.jpg,o2_1_1_tile_1_6_patch_y00205_x00205.png,o2_1_1_tile_1_6.png,205,205,512,1.5957691216057308,22.98607806586938,32.99809690157233,37.89025923546858,58.723302463098946,174.19119263207213,64,135853.0
o2_1_1_tile_1_6_patch_y00205_x00410.jpg,o2_1_1_tile_1_6_patch_y00205_x00410.png,o2_1_1_tile_1_6.png,410,205,512,1.5957691216057308,28.03581249197402,34.722310716245595,43.97810820923469,62.021861433676314,181.55336772999803,65,146353.0
o2_1_1_tile_1_6_patch_y00205_x00615.jpg,o2_1_1_tile_1_6_patch_y00205_x00615.png,o2_1_1_tile_1_6.png,615,205,512,1.5957691216057308,28.443075710972426,37.7240910549701,47.80821452789605,61.3899847474368,148.11454133807,57,137180.0
o2_1_1_tile_1_6_patch_y00205_x00820.jpg,o2_1_1_tile_1_6_patch_y00205_x00820.png,o2_1_1_tile_1_6.png,820,205,512,2.763953195770684,27.113911682139214,34.0938777633649,50.06988244721299,67.20009977800429,147.56766561007018,62,142977.0
o2_1_1_tile_1_6_patch_y00205_x01025.jpg,o2_1_1_tile_1_6_patch_y00205_x01025.png,o2_1_1_tile_1_6.png,1025,205,512,10.092530088080641,26.26967516446403,32.252700786889584,43.15958125315331,59.53737391372493,115.29362882239026,71,135955.0
o2_1_1_tile_1_6_patch_y00205_x01230.jpg,o2_1_1_tile_1_6_patch_y00205_x01230.png,o2_1_1_tile_1_6.png,1230,205,512,9.440697438826296,21.528102431092233,28.11906394744562,36.33661249883324,57.292334097392555,115.29362882239026,76,127608.0
o2_1_1_tile_1_6_patch_y00205_x01435.jpg,o2_1_1_tile_1_6_patch_y00205_x01435.png,o2_1_1_tile_1_6.png,1435,205,512,4.222008245644752,22.40264155464649,25.8308822410963,35.28943963316612,52.13665510954977,159.18146933539242,62,97158.0
o2_1_1_tile_1_6_patch_y00205_x01640.jpg,o2_1_1_tile_1_6_patch_y00205_x01640.png,o2_1_1_tile_1_6.png,1640,205,512,4.222008245644752,17.666568411398924,24.375042471962562,31.566245470691726,46.170948741626646,186.70839695981545,39,86410.0
o2_1_1_tile_1_6_patch_y00205_x01705.jpg,o2_1_1_tile_1_6_patch_y00205_x01705.png,o2_1_1_tile_1_6.png,1705,205,512,2.5231325220201604,22.232002403686355,25.739654687819367,33.52373993181254,46.170948741626646,186.70839695981545,34,72219.0
o2_1_1_tile_1_6_patch_y00410_x00000.jpg,o2_1_1_tile_1_6_patch_y00410_x00000.png,o2_1_1_tile_1_6.png,0,410,512,1.1283791670955126,22.40539028217942,34.53110298181549,45.888577530793235,67.42723014761934,123.91637869751546,59,129331.0
o2_1_1_tile_1_6_patch_y00410_x00205.jpg,o2_1_1_tile_1_6_patch_y00410_x00205.png,o2_1_1_tile_1_6.png,205,410,512,6.770275002573076,19.963065333312567,32.99423905394037,39.87826715611172,62.43924635979416,122.4538366828333,66,123687.0
o2_1_1_tile_1_6_patch_y00410_x00410.jpg,o2_1_1_tile_1_6_patch_y00410_x00410.png,o2_1_1_tile_1_6.png,410,410,512,6.770275002573076,23.222513824965944,32.3191325582906,43.63405723630506,54.419938442877225,113.3726298720351,75,121622.0
o2_1_1_tile_1_6_patch_y00410_x00615.jpg,o2_1_1_tile_1_6_patch_y00410_x00615.png,o2_1_1_tile_1_6.png,615,410,512,5.641895835477563,23.8912403172379,32.89531181380612,43.141874756209944,58.26993213186025,113.3726298720351,65,107426.0
o2_1_1_tile_1_6_patch_y00410_x00820.jpg,o2_1_1_tile_1_6_patch_y00410_x00820.png,o2_1_1_tile_1_6.png,820,410,512,1.1283791670955126,22.65205369339104,30.653723819701746,43.130070424914365,59.708213214418464,103.81088337278716,61,105384.0
o2_1_1_tile_1_6_patch_y00410_x01025.jpg,o2_1_1_tile_1_6_patch_y00410_x01025.png,o2_1_1_tile_1_6.png,1025,410,512,6.579524642479541,22.020677922025826,28.0054875284016,37.10187360114437,46.693422943966276,96.80414789279847,64,90054.0
o2_1_1_tile_1_6_patch_y00410_x01230.jpg,o2_1_1_tile_1_6_patch_y00410_x01230.png,o2_1_1_tile_1_6.png,1230,410,512,4.222008245644752,17.285270850186595,24.73145929599358,30.64072299047896,40.41102950913387,95.97858149690951,72,74559.0
o2_1_1_tile_1_6_patch_y00410_x01435.jpg,o2_1_1_tile_1_6_patch_y00410_x01435.png,o2_1_1_tile_1_6.png,1435,410,512,2.763953195770684,17.704862007750453,23.074617054688122,27.687134080556092,38.031581912896534,82.91091786987492,59,50904.0
o2_1_1_tile_1_6_patch_y00410_x01640.jpg,o2_1_1_tile_1_6_patch_y00410_x01640.png,o2_1_1_tile_1_6.png,1640,410,512,6.955796338302048,16.42944866646031,22.111625566165472,29.25093116572581,34.28119163317628,90.07971813120416,46,40977.0
o2_1_1_tile_1_6_patch_y00410_x01705.jpg,o2_1_1_tile_1_6_patch_y00410_x01705.png,o2_1_1_tile_1_6.png,1705,410,512,6.955796338302048,21.411671734571446,26.995154170275697,33.62180705946531,35.94886963386513,102.8559545053395,39,40256.0
o2_1_1_tile_1_6_patch_y00615_x00000.jpg,o2_1_1_tile_1_6_patch_y00615_x00000.png,o2_1_1_tile_1_6.png,0,615,512,1.1283791670955126,24.20048473547202,36.46907883594383,52.17666036425442,69.36220705583683,177.62207824195897,50,151713.0
o2_1_1_tile_1_6_patch_y00615_x00205.jpg,o2_1_1_tile_1_6_patch_y00615_x00205.png,o2_1_1_tile_1_6.png,205,615,512,5.046265044040321,25.64884791968245,35.034823358846424,48.10307368110381,71.91802082890166,161.48048140929026,52,148259.0
o2_1_1_tile_1_6_patch_y00615_x00410.jpg,o2_1_1_tile_1_6_patch_y00615_x00410.png,o2_1_1_tile_1_6.png,410,615,512,5.046265044040321,23.504012051180172,30.79781728640787,44.80579062346048,59.44160307762221,173.25673293317115,60,134105.0
o2_1_1_tile_1_6_patch_y00615_x00615.jpg,o2_1_1_tile_1_6_patch_y00615_x00615.png,o2_1_1_tile_1_6.png,615,615,512,4.51351666838205,23.3577814859246,27.93713224319408,34.8265230495599,52.16648512646115,151.4215893510262,60,102666.0
o2_1_1_tile_1_6_patch_y00615_x00820.jpg,o2_1_1_tile_1_6_patch_y00615_x00820.png,o2_1_1_tile_1_6.png,820,615,512,4.51351666838205,22.09107870876046,28.24102155102215,34.7203002608527,50.9476607455759,88.64781142309958,55,69694.0
o2_1_1_tile_1_6_patch_y00615_x01025.jpg,o2_1_1_tile_1_6_patch_y00615_x01025.png,o2_1_1_tile_1_6.png,1025,615,512,10.704744696916627,20.216574731145414,26.462837142006137,28.96661630188228,41.90223540802793,96.80414789279847,46,45071.0
o2_1_1_tile_1_6_patch_y00615_x01230.jpg,o2_1_1_tile_1_6_patch_y00615_x01230.png,o2_1_1_tile_1_6.png,1230,615,512,4.222008245644752,18.45831797129833,22.433795304776552,25.69921918908337,34.92494206235761,141.36298898445227,40,42457.0
o2_1_1_tile_1_6_patch_y00615_x01435.jpg,o2_1_1_tile_1_6_patch_y00615_x01435.png,o2_1_1_tile_1_6.png,1435,615,512,6.955796338302048,17.075475271404667,20.247943044182815,24.209102575451716,26.259454700167176,156.69445229705127,34,35037.0
o2_1_1_tile_1_6_patch_y00615_x01640.jpg,o2_1_1_tile_1_6_patch_y00615_x01640.png,o2_1_1_tile_1_6.png,1640,615,512,9.0270333367641,17.410270748573016,21.132610377488668,25.511050719928388,34.877956812742745,142.52014053164575,38,46710.0
o2_1_1_tile_1_6_patch_y00615_x01705.jpg,o2_1_1_tile_1_6_patch_y00615_x01705.png,o2_1_1_tile_1_6.png,1705,615,512,14.183506197980657,20.540820366218746,25.463054842059698,33.99025564351574,48.07021203201981,116.67680665971434,35,56139.0
o2_1_1_tile_1_6_patch_y00820_x00000.jpg,o2_1_1_tile_1_6_patch_y00820_x00000.png,o2_1_1_tile_1_6.png,0,820,512,2.763953195770684,29.42452872043851,38.39806496170502,62.57165172872317,84.30434827879093,350.44485090663676,31,187722.0
o2_1_1_tile_1_6_patch_y00820_x00205.jpg,o2_1_1_tile_1_6_patch_y00820_x00205.png,o2_1_1_tile_1_6.png,205,820,512,9.23618154310838,28.367012395961314,44.89474578740548,62.45963468567951,95.42645976848289,237.26838489454346,36,180444.0
o2_1_1_tile_1_6_patch_y00820_x00410.jpg,o2_1_1_tile_1_6_patch_y00820_x00410.png,o2_1_1_tile_1_6.png,410,820,512,6.180387232371033,24.68966492022483,30.703390547361884,46.55157590521714,67.48197231521192,173.7850453897517,50,143608.0
o2_1_1_tile_1_6_patch_y00820_x00615.jpg,o2_1_1_tile_1_6_patch_y00820_x00615.png,o2_1_1_tile_1_6.png,615,820,512,1.5957691216057308,23.278398982759875,26.711074263495536,34.748831388893635,58.67901047850938,152.02580115241187,54,97017.0
o2_1_1_tile_1_6_patch_y00820_x00820.jpg,o2_1_1_tile_1_6_patch_y00820_x00820.png,o2_1_1_tile_1_6.png,820,820,512,1.5957691216057308,17.596847264254272,22.635159623094882,29.83650871692671,45.46383253577415,68.16194758616136,53,47336.0
o2_1_1_tile_1_6_patch_y00820_x01025.jpg,o2_1_1_tile_1_6_patch_y00820_x01025.png,o2_1_1_tile_1_6.png,1025,820,512,1.5957691216057308,18.166663404081426,20.45049069454228,25.724191336770893,33.787967061544336,107.13067374119682,39,32977.0
o2_1_1_tile_1_6_patch_y00820_x01230.jpg,o2_1_1_tile_1_6_patch_y00820_x01230.png,o2_1_1_tile_1_6.png,1230,820,512,7.312732791431452,20.153496341094687,21.260292528114064,26.462837142006137,38.36489168124743,189.81604947136486,21,66787.0
o2_1_1_tile_1_6_patch_y00820_x01435.jpg,o2_1_1_tile_1_6_patch_y00820_x01435.png,o2_1_1_tile_1_6.png,1435,820,512,4.068428945128219,20.37341629633241,26.462837142006137,41.962963317296,66.96528710128288,201.7464956983118,21,95837.0
o2_1_1_tile_1_6_patch_y00820_x01640.jpg,o2_1_1_tile_1_6_patch_y00820_x01640.png,o2_1_1_tile_1_6.png,1640,820,512,2.763953195770684,21.00492822686327,26.88200935777979,35.96617656810498,61.650359705662346,186.23042704950527,34,117446.0
o2_1_1_tile_1_6_patch_y00820_x01705.jpg,o2_1_1_tile_1_6_patch_y00820_x01705.png,o2_1_1_tile_1_6.png,1705,820,512,14.96964127403822,25.208605074941268,29.066661815490612,40.325890062557306,61.9370147185996,177.87994807232639,35,121436.0
o2_1_1_tile_1_6_patch_y00954_x00000.jpg,o2_1_1_tile_1_6_patch_y00954_x00000.png,o2_1_1_tile_1_6.png,0,954,512,3.5682482323055424,19.917820819335027,33.26266420033129,51.83714614937687,78.28063881328377,431.32874821550814,27,207951.0
o2_1_1_tile_1_6_patch_y00954_x00205.jpg,o2_1_1_tile_1_6_patch_y00954_x00205.png,o2_1_1_tile_1_6.png,205,954,512,3.5682482323055424,25.81251198669313,37.553118248914245,62.74450494592419,98.1570658600541,291.3972292908565,30,179257.0
o2_1_1_tile_1_6_patch_y00954_x00410.jpg,o2_1_1_tile_1_6_patch_y00954_x00410.png,o2_1_1_tile_1_6.png,410,954,512,7.399277020331919,23.856255933722696,30.917161508686863,49.24336293738697,74.4657903690066,164.6815177937675,39,120457.0
o2_1_1_tile_1_6_patch_y00954_x00615.jpg,o2_1_1_tile_1_6_patch_y00954_x00615.png,o2_1_1_tile_1_6.png,615,954,512,7.399277020331919,23.96311821686732,28.723844188903154,34.870385217575105,65.40707049173007,148.06725404624336,36,72010.0
o2_1_1_tile_1_6_patch_y00954_x00820.jpg,o2_1_1_tile_1_6_patch_y00954_x00820.png,o2_1_1_tile_1_6.png,820,954,512,1.1283791670955126,14.20134618823997,21.33724537649708,28.56352157395366,40.20081565317959,89.34882173531709,40,35606.0
o2_1_1_tile_1_6_patch_y00954_x01025.jpg,o2_1_1_tile_1_6_patch_y00954_x01025.png,o2_1_1_tile_1_6.png,1025,954,512,1.1283791670955126,14.4933826222791,20.615153116942395,25.033595181265614,29.908322359385544,205.44559111348835,32,54054.0
o2_1_1_tile_1_6_patch_y00954_x01230.jpg,o2_1_1_tile_1_6_patch_y00954_x01230.png,o2_1_1_tile_1_6.png,1230,954,512,1.1283791670955126,20.40010664655184,24.393840597006278,36.371836558842645,83.04175307406902,231.96907043741294,17,105965.0
o2_1_1_tile_1_6_patch_y00954_x01435.jpg,o2_1_1_tile_1_6_patch_y00954_x01435.png,o2_1_1_tile_1_6.png,1435,954,512,2.985410660720923,26.462837142006137,41.962963317296,47.33816218162558,93.38317643928767,215.5263285786053,21,128392.0
o2_1_1_tile_1_6_patch_y00954_x01640.jpg,o2_1_1_tile_1_6_patch_y00954_x01640.png,o2_1_1_tile_1_6.png,1640,954,512,2.763953195770684,24.03119194908032,36.9911032331277,52.10575558645018,66.85823105425673,203.0831734365538,34,139840.0
o2_1_1_tile_1_6_patch_y00954_x01705.jpg,o2_1_1_tile_1_6_patch_y00954_x01705.png,o2_1_1_tile_1_6.png,1705,954,512,12.514330345744634,26.351094618945382,42.95897153155013,54.99233060872542,91.62056146625834,193.64446243565882,32,142691.0
o2_1_1_tile_1_7_patch_y00000_x00000.jpg,o2_1_1_tile_1_7_patch_y00000_x00000.png,o2_1_1_tile_1_7.png,0,0,512,12.412170838050638,26.402902298613885,46.51878986309758,61.61160341953987,83.64314687635955,201.588656797232,33,166572.0
o2_1_1_tile_1_7_patch_y00000_x00205.jpg,o2_1_1_tile_1_7_patch_y00000_x00205.png,o2_1_1_tile_1_7.png,205,0,512,1.9544100476116797,27.96013377055607,41.6737176049697,55.783487228146086,71.84506325667999,192.22892099604547,36,179211.0
o2_1_1_tile_1_7_patch_y00000_x00410.jpg,o2_1_1_tile_1_7_patch_y00000_x00410.png,o2_1_1_tile_1_7.png,410,0,512,1.9544100476116797,22.58878164046386,35.03448827311158,47.09256844719617,62.898352951997715,245.6836728341138,43,167863.0
o2_1_1_tile_1_7_patch_y00000_x00615.jpg,o2_1_1_tile_1_7_patch_y00000_x00615.png,o2_1_1_tile_1_7.png,615,0,512,5.863230142835039,25.71456558297649,30.759459043667782,47.80901782485696,116.59668204748247,216.20168862966193,29,183309.0
o2_1_1_tile_1_7_patch_y00000_x00820.jpg,o2_1_1_tile_1_7_patch_y00000_x00820.png,o2_1_1_tile_1_7.png,820,0,512,4.652426491681278,15.355190660986718,28.570581203823192,40.85202466277079,82.4644169824398,273.79185195378386,33,180735.0
o2_1_1_tile_1_7_patch_y00000_x01025.jpg,o2_1_1_tile_1_7_patch_y00000_x01025.png,o2_1_1_tile_1_7.png,1025,0,512,2.256758334191025,24.19863856237279,31.274594116202554,40.84042001388797,55.47779961232591,273.79185195378386,49,153609.0
o2_1_1_tile_1_7_patch_y00000_x01230.jpg,o2_1_1_tile_1_7_patch_y00000_x01230.png,o2_1_1_tile_1_7.png,1230,0,512,10.764051215546116,28.32657896831451,35.19058705961187,43.69864793622164,57.70717728831451,172.4243120025887,54,117506.0
o2_1_1_tile_1_7_patch_y00000_x01435.jpg,o2_1_1_tile_1_7_patch_y00000_x01435.png,o2_1_1_tile_1_7.png,1435,0,512,7.817640190446719,29.81553163708262,36.771940584663675,42.813029640885624,54.94096258401489,172.4243120025887,54,106387.0
o2_1_1_tile_1_7_patch_y00000_x01640.jpg,o2_1_1_tile_1_7_patch_y00000_x01640.png,o2_1_1_tile_1_7.png,1640,0,512,1.9544100476116797,30.13423101735295,36.32806668657296,43.36972163928523,61.60564879877597,183.0271357530957,47,113403.0
o2_1_1_tile_1_7_patch_y00000_x01845.jpg,o2_1_1_tile_1_7_patch_y00000_x01845.png,o2_1_1_tile_1_7.png,1845,0,512,11.227230955528665,32.270064506811536,38.810317799285855,48.113428745876156,59.969520518069956,183.0271357530957,42,116201.0
o2_1_1_tile_1_7_patch_y00000_x01982.jpg,o2_1_1_tile_1_7_patch_y00000_x01982.png,o2_1_1_tile_1_7.png,1982,0,512,11.055812783082736,31.99904965104636,39.429312147490535,56.26365950565129,69.5564881665735,139.98270105078754,42,112382.0
o2_1_1_tile_1_7_patch_y00205_x00000.jpg,o2_1_1_tile_1_7_patch_y00205_x00000.png,o2_1_1_tile_1_7.png,0,205,512,4.918490759365935,22.266053759632598,33.25170989824303,46.50783975566717,73.86680843966487,177.00093852223895,50,148870.0
o2_1_1_tile_1_7_patch_y00205_x00205.jpg,o2_1_1_tile_1_7_patch_y00205_x00205.png,o2_1_1_tile_1_7.png,205,205,512,1.9544100476116797,23.925138023119313,33.315484264958,41.801710846343504,67.37956068966676,228.26471888839296,52,162878.0
o2_1_1_tile_1_7_patch_y00205_x00410.jpg,o2_1_1_tile_1_7_patch_y00205_x00410.png,o2_1_1_tile_1_7.png,410,205,512,1.9544100476116797,17.371176474327626,30.632948674096244,39.153293754946546,53.93841265480332,281.59786726128794,51,154594.0
o2_1_1_tile_1_7_patch_y00205_x00615.jpg,o2_1_1_tile_1_7_patch_y00205_x00615.png,o2_1_1_tile_1_7.png,615,205,512,3.385137501286538,21.65056154995334,29.73952640001547,40.220893106401334,59.00355339042131,212.62089096644922,47,162087.0
o2_1_1_tile_1_7_patch_y00205_x00820.jpg,o2_1_1_tile_1_7_patch_y00205_x00820.png,o2_1_1_tile_1_7.png,820,205,512,4.652426491681278,22.402902534586254,31.131801081263244,40.220893106401334,67.55600608400856,259.2032104287774,42,174897.0
o2_1_1_tile_1_7_patch_y00205_x01025.jpg,o2_1_1_tile_1_7_patch_y00205_x01025.png,o2_1_1_tile_1_7.png,1025,205,512,2.256758334191025,23.7014932350177,31.31521604405475,42.51929982492522,58.88964131050151,259.2032104287774,47,156555.0
o2_1_1_tile_1_7_patch_y00205_x01230.jpg,o2_1_1_tile_1_7_patch_y00205_x01230.png,o2_1_1_tile_1_7.png,1230,205,512,14.450303987687134,31.31521604405475,39.586132105137864,47.29236402694102,65.64056013966717,172.4243120025887,43,133989.0
o2_1_1_tile_1_7_patch_y00205_x01435.jpg,o2_1_1_tile_1_7_patch_y00205_x01435.png,o2_1_1_tile_1_7.png,1435,205,512,5.4115163798060095,28.02762110642342,35.80690452845112,43.25165327205684,60.583920680991405,172.4243120025887,50,115180.0
o2_1_1_tile_1_7_patch_y00205_x01640.jpg,o2_1_1_tile_1_7_patch_y00205_x01640.png,o2_1_1_tile_1_7.png,1640,205,512,1.9544100476116797,27.512055073472077,36.71655949857849,44.28386823600837,61.26358106602899,96.54073475720698,52,108139.0
o2_1_1_tile_1_7_patch_y00205_x01845.jpg,o2_1_1_tile_1_7_patch_y00205_x01845.png,o2_1_1_tile_1_7.png,1845,205,512,1.9544100476116797,28.420371497594996,38.8431175973867,46.405567397525154,75.49433121350926,101.7983136137308,48,117373.0
o2_1_1_tile_1_7_patch_y00205_x01982.jpg,o2_1_1_tile_1_7_patch_y00205_x01982.png,o2_1_1_tile_1_7.png,1982,205,512,1.9544100476116797,28.402986076195035,38.61827770387515,50.36335139057579,73.01675015130911,121.77088214341599,43,112371.0
o2_1_1_tile_1_7_patch_y00410_x00000.jpg,o2_1_1_tile_1_7_patch_y00410_x00000.png,o2_1_1_tile_1_7.png,0,410,512,1.1283791670955126,27.57238941617612,40.18277650437405,54.966241899145444,71.3021780448215,117.23202483055279,54,133643.0
o2_1_1_tile_1_7_patch_y00410_x00205.jpg,o2_1_1_tile_1_7_patch_y00410_x00205.png,o2_1_1_tile_1_7.png,205,410,512,6.383076486422923,31.56714641746037,39.48268186881469,48.76576844580336,74.17068735664871,202.8102647615979,50,145790.0
o2_1_1_tile_1_7_patch_y00410_x00410.jpg,o2_1_1_tile_1_7_patch_y00410_x00410.png,o2_1_1_tile_1_7.png,410,410,512,6.383076486422923,23.786341913172485,36.674095315335066,44.11362635626513,65.47171242100066,244.58773478934225,45,140274.0
o2_1_1_tile_1_7_patch_y00410_x00615.jpg,o2_1_1_tile_1_7_patch_y00410_x00615.png,o2_1_1_tile_1_7.png,615,410,512,7.046725639945928,21.474540450496598,33.5998907385609,42.42410603883906,55.37892686398087,170.37778135783134,60,138298.0
o2_1_1_tile_1_7_patch_y00410_x00820.jpg,o2_1_1_tile_1_7_patch_y00410_x00820.png,o2_1_1_tile_1_7.png,820,410,512,2.5231325220201604,21.436313627570808,34.49962318051446,47.40775385308328,60.707805355157305,178.8507676315131,52,144048.0
o2_1_1_tile_1_7_patch_y00410_x01025.jpg,o2_1_1_tile_1_7_patch_y00410_x01025.png,o2_1_1_tile_1_7.png,1025,410,512,2.256758334191025,18.924502353887554,31.249955232722748,45.00172166523985,61.848050075192084,216.79273815054106,48,143192.0
o2_1_1_tile_1_7_patch_y00410_x01230.jpg,o2_1_1_tile_1_7_patch_y00410_x01230.png,o2_1_1_tile_1_7.png,1230,410,512,2.5231325220201604,28.434741482342428,38.029883297009725,46.79655431549979,67.52760123064417,173.1060157398987,42,128932.0
o2_1_1_tile_1_7_patch_y00410_x01435.jpg,o2_1_1_tile_1_7_patch_y00410_x01435.png,o2_1_1_tile_1_7.png,1435,410,512,10.645107772184812,25.08118589376279,35.51549037157441,44.89440933023163,73.0784620579794,120.94729897547231,47,116298.0
o2_1_1_tile_1_7_patch_y00410_x01640.jpg,o2_1_1_tile_1_7_patch_y00410_x01640.png,o2_1_1_tile_1_7.png,1640,410,512,1.9544100476116797,33.88519616343246,38.767665571862985,44.28386823600837,58.40094738855603,119.21367286655456,52,111786.0
o2_1_1_tile_1_7_patch_y00410_x01845.jpg,o2_1_1_tile_1_7_patch_y00410_x01845.png,o2_1_1_tile_1_7.png,1845,410,512,3.385137501286538,32.91696906717907,39.989859566987285,49.055302868797554,59.21572178231587,99.41910573817826,46,100245.0
o2_1_1_tile_1_7_patch_y00410_x01982.jpg,o2_1_1_tile_1_7_patch_y00410_x01982.png,o2_1_1_tile_1_7.png,1982,410,512,3.385137501286538,31.68094051842741,38.77094971497032,45.42685870677958,66.648470771622,137.1572611036763,40,92757.0
o2_1_1_tile_1_7_patch_y00615_x00000.jpg,o2_1_1_tile_1_7_patch_y00615_x00000.png,o2_1_1_tile_1_7.png,0,615,512,4.918490759365935,22.959119571977435,30.19336870954244,48.296737425573774,64.64342337640237,130.4193508575972,61,129059.0
o2_1_1_tile_1_7_patch_y00615_x00205.jpg,o2_1_1_tile_1_7_patch_y00615_x00205.png,o2_1_1_tile_1_7.png,205,615,512,3.742410318509555,23.32771747770151,35.447117981904505,44.84622660045576,67.23050948914232,104.66591156102993,58,125085.0
o2_1_1_tile_1_7_patch_y00615_x00410.jpg,o2_1_1_tile_1_7_patch_y00615_x00410.png,o2_1_1_tile_1_7.png,410,615,512,3.1915382432114616,19.67396303746374,36.667982753900326,44.99389820996741,73.0402196905262,170.6988195075297,51,136687.0
o2_1_1_tile_1_7_patch_y00615_x00615.jpg,o2_1_1_tile_1_7_patch_y00615_x00615.png,o2_1_1_tile_1_7.png,615,615,512,3.742410318509555,22.714566511427606,34.67463098457632,44.92287279288521,58.95785969772482,170.6988195075297,54,152249.0
o2_1_1_tile_1_7_patch_y00615_x00820.jpg,o2_1_1_tile_1_7_patch_y00615_x00820.png,o2_1_1_tile_1_7.png,820,615,512,2.5231325220201604,21.079513296367196,34.49593594556538,47.10869566758787,61.39668428643267,164.01525874492447,55,152309.0
o2_1_1_tile_1_7_patch_y00615_x01025.jpg,o2_1_1_tile_1_7_patch_y00615_x01025.png,o2_1_1_tile_1_7.png,1025,615,512,2.256758334191025,22.342799381659077,34.02330166098974,45.55536691413954,65.47235296874658,158.8251298135564,52,146739.0
o2_1_1_tile_1_7_patch_y00615_x01230.jpg,o2_1_1_tile_1_7_patch_y00615_x01230.png,o2_1_1_tile_1_7.png,1230,615,512,2.5231325220201604,25.54721526804238,33.68380566871234,39.70498671008532,61.40605497499611,158.8251298135564,48,119386.0
o2_1_1_tile_1_7_patch_y00615_x01435.jpg,o2_1_1_tile_1_7_patch_y00615_x01435.png,o2_1_1_tile_1_7.png,1435,615,512,2.5231325220201604,20.279456919490165,29.811427376513585,38.44777121547521,53.02181546095191,119.21367286655456,51,98366.0
o2_1_1_tile_1_7_patch_y00615_x01640.jpg,o2_1_1_tile_1_7_patch_y00615_x01640.png,o2_1_1_tile_1_7.png,1640,615,512,7.978845608028654,28.074195972368344,34.448239882723996,40.954831501484655,56.51139649002542,119.21367286655456,48,86661.0
o2_1_1_tile_1_7_patch_y00615_x01845.jpg,o2_1_1_tile_1_7_patch_y00615_x01845.png,o2_1_1_tile_1_7.png,1845,615,512,5.527906391541368,29.971573787071517,38.79391094968566,48.070675184364624,58.93722535732824,90.29148799825622,42,79170.0
o2_1_1_tile_1_7_patch_y00615_x01982.jpg,o2_1_1_tile_1_7_patch_y00615_x01982.png,o2_1_1_tile_1_7.png,1982,615,512,8.740387444736633,30.29860907292697,36.14337799512211,41.21288090726863,66.52654100056176,137.1572611036763,36,77295.0
o2_1_1_tile_1_7_patch_y00820_x00000.jpg,o2_1_1_tile_1_7_patch_y00820_x00000.png,o2_1_1_tile_1_7.png,0,820,512,13.58748446131949,24.510871227768263,35.15324338025,49.04590596025793,66.53607807526812,130.4193508575972,58,134017.0
o2_1_1_tile_1_7_patch_y00820_x00205.jpg,o2_1_1_tile_1_7_patch_y00820_x00205.png,o2_1_1_tile_1_7.png,205,820,512,14.002817212590296,25.814265904736565,38.368002043870014,49.04590596025793,69.68222732560324,104.90285689696927,58,131757.0
o2_1_1_tile_1_7_patch_y00820_x00410.jpg,o2_1_1_tile_1_7_patch_y00820_x00410.png,o2_1_1_tile_1_7.png,410,820,512,5.641895835477563,26.01375021208669,38.841039064297775,50.09907295191177,65.52610319594578,180.30425756404898,54,144052.0
o2_1_1_tile_1_7_patch_y00820_x00615.jpg,o2_1_1_tile_1_7_patch_y00820_x00615.png,o2_1_1_tile_1_7.png,615,820,512,1.9544100476116797,24.961642567647598,36.392469863380335,54.87845366397164,74.96379150852673,180.30425756404898,48,162879.0
o2_1_1_tile_1_7_patch_y00820_x00820.jpg,o2_1_1_tile_1_7_patch_y00820_x00820.png,o2_1_1_tile_1_7.png,820,820,512,1.9544100476116797,23.37726484323633,34.65773061041244,50.531779773537025,84.75322400530283,171.6954139726895,45,155904.0
o2_1_1_tile_1_7_patch_y00820_x01025.jpg,o2_1_1_tile_1_7_patch_y00820_x01025.png,o2_1_1_tile_1_7.png,1025,820,512,3.9088200952233594,22.945286949050594,34.37708773548778,42.29826321330686,75.76409985748465,155.7449407420658,49,146641.0
o2_1_1_tile_1_7_patch_y00820_x01230.jpg,o2_1_1_tile_1_7_patch_y00820_x01230.png,o2_1_1_tile_1_7.png,1230,820,512,7.978845608028654,27.842520825053327,36.4724815450469,40.346914077980436,63.024552334553405,178.7297035689941,50,122639.0
o2_1_1_tile_1_7_patch_y00820_x01435.jpg,o2_1_1_tile_1_7_patch_y00820_x01435.png,o2_1_1_tile_1_7.png,1435,820,512,2.5231325220201604,24.623673511228336,34.702944684691836,42.0174166093266,65.1802186495092,163.47484456162155,49,109296.0
o2_1_1_tile_1_7_patch_y00820_x01640.jpg,o2_1_1_tile_1_7_patch_y00820_x01640.png,o2_1_1_tile_1_7.png,1640,820,512,4.918490759365935,28.65327310708343,33.81872907849983,43.7062027066243,57.88484115316596,89.44851759037577,49,87999.0
o2_1_1_tile_1_7_patch_y00820_x01845.jpg,o2_1_1_tile_1_7_patch_y00820_x01845.png,o2_1_1_tile_1_7.png,1845,820,512,5.527906391541368,24.306031118985995,33.49214891450948,41.21288090726863,57.823239657377705,87.60757944186999,46,72881.0
o2_1_1_tile_1_7_patch_y00820_x01982.jpg,o2_1_1_tile_1_7_patch_y00820_x01982.png,o2_1_1_tile_1_7.png,1982,820,512,9.304852983362556,26.916778451826854,35.15398913585962,43.132942996365756,57.88484115316596,87.60757944186999,39,66285.0
o2_1_1_tile_1_7_patch_y01025_x00000.jpg,o2_1_1_tile_1_7_patch_y01025_x00000.png,o2_1_1_tile_1_7.png,0,1025,512,5.970821321441846,23.34408972623798,35.593164329846914,48.84722005225778,72.48903090207521,164.2712357995673,51,148721.0
o2_1_1_tile_1_7_patch_y01025_x00205.jpg,o2_1_1_tile_1_7_patch_y01025_x00205.png,o2_1_1_tile_1_7.png,205,1025,512,1.9544100476116797,24.21742222347336,37.66422761558814,47.58614212975508,76.98816259632356,154.83072740342482,53,139509.0
o2_1_1_tile_1_7_patch_y01025_x00410.jpg,o2_1_1_tile_1_7_patch_y01025_x00410.png,o2_1_1_tile_1_7.png,410,1025,512,8.667244841319219,29.811427376513585,44.25203294542162,60.97425252208243,82.11623852148503,146.8844582845215,46,151108.0
o2_1_1_tile_1_7_patch_y01025_x00615.jpg,o2_1_1_tile_1_7_patch_y01025_x00615.png,o2_1_1_tile_1_7.png,615,1025,512,6.955796338302048,25.315946261744838,40.82272335193502,53.63263182392176,81.00239757887704,149.68790702073898,47,151650.0
o2_1_1_tile_1_7_patch_y01025_x00820.jpg,o2_1_1_tile_1_7_patch_y01025_x00820.png,o2_1_1_tile_1_7.png,820,1025,512,2.5231325220201604,19.85166897952568,32.702413587485076,53.51448121401245,76.23157868488784,197.15661302938784,49,160129.0
o2_1_1_tile_1_7_patch_y01025_x01025.jpg,o2_1_1_tile_1_7_patch_y01025_x01025.png,o2_1_1_tile_1_7.png,1025,1025,512,8.444016491289505,19.18864289332864,26.913730193422996,38.437257936379076,63.303234092382525,215.02951905972685,53,154400.0
o2_1_1_tile_1_7_patch_y01025_x01230.jpg,o2_1_1_tile_1_7_patch_y01025_x01230.png,o2_1_1_tile_1_7.png,1230,1025,512,4.068428945128219,18.359182116313782,30.611377555498912,37.72394707288216,55.37261092160765,224.5446191105733,58,138119.0
o2_1_1_tile_1_7_patch_y01025_x01435.jpg,o2_1_1_tile_1_7_patch_y01025_x01435.png,o2_1_1_tile_1_7.png,1435,1025,512,2.5231325220201604,19.347672370394786,34.92511251028815,39.7823673768393,60.28122145970629,208.98179256567022,56,124029.0
o2_1_1_tile_1_7_patch_y01025_x01640.jpg,o2_1_1_tile_1_7_patch_y01025_x01640.png,o2_1_1_tile_1_7.png,1640,1025,512,4.068428945128219,29.73870254483258,36.1081333470564,45.82862454876,68.37266254557825,134.5896690052664,48,109811.0
o2_1_1_tile_1_7_patch_y01025_x01845.jpg,o2_1_1_tile_1_7_patch_y01025_x01845.png,o2_1_1_tile_1_7.png,1845,1025,512,5.641895835477563,29.097396463556585,34.9674113908092,45.26473171571465,64.14764248139102,137.49567542372995,43,100658.0
o2_1_1_tile_1_7_patch_y01025_x01982.jpg,o2_1_1_tile_1_7_patch_y01025_x01982.png,o2_1_1_tile_1_7.png,1982,1025,512,5.641895835477563,29.678010234465084,38.643768114592746,46.44957554229929,57.90463424034192,137.49567542372995,38,99409.0
o2_1_1_tile_1_7_patch_y01198_x00000.jpg,o2_1_1_tile_1_7_patch_y01198_x00000.png,o2_1_1_tile_1_7.png,0,1198,512,7.978845608028654,32.2566699499304,43.65819879759428,54.84985952056017,69.80265795870048,189.17437427905296,40,166557.0
o2_1_1_tile_1_7_patch_y01198_x00205.jpg,o2_1_1_tile_1_7_patch_y01198_x00205.png,o2_1_1_tile_1_7.png,205,1198,512,1.9544100476116797,23.689968635419003,41.24183876783413,48.5319505716321,73.32289103318956,189.17437427905296,49,165034.0
o2_1_1_tile_1_7_patch_y01198_x00410.jpg,o2_1_1_tile_1_7_patch_y01198_x00410.png,o2_1_1_tile_1_7.png,410,1198,512,7.978845608028654,25.710332515932674,42.59532069579093,59.730967315442925,76.18590286343236,157.68266179129606,49,155522.0
o2_1_1_tile_1_7_patch_y01198_x00615.jpg,o2_1_1_tile_1_7_patch_y01198_x00615.png,o2_1_1_tile_1_7.png,615,1198,512,10.280023453913834,24.550161404996434,39.47667580866496,49.83198745888425,75.35749065773135,108.80524475845613,53,137493.0
o2_1_1_tile_1_7_patch_y01198_x00820.jpg,o2_1_1_tile_1_7_patch_y01198_x00820.png,o2_1_1_tile_1_7.png,820,1198,512,10.280023453913834,28.900607975374268,36.68534037984474,51.42488244434724,70.58460411838188,197.15661302938784,46,150232.0
o2_1_1_tile_1_7_patch_y01198_x01025.jpg,o2_1_1_tile_1_7_patch_y01198_x01025.png,o2_1_1_tile_1_7.png,1025,1198,512,13.680870333281758,23.50565605582899,34.62379842921087,44.2146367036096,58.81971354327845,215.02951905972685,43,155611.0
o2_1_1_tile_1_7_patch_y01198_x01230.jpg,o2_1_1_tile_1_7_patch_y01198_x01230.png,o2_1_1_tile_1_7.png,1230,1198,512,4.068428945128219,24.155618049367774,32.66664736991625,42.44299001050936,53.75598027153846,211.81393211456356,43,139815.0
o2_1_1_tile_1_7_patch_y01198_x01435.jpg,o2_1_1_tile_1_7_patch_y01198_x01435.png,o2_1_1_tile_1_7.png,1435,1198,512,3.9088200952233594,22.625004497759413,36.17482293082397,44.87489406436782,65.20940771204086,199.32746923959263,49,116533.0
o2_1_1_tile_1_7_patch_y01198_x01640.jpg,o2_1_1_tile_1_7_patch_y01198_x01640.png,o2_1_1_tile_1_7.png,1640,1198,512,4.068428945128219,23.72272229100399,34.23264192524742,44.70676260036416,65.76703452523306,160.15433378054385,49,110412.0
o2_1_1_tile_1_7_patch_y01198_x01845.jpg,o2_1_1_tile_1_7_patch_y01198_x01845.png,o2_1_1_tile_1_7.png,1845,1198,512,5.863230142835039,26.828894774463723,33.62763649289355,45.31533514889491,59.3915917398398,160.15433378054385,49,116777.0
o2_1_1_tile_1_7_patch_y01198_x01982.jpg,o2_1_1_tile_1_7_patch_y01198_x01982.png,o2_1_1_tile_1_7.png,1982,1198,512,5.863230142835039,23.09759689422348,33.6601483458598,46.58059505271489,57.242628369273746,160.15433378054385,45,121513.0
o2_1_1_tile_1_8_patch_y00000_x00000.jpg,o2_1_1_tile_1_8_patch_y00000_x00000.png,o2_1_1_tile_1_8.png,0,0,512,1.1283791670955126,20.69475976086415,27.79087996077117,44.31552273136803,71.80223670842689,229.03039703061083,44,175081.0
o2_1_1_tile_1_8_patch_y00000_x00205.jpg,o2_1_1_tile_1_8_patch_y00000_x00205.png,o2_1_1_tile_1_8.png,205,0,512,1.1283791670955126,22.627516218500805,27.79087996077117,41.04555766654164,79.05649424213236,359.5388591770393,39,191311.0
o2_1_1_tile_1_8_patch_y00000_x00410.jpg,o2_1_1_tile_1_8_patch_y00000_x00410.png,o2_1_1_tile_1_8.png,410,0,512,1.1283791670955126,23.255740063525984,31.212988123937684,39.74253931154919,58.53600762178317,325.1494615673529,47,178340.0
o2_1_1_tile_1_8_patch_y00000_x00615.jpg,o2_1_1_tile_1_8_patch_y00000_x00615.png,o2_1_1_tile_1_8.png,615,0,512,2.985410660720923,24.70475785363916,36.59102518127598,45.39669836286835,60.74370966882972,173.08762661616913,58,154079.0
o2_1_1_tile_1_8_patch_y00000_x00820.jpg,o2_1_1_tile_1_8_patch_y00000_x00820.png,o2_1_1_tile_1_8.png,820,0,512,1.1283791670955126,19.60913925979463,30.340603007249587,40.25958197060499,54.044532707966525,169.98873923811695,81,131258.0
o2_1_1_tile_1_8_patch_y00000_x01025.jpg,o2_1_1_tile_1_8_patch_y00000_x01025.png,o2_1_1_tile_1_8.png,1025,0,512,1.1283791670955126,18.710113687754074,28.750409629397016,38.59616696518303,46.83988478985106,179.05709976422642,82,136186.0
o2_1_1_tile_1_8_patch_y00000_x01230.jpg,o2_1_1_tile_1_8_patch_y00000_x01230.png,o2_1_1_tile_1_8.png,1230,0,512,1.1283791670955126,19.77080019204319,29.554057719513263,37.338951531678056,52.75700564655907,182.43138014012945,76,135201.0
o2_1_1_tile_1_8_patch_y00000_x01435.jpg,o2_1_1_tile_1_8_patch_y00000_x01435.png,o2_1_1_tile_1_8.png,1435,0,512,1.1283791670955126,21.420978469900966,30.29046697789685,44.3698372393138,59.66750385920387,131.62919024576613,74,128787.0
o2_1_1_tile_1_8_patch_y00000_x01640.jpg,o2_1_1_tile_1_8_patch_y00000_x01640.png,o2_1_1_tile_1_8.png,1640,0,512,1.1283791670955126,22.792141940852034,32.19343084255579,44.38132012125481,57.336763987045785,97.5901213987308,76,123716.0
o2_1_1_tile_1_8_patch_y00000_x01705.jpg,o2_1_1_tile_1_8_patch_y00000_x01705.png,o2_1_1_tile_1_8.png,1705,0,512,1.1283791670955126,25.346542276507396,34.994300665192796,45.409671687104705,54.57528660980855,103.84154132312412,70,116095.0
o2_1_1_tile_1_8_patch_y00205_x00000.jpg,o2_1_1_tile_1_8_patch_y00205_x00000.png,o2_1_1_tile_1_8.png,0,205,512,1.1283791670955126,20.284306755623643,25.746551624522162,35.582155182992025,49.66994194768816,241.4863233982728,60,164485.0
o2_1_1_tile_1_8_patch_y00205_x00205.jpg,o2_1_1_tile_1_8_patch_y00205_x00205.png,o2_1_1_tile_1_8.png,205,205,512,1.1283791670955126,21.491121234385645,28.317233670006214,44.58078286772629,62.58541364452794,275.62032616822506,55,175050.0
o2_1_1_tile_1_8_patch_y00205_x00410.jpg,o2_1_1_tile_1_8_patch_y00205_x00410.png,o2_1_1_tile_1_8.png,410,205,512,1.1283791670955126,21.491121234385645,28.005135004369563,35.51791048888639,55.2468014673851,249.5861469035648,60,169622.0
o2_1_1_tile_1_8_patch_y00205_x00615.jpg,o2_1_1_tile_1_8_patch_y00205_x00615.png,o2_1_1_tile_1_8.png,615,205,512,1.1283791670955126,20.897874625046462,30.340603007249587,42.684959745981,63.13883919241622,169.98873923811695,51,166307.0
o2_1_1_tile_1_8_patch_y00205_x00820.jpg,o2_1_1_tile_1_8_patch_y00205_x00820.png,o2_1_1_tile_1_8.png,820,205,512,1.1283791670955126,19.57011598958793,24.358302213614156,33.87015528473313,50.226050359516215,169.98873923811695,83,138982.0
o2_1_1_tile_1_8_patch_y00205_x01025.jpg,o2_1_1_tile_1_8_patch_y00205_x01025.png,o2_1_1_tile_1_8.png,1025,205,512,1.1283791670955126,20.35943087557144,26.304422238223623,33.92649610033641,48.96621153497356,122.11544352758264,89,137997.0
o2_1_1_tile_1_8_patch_y00205_x01230.jpg,o2_1_1_tile_1_8_patch_y00205_x01230.png,o2_1_1_tile_1_8.png,1230,205,512,1.1283791670955126,20.30848812096361,28.643939093371593,39.17217161936648,50.431053927901004,124.30109362093803,79,137153.0
o2_1_1_tile_1_8_patch_y00205_x01435.jpg,o2_1_1_tile_1_8_patch_y00205_x01435.png,o2_1_1_tile_1_8.png,1435,205,512,1.1283791670955126,22.828960111685213,28.997356781633986,40.07860228155573,56.62855031869313,124.30109362093803,68,122276.0
o2_1_1_tile_1_8_patch_y00205_x01640.jpg,o2_1_1_tile_1_8_patch_y00205_x01640.png,o2_1_1_tile_1_8.png,1640,205,512,1.1283791670955126,22.93137440223813,29.53250900522315,39.63808267566925,53.38080273953638,103.57143990692485,66,105615.0
o2_1_1_tile_1_8_patch_y00205_x01705.jpg,o2_1_1_tile_1_8_patch_y00205_x01705.png,o2_1_1_tile_1_8.png,1705,205,512,1.1283791670955126,25.577121400480834,30.769734417764838,37.711669587588524,50.245854514713336,103.84154132312412,64,95179.0
o2_1_1_tile_1_8_patch_y00410_x00000.jpg,o2_1_1_tile_1_8_patch_y00410_x00000.png,o2_1_1_tile_1_8.png,0,410,512,1.1283791670955126,22.251879830296218,29.96751089695253,44.20771662885411,53.27150309677405,203.78727691057358,65,152579.0
o2_1_1_tile_1_8_patch_y00410_x00205.jpg,o2_1_1_tile_1_8_patch_y00410_x00205.png,o2_1_1_tile_1_8.png,205,410,512,1.1283791670955126,21.143930472451757,29.154305436877376,45.27793022219501,59.5128270272256,141.13763735227263,72,150372.0
o2_1_1_tile_1_8_patch_y00410_x00410.jpg,o2_1_1_tile_1_8_patch_y00410_x00410.png,o2_1_1_tile_1_8.png,410,410,512,1.1283791670955126,19.18175436725059,27.868575020247913,38.2978681115769,55.031814462559815,180.61822614344416,74,157387.0
o2_1_1_tile_1_8_patch_y00410_x00615.jpg,o2_1_1_tile_1_8_patch_y00410_x00615.png,o2_1_1_tile_1_8.png,615,410,512,2.5231325220201604,16.85734977434921,23.914649971583394,36.27471915963242,53.87860856484314,180.61822614344416,64,151230.0
o2_1_1_tile_1_8_patch_y00410_x00820.jpg,o2_1_1_tile_1_8_patch_y00410_x00820.png,o2_1_1_tile_1_8.png,820,410,512,1.5957691216057308,17.297725082009,23.642169108157916,32.46909827883606,47.64647005039088,138.1377611551088,81,134769.0
o2_1_1_tile_1_8_patch_y00410_x01025.jpg,o2_1_1_tile_1_8_patch_y00410_x01025.png,o2_1_1_tile_1_8.png,1025,410,512,9.23618154310838,19.72546024885791,26.73501427309866,36.53813123929744,49.616461237101,109.67357922085466,85,130157.0
o2_1_1_tile_1_8_patch_y00410_x01230.jpg,o2_1_1_tile_1_8_patch_y00410_x01230.png,o2_1_1_tile_1_8.png,1230,410,512,2.5231325220201604,17.725438079914788,24.597595665196554,37.75891531833221,49.07789453687373,124.30109362093803,78,122074.0
o2_1_1_tile_1_8_patch_y00410_x01435.jpg,o2_1_1_tile_1_8_patch_y00410_x01435.png,o2_1_1_tile_1_8.png,1435,410,512,3.742410318509555,17.517155313611116,24.77299861870477,32.37091511398834,44.38132012125481,124.30109362093803,71,104921.0
o2_1_1_tile_1_8_patch_y00410_x01640.jpg,o2_1_1_tile_1_8_patch_y00410_x01640.png,o2_1_1_tile_1_8.png,1640,410,512,3.742410318509555,20.563513817928786,27.590370346209543,35.023278071796646,51.58109502621817,124.2908500102551,64,86296.0
o2_1_1_tile_1_8_patch_y00410_x01705.jpg,o2_1_1_tile_1_8_patch_y00410_x01705.png,o2_1_1_tile_1_8.png,1705,410,512,3.742410318509555,20.927530150861806,27.459137156409536,34.59138817268044,49.64363950411699,124.2908500102551,62,87035.0
o2_1_1_tile_1_8_patch_y00615_x00000.jpg,o2_1_1_tile_1_8_patch_y00615_x00000.png,o2_1_1_tile_1_8.png,0,615,512,3.5682482323055424,22.56758334191025,31.973337147660246,41.609505022789115,61.38191761651654,175.65424528763089,60,158290.0
o2_1_1_tile_1_8_patch_y00615_x00205.jpg,o2_1_1_tile_1_8_patch_y00615_x00205.png,o2_1_1_tile_1_8.png,205,615,512,2.5231325220201604,23.743656545083628,34.09868543595106,42.51844927848129,59.86540625258693,151.52666006419196,69,155223.0
o2_1_1_tile_1_8_patch_y00615_x00410.jpg,o2_1_1_tile_1_8_patch_y00615_x00410.png,o2_1_1_tile_1_8.png,410,615,512,2.763953195770684,19.67396303746374,28.277100878514442,38.36489168124743,54.009182524717566,168.44248280905373,76,160070.0
o2_1_1_tile_1_8_patch_y00615_x00615.jpg,o2_1_1_tile_1_8_patch_y00615_x00615.png,o2_1_1_tile_1_8.png,615,615,512,1.1283791670955126,16.879043486469776,23.522662126578524,31.900762926896736,47.25769878795066,168.44248280905373,73,145589.0
o2_1_1_tile_1_8_patch_y00615_x00820.jpg,o2_1_1_tile_1_8_patch_y00615_x00820.png,o2_1_1_tile_1_8.png,820,615,512,3.1915382432114616,18.62314045378197,24.677222032747554,30.640928440144027,44.72966659648002,138.1377611551088,77,117205.0
o2_1_1_tile_1_8_patch_y00615_x01025.jpg,o2_1_1_tile_1_8_patch_y00615_x01025.png,o2_1_1_tile_1_8.png,1025,615,512,1.1283791670955126,18.841924811788726,24.17471718621419,30.3028040920021,44.09072090534023,105.65269087294072,82,98803.0
o2_1_1_tile_1_8_patch_y00615_x01230.jpg,o2_1_1_tile_1_8_patch_y00615_x01230.png,o2_1_1_tile_1_8.png,1230,615,512,6.6755811781245455,18.527146492659437,24.242707830172105,30.872542824491713,45.11388158102784,103.30679485866422,74,91805.0
o2_1_1_tile_1_8_patch_y00615_x01435.jpg,o2_1_1_tile_1_8_patch_y00615_x01435.png,o2_1_1_tile_1_8.png,1435,615,512,3.9088200952233594,17.23663853279818,24.368149728717015,31.477162845236407,43.284681820415045,124.0088191271544,70,89114.0
o2_1_1_tile_1_8_patch_y00615_x01640.jpg,o2_1_1_tile_1_8_patch_y00615_x01640.png,o2_1_1_tile_1_8.png,1640,615,512,3.9088200952233594,19.549751481057815,26.65453507732551,34.23272769907932,42.81110843810497,124.2908500102551,70,84303.0
o2_1_1_tile_1_8_patch_y00615_x01705.jpg,o2_1_1_tile_1_8_patch_y00615_x01705.png,o2_1_1_tile_1_8.png,1705,615,512,3.9088200952233594,20.102633744964873,26.496283592049103,33.082929285516734,48.89941048149741,128.95651086232894,70,94663.0
o2_1_1_tile_1_8_patch_y00820_x00000.jpg,o2_1_1_tile_1_8_patch_y00820_x00000.png,o2_1_1_tile_1_8.png,0,820,512,3.5682482323055424,23.21501214838592,30.942866539369568,46.18779793760313,67.40568033838417,194.19598882446255,54,161728.0
o2_1_1_tile_1_8_patch_y00820_x00205.jpg,o2_1_1_tile_1_8_patch_y00820_x00205.png,o2_1_1_tile_1_8.png,205,820,512,3.5682482323055424,18.41685950501534,27.70880383947603,38.47395556960102,59.82695339676628,214.95845253905182,63,158068.0
o2_1_1_tile_1_8_patch_y00820_x00410.jpg,o2_1_1_tile_1_8_patch_y00820_x00410.png,o2_1_1_tile_1_8.png,410,820,512,3.5682482323055424,18.534224503502912,24.66970907142722,38.16575447219439,57.50570027915019,168.49160848232154,69,161013.0
o2_1_1_tile_1_8_patch_y00820_x00615.jpg,o2_1_1_tile_1_8_patch_y00820_x00615.png,o2_1_1_tile_1_8.png,615,820,512,2.256758334191025,18.831521190508894,24.793546471704502,35.69196516941685,46.21253910362229,177.40690039090498,78,142157.0
o2_1_1_tile_1_8_patch_y00820_x00820.jpg,o2_1_1_tile_1_8_patch_y00820_x00820.png,o2_1_1_tile_1_8.png,820,820,512,3.385137501286538,19.307276450478117,24.926006115891617,31.01636804321941,44.72966659648002,177.40690039090498,82,120948.0
o2_1_1_tile_1_8_patch_y00820_x01025.jpg,o2_1_1_tile_1_8_patch_y00820_x01025.png,o2_1_1_tile_1_8.png,1025,820,512,2.256758334191025,19.24826020916829,26.133605040864047,30.461918619275597,45.01456742400646,93.70304104186631,84,94650.0
o2_1_1_tile_1_8_patch_y00820_x01230.jpg,o2_1_1_tile_1_8_patch_y00820_x01230.png,o2_1_1_tile_1_8.png,1230,820,512,5.753627391751592,21.75076247861092,26.05944733957907,34.16187156926076,44.21146038612406,93.70304104186631,68,79981.0
o2_1_1_tile_1_8_patch_y00820_x01435.jpg,o2_1_1_tile_1_8_patch_y00820_x01435.png,o2_1_1_tile_1_8.png,1435,820,512,2.763953195770684,16.73656774376801,26.17255958188877,32.37091511398834,42.90809226343028,109.04487199443028,61,74807.0
o2_1_1_tile_1_8_patch_y00820_x01640.jpg,o2_1_1_tile_1_8_patch_y00820_x01640.png,o2_1_1_tile_1_8.png,1640,820,512,3.9088200952233594,19.366098660840763,27.7587456956516,34.44377106763072,43.27630804489102,109.04487199443028,68,78426.0
o2_1_1_tile_1_8_patch_y00820_x01705.jpg,o2_1_1_tile_1_8_patch_y00820_x01705.png,o2_1_1_tile_1_8.png,1705,820,512,3.9088200952233594,20.000908552705244,27.618052376158168,34.75333867976749,48.60100696766315,109.04487199443028,68,94121.0
o2_1_1_tile_1_8_patch_y00954_x00000.jpg,o2_1_1_tile_1_8_patch_y00954_x00000.png,o2_1_1_tile_1_8.png,0,954,512,3.5682482323055424,29.159830672889946,41.44201322607228,53.52843423773014,73.53157140287766,194.19598882446255,47,158731.0
o2_1_1_tile_1_8_patch_y00954_x00205.jpg,o2_1_1_tile_1_8_patch_y00954_x00205.png,o2_1_1_tile_1_8.png,205,954,512,7.136496464611085,22.34076770248023,34.3368580162012,45.444411554782334,70.98034149338139,214.95845253905182,51,160939.0
o2_1_1_tile_1_8_patch_y00954_x00410.jpg,o2_1_1_tile_1_8_patch_y00954_x00410.png,o2_1_1_tile_1_8.png,410,954,512,6.4820448144285745,21.403275628510947,26.562173149105845,41.53230116634003,67.23174654585435,187.6538997429587,57,167692.0
o2_1_1_tile_1_8_patch_y00954_x00615.jpg,o2_1_1_tile_1_8_patch_y00954_x00615.png,o2_1_1_tile_1_8.png,615,954,512,2.256758334191025,21.296141209117675,26.606984356403746,38.39806496170502,50.03564153245152,206.20646894793455,70,158329.0
o2_1_1_tile_1_8_patch_y00954_x00820.jpg,o2_1_1_tile_1_8_patch_y00954_x00820.png,o2_1_1_tile_1_8.png,820,954,512,2.256758334191025,19.667224497476877,25.95253429852605,32.276343652309336,47.27893587710971,206.20646894793455,88,131295.0
o2_1_1_tile_1_8_patch_y00954_x01025.jpg,o2_1_1_tile_1_8_patch_y00954_x01025.png,o2_1_1_tile_1_8.png,1025,954,512,2.256758334191025,21.259957938505043,26.3661681908688,35.426072995850156,48.60140225405723,93.70304104186631,87,107687.0
o2_1_1_tile_1_8_patch_y00954_x01230.jpg,o2_1_1_tile_1_8_patch_y00954_x01230.png,o2_1_1_tile_1_8.png,1230,954,512,4.51351666838205,23.30556831874715,29.276565990261876,37.52578601592828,50.96216123910644,98.35039817587436,63,94082.0
o2_1_1_tile_1_8_patch_y00954_x01435.jpg,o2_1_1_tile_1_8_patch_y00954_x01435.png,o2_1_1_tile_1_8.png,1435,954,512,2.763953195770684,21.587164551489145,28.679483013103898,36.44158126589425,57.50307033261109,109.04487199443028,51,88485.0
o2_1_1_tile_1_8_patch_y00954_x01640.jpg,o2_1_1_tile_1_8_patch_y00954_x01640.png,o2_1_1_tile_1_8.png,1640,954,512,8.214724333230155,23.146869450178396,30.31444645881506,37.553407410959764,53.762997524770554,109.04487199443028,54,92963.0
o2_1_1_tile_1_8_patch_y00954_x01705.jpg,o2_1_1_tile_1_8_patch_y00954_x01705.png,o2_1_1_tile_1_8.png,1705,954,512,15.222667215103916,23.12489154112443,31.209425687160593,38.18192345497751,54.18570282057145,113.46804958384526,56,102936.0
o2_1_1_tile_1_9_patch_y00000_x00000.jpg,o2_1_1_tile_1_9_patch_y00000_x00000.png,o2_1_1_tile_1_9.png,0,0,512,2.763953195770684,23.02979508731047,31.015983176840717,38.03476594662248,51.6618127634752,220.54834011508095,75,143854.0
o2_1_1_tile_1_9_patch_y00000_x00205.jpg,o2_1_1_tile_1_9_patch_y00000_x00205.png,o2_1_1_tile_1_9.png,205,0,512,3.5682482323055424,22.90718536791666,32.0267254719456,41.06833482573329,54.189460894097664,398.89440445505534,44,184680.0
o2_1_1_tile_1_9_patch_y00000_x00410.jpg,o2_1_1_tile_1_9_patch_y00000_x00410.png,o2_1_1_tile_1_9.png,410,0,512,8.368283871884005,23.152404806704283,39.26694651579471,41.719521301819455,51.101999043597296,532.5041150346902,11,236765.0
o2_1_1_tile_1_9_patch_y00000_x00615.jpg,o2_1_1_tile_1_9_patch_y00000_x00615.png,o2_1_1_tile_1_9.png,615,0,512,1.1283791670955126,27.374483161281862,35.803573721053525,55.14836485370463,115.5718037364132,502.4912012721963,8,222665.0
o2_1_1_tile_1_9_patch_y00000_x00820.jpg,o2_1_1_tile_1_9_patch_y00000_x00820.png,o2_1_1_tile_1_9.png,820,0,512,4.787307364817192,22.39761453080094,29.02994106444155,47.608499258592154,67.45218889826243,357.0424200259319,20,157854.0
o2_1_1_tile_1_9_patch_y00000_x01025.jpg,o2_1_1_tile_1_9_patch_y00000_x01025.png,o2_1_1_tile_1_9.png,1025,0,512,3.9088200952233594,22.59535257745566,30.95699216143146,43.03999884015413,63.61620052387409,176.96137036868055,39,100041.0
o2_1_1_tile_1_9_patch_y00000_x01230.jpg,o2_1_1_tile_1_9_patch_y00000_x01230.png,o2_1_1_tile_1_9.png,1230,0,512,9.09728368293446,25.907718385944257,33.02893719440585,47.163041280414795,63.21531164023017,119.32576347450421,49,106737.0
o2_1_1_tile_1_9_patch_y00000_x01435.jpg,o2_1_1_tile_1_9_patch_y00000_x01435.png,o2_1_1_tile_1_9.png,1435,0,512,1.1283791670955126,27.931105843764847,33.04434609671152,44.24455145945407,64.86248295691784,119.32576347450421,57,120165.0
o2_1_1_tile_1_9_patch_y00000_x01640.jpg,o2_1_1_tile_1_9_patch_y00000_x01640.png,o2_1_1_tile_1_9.png,1640,0,512,1.1283791670955126,29.858061475078223,38.69431946558943,47.39152496895082,69.59572734676671,126.66527346991276,57,128382.0
o2_1_1_tile_1_9_patch_y00000_x01705.jpg,o2_1_1_tile_1_9_patch_y00000_x01705.png,o2_1_1_tile_1_9.png,1705,0,512,1.1283791670955126,28.06643355241426,39.06864462140195,52.09103277389662,70.45267352591226,126.66527346991276,55,136360.0
o2_1_1_tile_1_9_patch_y00205_x00000.jpg,o2_1_1_tile_1_9_patch_y00205_x00000.png,o2_1_1_tile_1_9.png,0,205,512,6.955796338302048,21.708810273440825,30.34171010731073,38.635263494176925,50.80431888569896,268.4024840442344,75,156813.0
o2_1_1_tile_1_9_patch_y00205_x00205.jpg,o2_1_1_tile_1_9_patch_y00205_x00205.png,o2_1_1_tile_1_9.png,205,205,512,2.256758334191025,20.12927477119989,30.164949197045015,37.24613130187628,50.5625638855078,437.1883204037634,42,204502.0
o2_1_1_tile_1_9_patch_y00205_x00410.jpg,o2_1_1_tile_1_9_patch_y00205_x00410.png,o2_1_1_tile_1_9.png,410,205,512,2.256758334191025,12.086531365501727,23.44735287295689,36.94120583617321,53.02836994695816,526.4659756672017,17,235915.0
o2_1_1_tile_1_9_patch_y00205_x00615.jpg,o2_1_1_tile_1_9_patch_y00205_x00615.png,o2_1_1_tile_1_9.png,615,205,512,3.385137501286538,16.161322238023992,32.07057923988934,42.54980042458669,55.45149716351334,507.0240924056302,15,226901.0
o2_1_1_tile_1_9_patch_y00205_x00820.jpg,o2_1_1_tile_1_9_patch_y00205_x00820.png,o2_1_1_tile_1_9.png,820,205,512,4.787307364817192,27.367914662927184,44.305446723535354,52.913010267942745,72.76835856804432,409.1615509539571,19,196333.0
o2_1_1_tile_1_9_patch_y00205_x01025.jpg,o2_1_1_tile_1_9_patch_y00205_x01025.png,o2_1_1_tile_1_9.png,1025,205,512,8.444016491289505,25.740354473100332,34.1794008257819,52.89857292828388,68.23363384213702,269.08471980028753,32,178110.0
o2_1_1_tile_1_9_patch_y00205_x01230.jpg,o2_1_1_tile_1_9_patch_y00205_x01230.png,o2_1_1_tile_1_9.png,1230,205,512,9.0270333367641,25.99140034236622,31.957186511901593,46.46337857301495,63.16699095045458,342.7766305157129,40,167095.0
o2_1_1_tile_1_9_patch_y00205_x01435.jpg,o2_1_1_tile_1_9_patch_y00205_x01435.png,o2_1_1_tile_1_9.png,1435,205,512,2.763953195770684,25.05408341078227,31.895429080722444,44.90892382211466,57.347866081057674,275.82120302375364,46,161668.0
o2_1_1_tile_1_9_patch_y00205_x01640.jpg,o2_1_1_tile_1_9_patch_y00205_x01640.png,o2_1_1_tile_1_9.png,1640,205,512,2.763953195770684,27.45625778717831,34.79889561167613,46.99029362917998,64.79035764626293,215.4495163197398,45,151748.0
o2_1_1_tile_1_9_patch_y00205_x01705.jpg,o2_1_1_tile_1_9_patch_y00205_x01705.png,o2_1_1_tile_1_9.png,1705,205,512,2.763953195770684,25.92322465510625,38.68900154036335,52.067931822033074,64.22053751692661,235.81774817823396,43,153372.0
o2_1_1_tile_1_9_patch_y00410_x00000.jpg,o2_1_1_tile_1_9_patch_y00410_x00000.png,o2_1_1_tile_1_9.png,0,410,512,10.998079684646791,21.24790190943597,26.601234215911923,37.074960710961754,48.58954795813538,203.5966272274616,73,161065.0
o2_1_1_tile_1_9_patch_y00410_x00205.jpg,o2_1_1_tile_1_9_patch_y00410_x00205.png,o2_1_1_tile_1_9.png,205,410,512,2.256758334191025,21.646065519224038,27.616489409343153,38.94134432424719,48.27036737860349,327.88104696629455,56,176219.0
o2_1_1_tile_1_9_patch_y00410_x00410.jpg,o2_1_1_tile_1_9_patch_y00410_x00410.png,o2_1_1_tile_1_9.png,410,410,512,2.256758334191025,20.184912564219257,30.2144641210693,39.7271814937807,52.287417005514364,381.62744309670865,43,191137.0
o2_1_1_tile_1_9_patch_y00410_x00615.jpg,o2_1_1_tile_1_9_patch_y00410_x00615.png,o2_1_1_tile_1_9.png,615,410,512,6.6755811781245455,25.093439809211336,32.058666676191955,35.817189259114194,49.520718929409725,422.2415348241225,32,203095.0
o2_1_1_tile_1_9_patch_y00410_x00820.jpg,o2_1_1_tile_1_9_patch_y00410_x00820.png,o2_1_1_tile_1_9.png,820,410,512,4.787307364817192,23.12914400092458,33.05177045901152,41.964927212293226,85.16208465150149,377.0086870317718,17,216542.0
o2_1_1_tile_1_9_patch_y00410_x01025.jpg,o2_1_1_tile_1_9_patch_y00410_x01025.png,o2_1_1_tile_1_9.png,1025,410,512,10.704744696916627,23.974584933312425,32.799583004380715,39.19574694015013,77.14463404131192,449.0141002130989,18,226460.0
o2_1_1_tile_1_9_patch_y00410_x01230.jpg,o2_1_1_tile_1_9_patch_y00410_x01230.png,o2_1_1_tile_1_9.png,1230,410,512,10.704744696916627,24.12974547471331,34.23824613394896,49.97171175139671,62.762518366842116,496.93669912870143,17,222621.0
o2_1_1_tile_1_9_patch_y00410_x01435.jpg,o2_1_1_tile_1_9_patch_y00410_x01435.png,o2_1_1_tile_1_9.png,1435,410,512,4.652426491681278,21.525880575529737,37.84300708799437,54.21791692178645,73.60958311152766,410.65561145695165,25,204212.0
o2_1_1_tile_1_9_patch_y00410_x01640.jpg,o2_1_1_tile_1_9_patch_y00410_x01640.png,o2_1_1_tile_1_9.png,1640,410,512,3.385137501286538,22.665237805357645,41.05166324441123,54.363171685340234,82.45621640964897,292.1390879077943,27,190012.0
o2_1_1_tile_1_9_patch_y00410_x01705.jpg,o2_1_1_tile_1_9_patch_y00410_x01705.png,o2_1_1_tile_1_9.png,1705,410,512,3.385137501286538,25.663759567521772,41.02975221427826,54.51100412424282,83.70653206659283,314.67822592792004,29,183139.0
o2_1_1_tile_1_9_patch_y00615_x00000.jpg,o2_1_1_tile_1_9_patch_y00615_x00000.png,o2_1_1_tile_1_9.png,0,615,512,1.1283791670955126,18.650681603802685,25.241317355826816,36.281927309966754,51.15610994295802,158.89726294715803,79,145609.0
o2_1_1_tile_1_9_patch_y00615_x00205.jpg,o2_1_1_tile_1_9_patch_y00615_x00205.png,o2_1_1_tile_1_9.png,205,615,512,1.1283791670955126,22.025082668269306,33.43507619667515,42.038749839789546,50.550882942669475,158.89726294715803,76,145086.0
o2_1_1_tile_1_9_patch_y00615_x00410.jpg,o2_1_1_tile_1_9_patch_y00615_x00410.png,o2_1_1_tile_1_9.png,410,615,512,1.1283791670955126,20.65272978291924,32.03484154879717,42.62526047236635,55.256026171585304,156.95831278107147,71,151634.0
o2_1_1_tile_1_9_patch_y00615_x00615.jpg,o2_1_1_tile_1_9_patch_y00615_x00615.png,o2_1_1_tile_1_9.png,615,615,512,1.9544100476116797,25.402128623236845,32.96715740772851,42.314932711123234,71.41359709844085,221.37234885439437,49,171291.0
o2_1_1_tile_1_9_patch_y00615_x00820.jpg,o2_1_1_tile_1_9_patch_y00615_x00820.png,o2_1_1_tile_1_9.png,820,615,512,1.9544100476116797,33.84006841711606,35.09575120455784,57.75586389601968,120.29487737596355,385.4930352473567,17,209699.0
o2_1_1_tile_1_9_patch_y00615_x01025.jpg,o2_1_1_tile_1_9_patch_y00615_x01025.png,o2_1_1_tile_1_9.png,1025,615,512,4.222008245644752,16.786177395489414,32.56253933481955,34.61423398503694,76.98103403393387,496.3868080199535,14,222415.0
o2_1_1_tile_1_9_patch_y00615_x01230.jpg,o2_1_1_tile_1_9_patch_y00615_x01230.png,o2_1_1_tile_1_9.png,1230,615,512,8.368283871884005,16.229953713417864,31.636409264623005,33.33857840921166,48.816304941110054,497.20309408352887,18,218235.0
o2_1_1_tile_1_9_patch_y00615_x01435.jpg,o2_1_1_tile_1_9_patch_y00615_x01435.png,o2_1_1_tile_1_9.png,1435,615,512,3.1915382432114616,14.263599655294257,24.602754038350234,36.41352511754574,78.38970000004024,396.74523966517097,30,197545.0
o2_1_1_tile_1_9_patch_y00615_x01640.jpg,o2_1_1_tile_1_9_patch_y00615_x01640.png,o2_1_1_tile_1_9.png,1640,615,512,4.652426491681278,21.932499246827057,26.289026740225825,32.503547751265074,111.33561802783109,252.7115926997143,29,195743.0
o2_1_1_tile_1_9_patch_y00615_x01705.jpg,o2_1_1_tile_1_9_patch_y00615_x01705.png,o2_1_1_tile_1_9.png,1705,615,512,4.652426491681278,21.932499246827057,26.424066302566985,38.245171918464024,111.33561802783109,264.07447787536165,29,195637.0
o2_1_1_tile_1_9_patch_y00820_x00000.jpg,o2_1_1_tile_1_9_patch_y00820_x00000.png,o2_1_1_tile_1_9.png,0,820,512,1.1283791670955126,21.651313452411763,31.242044352562218,40.180439802523146,67.65556008413094,165.47979601334762,70,147320.0
o2_1_1_tile_1_9_patch_y00820_x00205.jpg,o2_1_1_tile_1_9_patch_y00820_x00205.png,o2_1_1_tile_1_9.png,205,820,512,1.1283791670955126,22.025082668269306,30.46623751157884,41.85663165563593,57.99912824508917,156.02672878496273,71,148091.0
o2_1_1_tile_1_9_patch_y00820_x00410.jpg,o2_1_1_tile_1_9_patch_y00820_x00410.png,o2_1_1_tile_1_9.png,410,820,512,1.1283791670955126,20.35411149217598,32.791626232453034,42.39065621933563,61.271422591795,200.33418003325608,62,164161.0
o2_1_1_tile_1_9_patch_y00820_x00615.jpg,o2_1_1_tile_1_9_patch_y00820_x00615.png,o2_1_1_tile_1_9.png,615,820,512,1.5957691216057308,16.939183591073157,31.357598788445344,44.59494381478634,91.92962213527717,199.9238249642254,45,179454.0
o2_1_1_tile_1_9_patch_y00820_x00820.jpg,o2_1_1_tile_1_9_patch_y00820_x00820.png,o2_1_1_tile_1_9.png,820,820,512,1.5957691216057308,27.126855675618167,46.88476059068863,87.64876920776167,106.19002785739059,319.44890519679956,28,202385.0
o2_1_1_tile_1_9_patch_y00820_x01025.jpg,o2_1_1_tile_1_9_patch_y00820_x01025.png,o2_1_1_tile_1_9.png,1025,820,512,6.282549314314218,17.321263148845702,29.108342889914702,39.504779324248595,78.3895696007846,382.5371800439233,34,198114.0
o2_1_1_tile_1_9_patch_y00820_x01230.jpg,o2_1_1_tile_1_9_patch_y00820_x01230.png,o2_1_1_tile_1_9.png,1230,820,512,14.317526556719258,21.657670985218004,30.129338777931864,37.882511373802714,84.09220540170548,351.37009789506817,37,189849.0
o2_1_1_tile_1_9_patch_y00820_x01435.jpg,o2_1_1_tile_1_9_patch_y00820_x01435.png,o2_1_1_tile_1_9.png,1435,820,512,3.1915382432114616,20.342144725641095,24.64417299969047,31.83549399034338,60.481544391856616,285.40632984216865,41,186003.0
o2_1_1_tile_1_9_patch_y00820_x01640.jpg,o2_1_1_tile_1_9_patch_y00820_x01640.png,o2_1_1_tile_1_9.png,1640,820,512,4.370193722368317,15.617959770197066,24.62346351902035,29.43508947335301,59.05402984572989,225.09113977152973,43,184367.0
o2_1_1_tile_1_9_patch_y00820_x01705.jpg,o2_1_1_tile_1_9_patch_y00820_x01705.png,o2_1_1_tile_1_9.png,1705,820,512,7.046725639945928,17.719453144211087,25.646665197906575,37.680005247556046,61.60564879877597,262.3524029036011,42,188620.0
o2_1_1_tile_1_9_patch_y00954_x00000.jpg,o2_1_1_tile_1_9_patch_y00954_x00000.png,o2_1_1_tile_1_9.png,0,954,512,1.1283791670955126,23.753942681166258,32.811575181827834,47.628344395223635,61.91926399862429,165.47979601334762,67,142540.0
o2_1_1_tile_1_9_patch_y00954_x00205.jpg,o2_1_1_tile_1_9_patch_y00954_x00205.png,o2_1_1_tile_1_9.png,205,954,512,1.1283791670955126,23.04215463350949,30.8400703617415,43.45358724941183,62.163349477575764,156.02672878496273,66,147022.0
o2_1_1_tile_1_9_patch_y00954_x00410.jpg,o2_1_1_tile_1_9_patch_y00954_x00410.png,o2_1_1_tile_1_9.png,410,954,512,1.1283791670955126,22.595775212167435,30.8400703617415,42.62526047236635,61.90679308163878,206.21264344133937,56,160120.0
o2_1_1_tile_1_9_patch_y00954_x00615.jpg,o2_1_1_tile_1_9_patch_y00954_x00615.png,o2_1_1_tile_1_9.png,615,954,512,1.9544100476116797,21.28761876843517,34.83632655880227,46.471929353519954,106.0730873023404,205.8140092748648,38,173158.0
o2_1_1_tile_1_9_patch_y00954_x00820.jpg,o2_1_1_tile_1_9_patch_y00954_x00820.png,o2_1_1_tile_1_9.png,820,954,512,1.9544100476116797,35.64675515266831,49.120783689633065,83.24179562250953,110.01255858985321,230.18935008748457,28,187503.0
o2_1_1_tile_1_9_patch_y00954_x01025.jpg,o2_1_1_tile_1_9_patch_y00954_x01025.png,o2_1_1_tile_1_9.png,1025,954,512,8.214724333230155,21.868429979143198,34.343537909442574,48.682383303731555,93.47616870590207,254.75393240191744,35,185834.0
o2_1_1_tile_1_9_patch_y00954_x01230.jpg,o2_1_1_tile_1_9_patch_y00954_x01230.png,o2_1_1_tile_1_9.png,1230,954,512,15.09668435477122,22.640631448408364,30.129338777931864,37.882511373802714,96.27954184020439,264.9313177845733,42,182145.0
o2_1_1_tile_1_9_patch_y00954_x01435.jpg,o2_1_1_tile_1_9_patch_y00954_x01435.png,o2_1_1_tile_1_9.png,1435,954,512,3.1915382432114616,21.940418016760017,26.250252047948976,34.35442481230831,91.66091680158418,204.22416058559216,48,173520.0
o2_1_1_tile_1_9_patch_y00954_x01640.jpg,o2_1_1_tile_1_9_patch_y00954_x01640.png,o2_1_1_tile_1_9.png,1640,954,512,1.1283791670955126,16.81573059261472,24.659658949032476,36.755037933673734,68.35712640731026,225.09113977152973,48,168705.0
o2_1_1_tile_1_9_patch_y00954_x01705.jpg,o2_1_1_tile_1_9_patch_y00954_x01705.png,o2_1_1_tile_1_9.png,1705,954,512,1.1283791670955126,17.947828339669616,25.85433518675906,38.93450751043664,72.87189599523144,225.09113977152973,45,173727.0
o2_1_1_tile_2_2_patch_y00000_x00000.jpg,o2_1_1_tile_2_2_patch_y00000_x00000.png,o2_1_1_tile_2_2.png,0,0,512,2.985410660720923,17.325942494056907,27.657942982588747,36.02340134015985,53.549561413888014,115.2383983383479,52,75597.0
o2_1_1_tile_2_2_patch_y00000_x00205.jpg,o2_1_1_tile_2_2_patch_y00000_x00205.png,o2_1_1_tile_2_2.png,205,0,512,1.1283791670955126,20.45403954537949,29.14473877023017,39.00086000897666,57.25867126341873,118.43681887127536,68,116835.0
o2_1_1_tile_2_2_patch_y00000_x00410.jpg,o2_1_1_tile_2_2_patch_y00000_x00410.png,o2_1_1_tile_2_2.png,410,0,512,1.1283791670955126,19.75124396070305,28.11415911846861,37.104966458408335,48.3983696885932,103.18347286787468,93,137624.0
o2_1_1_tile_2_2_patch_y00000_x00615.jpg,o2_1_1_tile_2_2_patch_y00000_x00615.png,o2_1_1_tile_2_2.png,615,0,512,1.1283791670955126,20.0585068271871,28.14169498849121,35.89593875735784,47.25740324505225,192.97263268367695,71,155340.0
o2_1_1_tile_2_2_patch_y00000_x00820.jpg,o2_1_1_tile_2_2_patch_y00000_x00820.png,o2_1_1_tile_2_2.png,820,0,512,5.527906391541368,19.281751659604673,29.768686956862464,36.72003101679705,46.291059112848984,284.29781268906754,46,170517.0
o2_1_1_tile_2_2_patch_y00000_x01025.jpg,o2_1_1_tile_2_2_patch_y00000_x01025.png,o2_1_1_tile_2_2.png,1025,0,512,1.5957691216057308,31.675112647807715,36.875735026940866,46.2222452512381,70.83669279265709,300.19551711720374,36,169605.0
o2_1_1_tile_2_2_patch_y00000_x01230.jpg,o2_1_1_tile_2_2_patch_y00000_x01230.png,o2_1_1_tile_2_2.png,1230,0,512,2.985410660720923,24.64417299969047,34.870385217575105,46.167120311826494,66.57437085863525,152.3311875578942,61,142247.0
o2_1_1_tile_2_2_patch_y00000_x01435.jpg,o2_1_1_tile_2_2_patch_y00000_x01435.png,o2_1_1_tile_2_2.png,1435,0,512,2.256758334191025,20.256936083491844,32.93621313064387,39.900207730407104,59.42855620193394,152.3311875578942,74,142386.0
o2_1_1_tile_2_2_patch_y00000_x01640.jpg,o2_1_1_tile_2_2_patch_y00000_x01640.png,o2_1_1_tile_2_2.png,1640,0,512,6.180387232371033,17.81883489016143,28.670072915149397,38.06164297620223,60.6482856790837,176.6625249467139,80,157419.0
o2_1_1_tile_2_2_patch_y00000_x01705.jpg,o2_1_1_tile_2_2_patch_y00000_x01705.png,o2_1_1_tile_2_2.png,1705,0,512,4.222008245644752,18.01877032173579,29.42452872043851,42.17482239435066,69.22769421541608,202.72235393615784,66,167938.0
o2_1_1_tile_2_2_patch_y00205_x00000.jpg,o2_1_1_tile_2_2_patch_y00205_x00000.png,o2_1_1_tile_2_2.png,0,205,512,2.5231325220201604,17.4279245282401,26.432233140372812,34.16950580059885,48.05926037916584,85.77166250854516,68,81633.0
o2_1_1_tile_2_2_patch_y00205_x00205.jpg,o2_1_1_tile_2_2_patch_y00205_x00205.png,o2_1_1_tile_2_2.png,205,205,512,2.5231325220201604,18.731856221472253,26.60082150197325,32.7870767298141,46.32497499010872,177.10880673782282,78,119902.0
o2_1_1_tile_2_2_patch_y00205_x00410.jpg,o2_1_1_tile_2_2_patch_y00205_x00410.png,o2_1_1_tile_2_2.png,410,205,512,2.5231325220201604,18.928532338907157,26.764233696849775,33.11305294442421,45.31251906218242,177.10880673782282,98,139931.0
o2_1_1_tile_2_2_patch_y00205_x00615.jpg,o2_1_1_tile_2_2_patch_y00205_x00615.png,o2_1_1_tile_2_2.png,615,205,512,2.5231325220201604,19.981598069242427,27.904860572884708,34.26923289881424,47.71255189707989,292.4048253843559,65,163648.0
o2_1_1_tile_2_2_patch_y00205_x00820.jpg,o2_1_1_tile_2_2_patch_y00205_x00820.png,o2_1_1_tile_2_2.png,820,205,512,5.527906391541368,19.913142604000026,27.593195740071277,32.61615695110228,45.80376357439585,428.77665988487973,40,192806.0
o2_1_1_tile_2_2_patch_y00205_x01025.jpg,o2_1_1_tile_2_2_patch_y00205_x01025.png,o2_1_1_tile_2_2.png,1025,205,512,1.5957691216057308,25.856845512583863,35.38436708761199,41.163553153753085,66.5044539828386,452.1338022145149,27,207625.0
o2_1_1_tile_2_2_patch_y00205_x01230.jpg,o2_1_1_tile_2_2_patch_y00205_x01230.png,o2_1_1_tile_2_2.png,1230,205,512,1.5957691216057308,24.00911396535489,33.71175963617221,45.455615108771646,77.38602837241855,288.78351223816156,50,179088.0
o2_1_1_tile_2_2_patch_y00205_x01435.jpg,o2_1_1_tile_2_2_patch_y00205_x01435.png,o2_1_1_tile_2_2.png,1435,205,512,1.5957691216057308,21.587164551489145,34.13230410377644,45.472420439755616,75.1114133985076,155.54861320051137,61,166757.0
o2_1_1_tile_2_2_patch_y00205_x01640.jpg,o2_1_1_tile_2_2_patch_y00205_x01640.png,o2_1_1_tile_2_2.png,1640,205,512,1.1283791670955126,16.325912933443362,25.576187158058527,39.02874048831052,62.367931831432244,176.6625249467139,70,175131.0
o2_1_1_tile_2_2_patch_y00205_x01705.jpg,o2_1_1_tile_2_2_patch_y00205_x01705.png,o2_1_1_tile_2_2.png,1705,205,512,1.1283791670955126,17.075475271404667,31.025297674958463,42.00845163777089,73.46606311850633,202.72235393615784,61,183050.0
o2_1_1_tile_2_2_patch_y00410_x00000.jpg,o2_1_1_tile_2_2_patch_y00410_x00000.png,o2_1_1_tile_2_2.png,0,410,512,2.5231325220201604,18.368485472498925,26.77830527078568,36.10104645241272,49.13864452475601,154.00205518038348,59,94188.0
o2_1_1_tile_2_2_patch_y00410_x00205.jpg,o2_1_1_tile_2_2_patch_y00410_x00205.png,o2_1_1_tile_2_2.png,205,410,512,1.1283791670955126,18.5273002384201,26.934754763514,35.20038219599479,48.757408813673,177.10880673782282,68,112730.0
o2_1_1_tile_2_2_patch_y00410_x00410.jpg,o2_1_1_tile_2_2_patch_y00410_x00410.png,o2_1_1_tile_2_2.png,410,410,512,1.5957691216057308,19.094425036330392,25.913398397570894,33.8340159673876,47.305114396041965,177.10880673782282,90,133378.0
o2_1_1_tile_2_2_patch_y00410_x00615.jpg,o2_1_1_tile_2_2_patch_y00410_x00615.png,o2_1_1_tile_2_2.png,615,410,512,1.5957691216057308,19.25525893753154,23.950019658813297,31.92335629716789,45.639484752928645,357.7282305363906,63,173663.0
o2_1_1_tile_2_2_patch_y00410_x00820.jpg,o2_1_1_tile_2_2_patch_y00410_x00820.png,o2_1_1_tile_2_2.png,820,410,512,7.48482063701911,18.398380792000445,21.266277131365175,31.96321070871141,39.094507017878875,499.7942774807472,29,219973.0
o2_1_1_tile_2_2_patch_y00410_x01025.jpg,o2_1_1_tile_2_2_patch_y00410_x01025.png,o2_1_1_tile_2_2.png,1025,410,512,1.5957691216057308,15.711172231472224,22.5383587949295,44.97485204818335,71.40384827997825,520.909248887207,12,230876.0
o2_1_1_tile_2_2_patch_y00410_x01230.jpg,o2_1_1_tile_2_2_patch_y00410_x01230.png,o2_1_1_tile_2_2.png,1230,410,512,1.5957691216057308,18.847647942942654,29.618609797263055,45.444411554782334,80.72446958608377,377.9969159538676,36,200709.0
o2_1_1_tile_2_2_patch_y00410_x01435.jpg,o2_1_1_tile_2_2_patch_y00410_x01435.png,o2_1_1_tile_2_2.png,1435,410,512,1.5957691216057308,16.208856288720387,28.458779630852188,45.798079908119334,84.13589537962245,181.54635456272433,52,180598.0
o2_1_1_tile_2_2_patch_y00410_x01640.jpg,o2_1_1_tile_2_2_patch_y00410_x01640.png,o2_1_1_tile_2_2.png,1640,410,512,2.5231325220201604,20.249069017716995,28.845389686322477,49.175032554219094,84.13847093796856,216.52828858092167,50,189436.0
o2_1_1_tile_2_2_patch_y00410_x01705.jpg,o2_1_1_tile_2_2_patch_y00410_x01705.png,o2_1_1_tile_2_2.png,1705,410,512,2.5231325220201604,19.701273136747314,30.31766612250136,45.25805850600532,91.08689549625284,216.52828858092167,47,190842.0
o2_1_1_tile_2_2_patch_y00615_x00000.jpg,o2_1_1_tile_2_2_patch_y00615_x00000.png,o2_1_1_tile_2_2.png,0,615,512,2.5231325220201604,18.73205050738205,26.83045510169512,37.20475592183368,52.28309031987506,169.88759224868858,57,109071.0
o2_1_1_tile_2_2_patch_y00615_x00205.jpg,o2_1_1_tile_2_2_patch_y00615_x00205.png,o2_1_1_tile_2_2.png,205,615,512,1.1283791670955126,19.511112770877904,27.927613318905934,36.61335383216838,54.89762670195224,123.24669475767085,70,118141.0
o2_1_1_tile_2_2_patch_y00615_x00410.jpg,o2_1_1_tile_2_2_patch_y00615_x00410.png,o2_1_1_tile_2_2.png,410,615,512,1.5957691216057308,21.619994524137628,28.544249527264817,36.95049767425749,54.990281336106705,122.4694322554825,78,131046.0
o2_1_1_tile_2_2_patch_y00615_x00615.jpg,o2_1_1_tile_2_2_patch_y00615_x00615.png,o2_1_1_tile_2_2.png,615,615,512,1.5957691216057308,20.24090967286003,27.137445697149012,36.07285426355026,52.344813553586675,313.2608999402466,58,159682.0
o2_1_1_tile_2_2_patch_y00615_x00820.jpg,o2_1_1_tile_2_2_patch_y00615_x00820.png,o2_1_1_tile_2_2.png,820,615,512,2.985410660720923,17.428819305169828,25.04020634286412,32.52146982237355,39.042432505384845,448.17254616960963,30,192820.0
o2_1_1_tile_2_2_patch_y00615_x01025.jpg,o2_1_1_tile_2_2_patch_y00615_x01025.png,o2_1_1_tile_2_2.png,1025,615,512,2.985410660720923,15.054455784347004,24.095585330081406,29.83277462405867,41.97813156768016,460.4713396339574,21,188520.0
o2_1_1_tile_2_2_patch_y00615_x01230.jpg,o2_1_1_tile_2_2_patch_y00615_x01230.png,o2_1_1_tile_2_2.png,1230,615,512,2.5231325220201604,19.595915635578592,30.327954144383142,36.76140403162599,64.2551044765171,335.9861474462366,39,181354.0
o2_1_1_tile_2_2_patch_y00615_x01435.jpg,o2_1_1_tile_2_2_patch_y00615_x01435.png,o2_1_1_tile_2_2.png,1435,615,512,2.256758334191025,17.495327059128407,26.64027289069264,40.05591073508343,79.87460393589477,257.69077441017885,48,186345.0
o2_1_1_tile_2_2_patch_y00615_x01640.jpg,o2_1_1_tile_2_2_patch_y00615_x01640.png,o2_1_1_tile_2_2.png,1640,615,512,2.5231325220201604,19.943454586361252,36.04448867682508,55.878356995980965,89.27538974819784,344.73414775227974,38,205323.0
o2_1_1_tile_2_2_patch_y00615_x01705.jpg,o2_1_1_tile_2_2_patch_y00615_x01705.png,o2_1_1_tile_2_2.png,1705,615,512,6.383076486422923,18.847647942942654,32.41022407214287,46.67454189429033,91.00781965579789,344.73414775227974,36,201717.0
o2_1_1_tile_2_2_patch_y00820_x00000.jpg,o2_1_1_tile_2_2_patch_y00820_x00000.png,o2_1_1_tile_2_2.png,0,820,512,1.1283791670955126,19.807957593544714,37.39597110042823,47.0711206924335,70.25169937009434,138.58407301268497,48,127390.0
o2_1_1_tile_2_2_patch_y00820_x00205.jpg,o2_1_1_tile_2_2_patch_y00820_x00205.png,o2_1_1_tile_2_2.png,205,820,512,1.1283791670955126,25.33691284224217,34.388101073477785,51.456604057778364,60.197938951432164,143.72999552399637,55,131708.0
o2_1_1_tile_2_2_patch_y00820_x00410.jpg,o2_1_1_tile_2_2_patch_y00820_x00410.png,o2_1_1_tile_2_2.png,410,820,512,1.5957691216057308,25.838629017034382,32.601697149995154,48.919212958619205,58.94601863504433,138.73558374750672,60,143740.0
o2_1_1_tile_2_2_patch_y00820_x00615.jpg,o2_1_1_tile_2_2_patch_y00820_x00615.png,o2_1_1_tile_2_2.png,615,820,512,1.5957691216057308,22.96710858815988,28.30852528901566,38.849915041903074,65.417883096312,204.65389032232733,52,159066.0
o2_1_1_tile_2_2_patch_y00820_x00820.jpg,o2_1_1_tile_2_2_patch_y00820_x00820.png,o2_1_1_tile_2_2.png,820,820,512,2.5231325220201604,19.40326035417788,31.79063027562409,37.447582275964436,47.98140671130876,301.83035411526396,49,168066.0
o2_1_1_tile_2_2_patch_y00820_x01025.jpg,o2_1_1_tile_2_2_patch_y00820_x01025.png,o2_1_1_tile_2_2.png,1025,820,512,2.763953195770684,18.18988049978544,24.733305607958304,36.863342875914086,52.47567192001738,303.4102265307512,52,159100.0
o2_1_1_tile_2_2_patch_y00820_x01230.jpg,o2_1_1_tile_2_2_patch_y00820_x01230.png,o2_1_1_tile_2_2.png,1230,820,512,2.5231325220201604,14.770385367807581,24.095585330081406,36.89639844044832,54.06244742843133,215.4495163197398,52,174805.0
o2_1_1_tile_2_2_patch_y00820_x01435.jpg,o2_1_1_tile_2_2_patch_y00820_x01435.png,o2_1_1_tile_2_2.png,1435,820,512,1.1283791670955126,16.997951245889112,26.86056715161417,44.806936349678764,68.51881284459633,298.4877504066842,39,203614.0
o2_1_1_tile_2_2_patch_y00820_x01640.jpg,o2_1_1_tile_2_2_patch_y00820_x01640.png,o2_1_1_tile_2_2.png,1640,820,512,1.5957691216057308,17.303288645484788,29.56955784295461,46.73241141943991,64.2632485296185,463.885994028371,28,218030.0
o2_1_1_tile_2_2_patch_y00820_x01705.jpg,o2_1_1_tile_2_2_patch_y00820_x01705.png,o2_1_1_tile_2_2.png,1705,820,512,5.292567428401227,16.004383285131226,24.349545444736883,34.84593245183997,59.82448722747884,475.27941317675874,25,214643.0
o2_1_1_tile_2_2_patch_y00954_x00000.jpg,o2_1_1_tile_2_2_patch_y00954_x00000.png,o2_1_1_tile_2_2.png,0,954,512,4.787307364817192,28.765955459859896,41.036061901900496,47.54210107703031,62.92450679645621,132.34786139912362,48,133703.0
o2_1_1_tile_2_2_patch_y00954_x00205.jpg,o2_1_1_tile_2_2_patch_y00954_x00205.png,o2_1_1_tile_2_2.png,205,954,512,1.1283791670955126,27.767045741868362,35.37689552897232,48.09859874661764,60.03571008360906,143.72999552399637,52,142440.0
o2_1_1_tile_2_2_patch_y00954_x00410.jpg,o2_1_1_tile_2_2_patch_y00954_x00410.png,o2_1_1_tile_2_2.png,410,954,512,2.5231325220201604,30.839696540044383,35.72524087063856,47.42038414352331,77.45008492860109,138.73558374750672,49,146615.0
o2_1_1_tile_2_2_patch_y00954_x00615.jpg,o2_1_1_tile_2_2_patch_y00954_x00615.png,o2_1_1_tile_2_2.png,615,954,512,2.5231325220201604,23.561437458797485,32.29216620664211,43.385880040397026,76.61938720987257,198.8734270286213,45,157481.0
o2_1_1_tile_2_2_patch_y00954_x00820.jpg,o2_1_1_tile_2_2_patch_y00954_x00820.png,o2_1_1_tile_2_2.png,820,954,512,2.5231325220201604,20.897874625046462,34.07630356711932,37.7459276023076,50.47526452644959,198.8734270286213,56,150562.0
o2_1_1_tile_2_2_patch_y00954_x01025.jpg,o2_1_1_tile_2_2_patch_y00954_x01025.png,o2_1_1_tile_2_2.png,1025,954,512,4.370193722368317,19.575659598095733,28.32969769395048,37.306524274558036,54.1567215351836,143.34413058418562,65,134542.0
o2_1_1_tile_2_2_patch_y00954_x01230.jpg,o2_1_1_tile_2_2_patch_y00954_x01230.png,o2_1_1_tile_2_2.png,1230,954,512,6.6755811781245455,18.596009759379207,25.78001699900469,36.9998162126667,53.74546644771007,238.32318991464274,59,164342.0
o2_1_1_tile_2_2_patch_y00954_x01435.jpg,o2_1_1_tile_2_2_patch_y00954_x01435.png,o2_1_1_tile_2_2.png,1435,954,512,2.985410660720923,15.472923089727905,23.523191352281756,35.02110566733709,56.34927395606972,275.3707579360004,38,207470.0
o2_1_1_tile_2_2_patch_y00954_x01640.jpg,o2_1_1_tile_2_2_patch_y00954_x01640.png,o2_1_1_tile_2_2.png,1640,954,512,1.5957691216057308,14.769352730735138,21.596644976966,37.79145689480215,58.43649814693666,501.16424332965124,25,227803.0
o2_1_1_tile_2_2_patch_y00954_x01705.jpg,o2_1_1_tile_2_2_patch_y00954_x01705.png,o2_1_1_tile_2_2.png,1705,954,512,5.292567428401227,14.2962510121267,21.353559656279383,46.722034843426535,64.66699111981063,507.7643563811335,17,226772.0
o2_1_1_tile_2_3_patch_y00000_x00000.jpg,o2_1_1_tile_2_3_patch_y00000_x00000.png,o2_1_1_tile_2_3.png,0,0,512,2.5231325220201604,16.925687506432688,21.792621462004423,32.390575556198044,55.92026754111214,167.1296775931791,66,168007.0
o2_1_1_tile_2_3_patch_y00000_x00205.jpg,o2_1_1_tile_2_3_patch_y00000_x00205.png,o2_1_1_tile_2_3.png,205,0,512,1.9544100476116797,17.72665457664631,27.08145648843181,39.6370762643263,67.87770761589545,168.09441387732886,63,185607.0
o2_1_1_tile_2_3_patch_y00000_x00410.jpg,o2_1_1_tile_2_3_patch_y00000_x00410.png,o2_1_1_tile_2_3.png,410,0,512,3.9088200952233594,17.833645145368216,29.014554062826495,44.19350905977938,63.39278360342929,223.6554537542296,57,195365.0
o2_1_1_tile_2_3_patch_y00000_x00615.jpg,o2_1_1_tile_2_3_patch_y00000_x00615.png,o2_1_1_tile_2_3.png,615,0,512,7.399277020331919,20.91477744692909,30.099934410139216,43.226143456904,62.88422757139362,256.87917908122597,44,196990.0
o2_1_1_tile_2_3_patch_y00000_x00820.jpg,o2_1_1_tile_2_3_patch_y00000_x00820.png,o2_1_1_tile_2_3.png,820,0,512,2.5231325220201604,19.576646877473273,27.754457742221764,43.52677845379694,69.64942688522979,240.37124890580603,51,193580.0
o2_1_1_tile_2_3_patch_y00000_x01025.jpg,o2_1_1_tile_2_3_patch_y00000_x01025.png,o2_1_1_tile_2_3.png,1025,0,512,1.1283791670955126,15.095262563178242,22.719269074396212,35.23001356720664,87.4048447972758,206.48105519746096,54,186249.0
o2_1_1_tile_2_3_patch_y00000_x01230.jpg,o2_1_1_tile_2_3_patch_y00000_x01230.png,o2_1_1_tile_2_3.png,1230,0,512,1.1283791670955126,15.67594437773643,30.653723819701746,65.04594535522523,91.23139209687507,324.4948541188257,31,205732.0
o2_1_1_tile_2_3_patch_y00000_x01435.jpg,o2_1_1_tile_2_3_patch_y00000_x01435.png,o2_1_1_tile_2_3.png,1435,0,512,3.1915382432114616,16.11191940280381,23.78672136363165,35.51373727095109,63.456760117808386,302.472975200248,33,203830.0
o2_1_1_tile_2_3_patch_y00000_x01640.jpg,o2_1_1_tile_2_3_patch_y00000_x01640.png,o2_1_1_tile_2_3.png,1640,0,512,9.23618154310838,18.764848209545324,23.877939317264023,32.433716673013635,51.78573298759311,249.92261271456186,47,181967.0
o2_1_1_tile_2_3_patch_y00000_x01705.jpg,o2_1_1_tile_2_3_patch_y00000_x01705.png,o2_1_1_tile_2_3.png,1705,0,512,5.4115163798060095,19.810518763828366,23.973406337430227,32.480856527050506,58.285466281844215,244.5018263825556,49,178203.0
o2_1_1_tile_2_3_patch_y00205_x00000.jpg,o2_1_1_tile_2_3_patch_y00205_x00000.png,o2_1_1_tile_2_3.png,0,205,512,4.51351666838205,17.82693950785455,25.220624855755254,34.07397162300093,57.410848067582656,227.6643041565344,70,180002.0
o2_1_1_tile_2_3_patch_y00205_x00205.jpg,o2_1_1_tile_2_3_patch_y00205_x00205.png,o2_1_1_tile_2_3.png,205,205,512,4.652426491681278,18.36868202552426,26.749964937194992,41.917425633434654,67.16463136946916,172.40215756276845,71,182041.0
o2_1_1_tile_2_3_patch_y00205_x00410.jpg,o2_1_1_tile_2_3_patch_y00205_x00410.png,o2_1_1_tile_2_3.png,410,205,512,2.5231325220201604,17.68322387096236,22.39486152674582,40.106932130585726,59.38338694538473,221.22563508899728,69,187560.0
o2_1_1_tile_2_3_patch_y00205_x00615.jpg,o2_1_1_tile_2_3_patch_y00205_x00615.png,o2_1_1_tile_2_3.png,615,205,512,2.256758334191025,17.596847264254272,23.744574776930072,40.0508783801779,81.56059766430319,217.6397425638009,53,194213.0
o2_1_1_tile_2_3_patch_y00205_x00820.jpg,o2_1_1_tile_2_3_patch_y00205_x00820.png,o2_1_1_tile_2_3.png,820,205,512,1.9544100476116797,14.1736932410614,22.696573086018475,42.00139154225659,87.2362670442796,248.38698713839065,43,204331.0
o2_1_1_tile_2_3_patch_y00205_x01025.jpg,o2_1_1_tile_2_3_patch_y00205_x01025.png,o2_1_1_tile_2_3.png,1025,205,512,1.1283791670955126,13.061933202803933,22.025082668269306,40.021685962448345,93.68265678266962,295.79249786897265,41,197088.0
o2_1_1_tile_2_3_patch_y00205_x01230.jpg,o2_1_1_tile_2_3_patch_y00205_x01230.png,o2_1_1_tile_2_3.png,1230,205,512,1.1283791670955126,15.34673322830555,29.42778788509555,57.38253484218311,95.40203486741416,247.27213635440606,32,205530.0
o2_1_1_tile_2_3_patch_y00205_x01435.jpg,o2_1_1_tile_2_3_patch_y00205_x01435.png,o2_1_1_tile_2_3.png,1435,205,512,3.5682482323055424,16.88803298257901,23.90992587997897,40.180439802523146,65.20235302403364,291.94289702709295,31,208627.0
o2_1_1_tile_2_3_patch_y00205_x01640.jpg,o2_1_1_tile_2_3_patch_y00205_x01640.png,o2_1_1_tile_2_3.png,1640,205,512,4.787307364817192,18.52027394832202,23.23716733401527,27.007163809565867,53.481554848295396,355.1079336069113,33,202858.0
o2_1_1_tile_2_3_patch_y00205_x01705.jpg,o2_1_1_tile_2_3_patch_y00205_x01705.png,o2_1_1_tile_2_3.png,1705,205,512,16.88803298257901,20.4213016192911,23.89926369240732,29.646165226048442,58.895842642270864,355.095384134682,33,199273.0
o2_1_1_tile_2_3_patch_y00410_x00000.jpg,o2_1_1_tile_2_3_patch_y00410_x00000.png,o2_1_1_tile_2_3.png,0,410,512,4.51351666838205,20.867389014906145,28.38944578214513,41.135572865258986,61.32821222853044,243.2776063634394,61,179672.0
o2_1_1_tile_2_3_patch_y00410_x00205.jpg,o2_1_1_tile_2_3_patch_y00410_x00205.png,o2_1_1_tile_2_3.png,205,410,512,5.863230142835039,18.096325956417612,25.15544105747185,37.96936370984745,65.44092223761551,148.74502871982958,77,173986.0
o2_1_1_tile_2_3_patch_y00410_x00410.jpg,o2_1_1_tile_2_3_patch_y00410_x00410.png,o2_1_1_tile_2_3.png,410,410,512,3.385137501286538,16.236878577696867,21.325948001098208,31.155772595478616,56.21430665858087,191.74147139893296,74,171361.0
o2_1_1_tile_2_3_patch_y00410_x00615.jpg,o2_1_1_tile_2_3_patch_y00410_x00615.png,o2_1_1_tile_2_3.png,615,410,512,1.1283791670955126,17.4658720756532,21.421367080669114,38.85288405741507,66.59035575435519,216.99233074892544,59,180938.0
o2_1_1_tile_2_3_patch_y00410_x00820.jpg,o2_1_1_tile_2_3_patch_y00410_x00820.png,o2_1_1_tile_2_3.png,820,410,512,1.1283791670955126,16.006976182488668,21.241906438743122,39.95985950672811,74.6601524132909,250.76434083693044,50,191281.0
o2_1_1_tile_2_3_patch_y00410_x01025.jpg,o2_1_1_tile_2_3_patch_y00410_x01025.png,o2_1_1_tile_2_3.png,1025,410,512,2.5231325220201604,15.096450715667169,19.173824979288607,41.340723858847845,76.72973843168538,297.791640331389,42,202673.0
o2_1_1_tile_2_3_patch_y00410_x01230.jpg,o2_1_1_tile_2_3_patch_y00410_x01230.png,o2_1_1_tile_2_3.png,1230,410,512,2.5231325220201604,12.4115375454498,19.29677333101715,42.88453942314993,76.68822018107419,242.76154054465,38,206057.0
o2_1_1_tile_2_3_patch_y00410_x01435.jpg,o2_1_1_tile_2_3_patch_y00410_x01435.png,o2_1_1_tile_2_3.png,1435,410,512,2.256758334191025,16.40319754064198,24.68020673497263,36.782712640597374,61.43139744938438,396.766098994175,24,219894.0
o2_1_1_tile_2_3_patch_y00410_x01640.jpg,o2_1_1_tile_2_3_patch_y00410_x01640.png,o2_1_1_tile_2_3.png,1640,410,512,2.256758334191025,16.999290104764206,19.598569798875406,25.071970013020792,38.59407563122484,496.1379391908661,27,223450.0
o2_1_1_tile_2_3_patch_y00410_x01705.jpg,o2_1_1_tile_2_3_patch_y00410_x01705.png,o2_1_1_tile_2_3.png,1705,410,512,2.256758334191025,18.159544104586082,21.967197988242077,26.60678836073137,39.686235861283144,500.9711233009166,26,219978.0
o2_1_1_tile_2_3_patch_y00615_x00000.jpg,o2_1_1_tile_2_3_patch_y00615_x00000.png,o2_1_1_tile_2_3.png,0,615,512,1.9544100476116797,24.972564383248447,33.81621425723688,45.48312668400514,67.61565484808051,161.70110479115874,55,178239.0
o2_1_1_tile_2_3_patch_y00615_x00205.jpg,o2_1_1_tile_2_3_patch_y00615_x00205.png,o2_1_1_tile_2_3.png,205,615,512,3.742410318509555,16.94036669709576,27.014872995672842,42.86290535379906,57.46672185877347,196.00371624868257,73,172683.0
o2_1_1_tile_2_3_patch_y00615_x00410.jpg,o2_1_1_tile_2_3_patch_y00615_x00410.png,o2_1_1_tile_2_3.png,410,615,512,3.385137501286538,17.146052759935944,26.74520303773124,43.41237225317163,64.70975486213565,179.59670761674857,63,171355.0
o2_1_1_tile_2_3_patch_y00615_x00615.jpg,o2_1_1_tile_2_3_patch_y00615_x00615.png,o2_1_1_tile_2_3.png,615,615,512,3.742410318509555,16.506517490970758,27.238104868121813,44.84222327968673,74.72379628087955,165.72582846219896,54,176921.0
o2_1_1_tile_2_3_patch_y00615_x00820.jpg,o2_1_1_tile_2_3_patch_y00615_x00820.png,o2_1_1_tile_2_3.png,820,615,512,2.985410660720923,16.985342097120892,29.790129355760783,44.47659778503948,78.45164402007615,243.29592358841057,47,185285.0
o2_1_1_tile_2_3_patch_y00615_x01025.jpg,o2_1_1_tile_2_3_patch_y00615_x01025.png,o2_1_1_tile_2_3.png,1025,615,512,1.1283791670955126,16.903044192092537,20.358926292699927,52.42235676000501,81.35646686017004,282.7507458053216,35,200292.0
o2_1_1_tile_2_3_patch_y00615_x01230.jpg,o2_1_1_tile_2_3_patch_y00615_x01230.png,o2_1_1_tile_2_3.png,1230,615,512,1.1283791670955126,16.812470934731934,24.56647144347845,58.43331755657704,77.37176148489004,250.14921679980193,42,196526.0
o2_1_1_tile_2_3_patch_y00615_x01435.jpg,o2_1_1_tile_2_3_patch_y00615_x01435.png,o2_1_1_tile_2_3.png,1435,615,512,1.5957691216057308,17.177295553005667,36.574028774508825,60.12802219005465,75.9961070193375,350.17225417680453,32,211687.0
o2_1_1_tile_2_3_patch_y00615_x01640.jpg,o2_1_1_tile_2_3_patch_y00615_x01640.png,o2_1_1_tile_2_3.png,1640,615,512,17.733870630789692,42.62564493228582,62.20518018774863,69.93186063439816,123.62205718307234,438.7494578555161,14,231791.0
o2_1_1_tile_2_3_patch_y00615_x01705.jpg,o2_1_1_tile_2_3_patch_y00615_x01705.png,o2_1_1_tile_2_3.png,1705,615,512,13.63425735166143,35.35988168715967,59.72953376971836,70.04135896643199,147.39932018622343,454.73120440840006,11,234093.0
o2_1_1_tile_2_3_patch_y00820_x00000.jpg,o2_1_1_tile_2_3_patch_y00820_x00000.png,o2_1_1_tile_2_3.png,0,820,512,1.1283791670955126,23.440124088263325,30.187347851511795,43.69128221023532,76.67403921346443,243.47117587968185,47,163149.0
o2_1_1_tile_2_3_patch_y00820_x00205.jpg,o2_1_1_tile_2_3_patch_y00820_x00205.png,o2_1_1_tile_2_3.png,205,820,512,1.1283791670955126,17.030439079968364,23.212628357013596,36.90547702494082,60.11955900100601,288.997268458454,65,172716.0
o2_1_1_tile_2_3_patch_y00820_x00410.jpg,o2_1_1_tile_2_3_patch_y00820_x00410.png,o2_1_1_tile_2_3.png,410,820,512,1.1283791670955126,17.531662336589918,27.12655888061915,41.811084070802806,62.07696400425025,249.05247973332484,67,181557.0
o2_1_1_tile_2_3_patch_y00820_x00615.jpg,o2_1_1_tile_2_3_patch_y00820_x00615.png,o2_1_1_tile_2_3.png,615,820,512,4.652426491681278,17.841241161527712,30.508000708034015,49.699946848927475,64.55472895085369,190.00042318867628,61,180838.0
o2_1_1_tile_2_3_patch_y00820_x00820.jpg,o2_1_1_tile_2_3_patch_y00820_x00820.png,o2_1_1_tile_2_3.png,820,820,512,1.1283791670955126,18.185131187261156,28.611404401733797,49.89532008722919,76.92972017304007,331.2979651527458,45,197899.0
o2_1_1_tile_2_3_patch_y00820_x01025.jpg,o2_1_1_tile_2_3_patch_y00820_x01025.png,o2_1_1_tile_2_3.png,1025,820,512,1.1283791670955126,16.902743274263024,21.96060733829838,39.73702749088455,71.20720961479488,409.14910346069405,38,211272.0
o2_1_1_tile_2_3_patch_y00820_x01230.jpg,o2_1_1_tile_2_3_patch_y00820_x01230.png,o2_1_1_tile_2_3.png,1230,820,512,1.1283791670955126,16.85760710449748,25.393895814897096,53.44581390114582,70.21921285194162,316.5018079278279,52,198644.0
o2_1_1_tile_2_3_patch_y00820_x01435.jpg,o2_1_1_tile_2_3_patch_y00820_x01435.png,o2_1_1_tile_2_3.png,1435,820,512,3.1915382432114616,18.375227187425853,32.71650261462277,57.86132653712679,73.89613783894183,180.74154751818983,49,188317.0
o2_1_1_tile_2_3_patch_y00820_x01640.jpg,o2_1_1_tile_2_3_patch_y00820_x01640.png,o2_1_1_tile_2_3.png,1640,820,512,1.9544100476116797,27.3186399006987,49.54445827694119,75.0213188195694,115.12661475233996,243.39272030587298,27,199543.0
o2_1_1_tile_2_3_patch_y00820_x01705.jpg,o2_1_1_tile_2_3_patch_y00820_x01705.png,o2_1_1_tile_2_3.png,1705,820,512,13.957279475043833,27.878087060995604,43.8747545343814,68.31239565384958,119.0030042887379,280.9414874633733,22,206762.0
o2_1_1_tile_2_3_patch_y00954_x00000.jpg,o2_1_1_tile_2_3_patch_y00954_x00000.png,o2_1_1_tile_2_3.png,0,954,512,1.1283791670955126,17.888630365848186,28.410682080934237,41.563443544450614,60.74377304822236,243.6802672516053,48,163614.0
o2_1_1_tile_2_3_patch_y00954_x00205.jpg,o2_1_1_tile_2_3_patch_y00954_x00205.png,o2_1_1_tile_2_3.png,205,954,512,1.1283791670955126,18.261193482878944,25.81269655887422,37.69474663477132,57.69007614245955,298.2615861137688,69,170762.0
o2_1_1_tile_2_3_patch_y00954_x00410.jpg,o2_1_1_tile_2_3_patch_y00954_x00410.png,o2_1_1_tile_2_3.png,410,954,512,1.1283791670955126,19.905244874142802,30.73199708285468,45.68738009290924,62.31409946053008,253.95300632188912,65,179625.0
o2_1_1_tile_2_3_patch_y00954_x00615.jpg,o2_1_1_tile_2_3_patch_y00954_x00615.png,o2_1_1_tile_2_3.png,615,954,512,2.763953195770684,18.82255738087284,30.064412457331084,52.91782478254826,81.47271835826484,190.00042318867628,57,183061.0
o2_1_1_tile_2_3_patch_y00954_x00820.jpg,o2_1_1_tile_2_3_patch_y00954_x00820.png,o2_1_1_tile_2_3.png,820,954,512,2.763953195770684,17.66192765414112,37.338951531678056,56.57671089294781,81.16490254081336,312.8704675081751,36,200192.0
o2_1_1_tile_2_3_patch_y00954_x01025.jpg,o2_1_1_tile_2_3_patch_y00954_x01025.png,o2_1_1_tile_2_3.png,1025,954,512,9.574614729634384,18.47236308621676,26.599725493088393,36.1519182205539,77.1117434146064,394.37618663799134,33,211317.0
o2_1_1_tile_2_3_patch_y00954_x01230.jpg,o2_1_1_tile_2_3_patch_y00954_x01230.png,o2_1_1_tile_2_3.png,1230,954,512,1.9544100476116797,18.901058042176775,30.392817418609557,52.9679735248718,73.82473389634092,313.624459042787,48,199479.0
o2_1_1_tile_2_3_patch_y00954_x01435.jpg,o2_1_1_tile_2_3_patch_y00954_x01435.png,o2_1_1_tile_2_3.png,1435,954,512,1.9544100476116797,18.229523339239496,31.25019569237719,51.856358515428596,82.51067716180079,157.26221706734202,51,181767.0
o2_1_1_tile_2_3_patch_y00954_x01640.jpg,o2_1_1_tile_2_3_patch_y00954_x01640.png,o2_1_1_tile_2_3.png,1640,954,512,1.9544100476116797,19.419489469762862,43.43596500680879,59.01705927180596,90.86248126447963,229.9596877965473,35,187290.0
o2_1_1_tile_2_3_patch_y00954_x01705.jpg,o2_1_1_tile_2_3_patch_y00954_x01705.png,o2_1_1_tile_2_3.png,1705,954,512,1.9544100476116797,19.03856722783773,40.44085672403771,63.73937093632502,101.1005701175215,303.83796081228513,29,195120.0
o2_1_1_tile_2_8_patch_y00000_x00000.jpg,o2_1_1_tile_2_8_patch_y00000_x00000.png,o2_1_1_tile_2_8.png,0,0,512,5.170882945826411,17.259489992716915,23.996923736955182,35.793312636063604,53.92641317063054,240.8078524994944,67,146983.0
o2_1_1_tile_2_8_patch_y00000_x00205.jpg,o2_1_1_tile_2_8_patch_y00000_x00205.png,o2_1_1_tile_2_8.png,205,0,512,6.579524642479541,16.256808554205644,20.6893360526338,34.61718589541777,51.42487647970692,150.1889202788546,77,125838.0
o2_1_1_tile_2_8_patch_y00000_x00410.jpg,o2_1_1_tile_2_8_patch_y00000_x00410.png,o2_1_1_tile_2_8.png,410,0,512,6.579524642479541,16.925687506432688,20.83685880248485,31.412746571571088,46.304809613408565,272.62210465188923,81,142895.0
o2_1_1_tile_2_8_patch_y00000_x00615.jpg,o2_1_1_tile_2_8_patch_y00000_x00615.png,o2_1_1_tile_2_8.png,615,0,512,6.6755811781245455,16.925687506432688,20.22255149229086,29.514938130247316,41.25351989369523,274.22631892498606,93,146960.0
o2_1_1_tile_2_8_patch_y00000_x00820.jpg,o2_1_1_tile_2_8_patch_y00000_x00820.png,o2_1_1_tile_2_8.png,820,0,512,1.1283791670955126,16.857757563412235,19.97578049888404,27.93731857070988,39.13969121628998,218.95208457187238,103,135302.0
o2_1_1_tile_2_8_patch_y00000_x01025.jpg,o2_1_1_tile_2_8_patch_y00000_x01025.png,o2_1_1_tile_2_8.png,1025,0,512,1.1283791670955126,15.355855948225948,20.38589621302616,28.064669118513578,41.101476957887556,250.95467240367404,99,138594.0
o2_1_1_tile_2_8_patch_y00000_x01230.jpg,o2_1_1_tile_2_8_patch_y00000_x01230.png,o2_1_1_tile_2_8.png,1230,0,512,1.1283791670955126,15.487796111629368,20.9279651546459,31.419319988241476,49.56999978110206,205.06409350241748,79,148101.0
o2_1_1_tile_2_8_patch_y00000_x01435.jpg,o2_1_1_tile_2_8_patch_y00000_x01435.png,o2_1_1_tile_2_8.png,1435,0,512,4.652426491681278,16.54145874810136,21.164251154851485,35.40529843902709,61.04830319931176,140.23714917231925,73,153757.0
o2_1_1_tile_2_8_patch_y00000_x01640.jpg,o2_1_1_tile_2_8_patch_y00000_x01640.png,o2_1_1_tile_2_8.png,1640,0,512,1.1283791670955126,18.05352203002396,23.00258252085916,36.80720802393638,55.27675365715923,166.61082964296173,72,139437.0
o2_1_1_tile_2_8_patch_y00000_x01705.jpg,o2_1_1_tile_2_8_patch_y00000_x01705.png,o2_1_1_tile_2_8.png,1705,0,512,1.1283791670955126,16.45822367862527,24.01584240247306,36.45409932084726,55.06821241642286,166.61082964296173,72,140319.0
o2_1_1_tile_2_8_patch_y00205_x00000.jpg,o2_1_1_tile_2_8_patch_y00205_x00000.png,o2_1_1_tile_2_8.png,0,205,512,2.256758334191025,19.00152653488889,27.128034571491263,37.987553308537024,52.94563938751357,217.083260593114,54,142509.0
o2_1_1_tile_2_8_patch_y00205_x00205.jpg,o2_1_1_tile_2_8_patch_y00205_x00205.png,o2_1_1_tile_2_8.png,205,205,512,2.256758334191025,17.199655495514506,26.365376206167287,33.719760576503376,55.93035213419667,244.0535717884721,55,143933.0
o2_1_1_tile_2_8_patch_y00205_x00410.jpg,o2_1_1_tile_2_8_patch_y00205_x00410.png,o2_1_1_tile_2_8.png,410,205,512,1.5957691216057308,16.07692842495848,20.83685880248485,33.14823867276277,61.89650870693843,256.35076091639746,56,158939.0
o2_1_1_tile_2_8_patch_y00205_x00615.jpg,o2_1_1_tile_2_8_patch_y00205_x00615.png,o2_1_1_tile_2_8.png,615,205,512,3.742410318509555,17.754550119026575,25.3748983586706,35.60503078746444,53.535867601250615,216.1928547563103,65,156308.0
o2_1_1_tile_2_8_patch_y00205_x00820.jpg,o2_1_1_tile_2_8_patch_y00205_x00820.png,o2_1_1_tile_2_8.png,820,205,512,1.1283791670955126,17.022107194950557,21.452903932231088,29.08538172033494,45.343100151394225,353.52139113859766,67,174867.0
o2_1_1_tile_2_8_patch_y00205_x01025.jpg,o2_1_1_tile_2_8_patch_y00205_x01025.png,o2_1_1_tile_2_8.png,1025,205,512,1.1283791670955126,15.138795132120961,20.897874625046462,27.33846397952051,42.23515836567874,365.0058074633854,81,168761.0
o2_1_1_tile_2_8_patch_y00205_x01230.jpg,o2_1_1_tile_2_8_patch_y00205_x01230.png,o2_1_1_tile_2_8.png,1230,205,512,1.1283791670955126,13.255453865237978,22.197831060995757,30.798757455905527,52.925674284012274,269.3542940777055,86,155139.0
o2_1_1_tile_2_8_patch_y00205_x01435.jpg,o2_1_1_tile_2_8_patch_y00205_x01435.png,o2_1_1_tile_2_8.png,1435,205,512,1.1283791670955126,13.911142522832565,19.92461230505869,30.782215657488567,54.02803852571575,123.77244524632079,98,140052.0
o2_1_1_tile_2_8_patch_y00205_x01640.jpg,o2_1_1_tile_2_8_patch_y00205_x01640.png,o2_1_1_tile_2_8.png,1640,205,512,1.1283791670955126,15.430353037616328,23.90992587997897,36.1081333470564,58.81659496303265,153.5798247369064,76,149763.0
o2_1_1_tile_2_8_patch_y00205_x01705.jpg,o2_1_1_tile_2_8_patch_y00205_x01705.png,o2_1_1_tile_2_8.png,1705,205,512,1.1283791670955126,15.52884742481874,23.65258760070737,34.29967652152283,59.80878206064432,166.40436778792892,74,152703.0
o2_1_1_tile_2_8_patch_y00410_x00000.jpg,o2_1_1_tile_2_8_patch_y00410_x00000.png,o2_1_1_tile_2_8.png,0,410,512,2.256758334191025,19.149229459268767,27.104597715372734,38.08175207961617,53.34501272361915,366.0281834705594,41,170598.0
o2_1_1_tile_2_8_patch_y00410_x00205.jpg,o2_1_1_tile_2_8_patch_y00410_x00205.png,o2_1_1_tile_2_8.png,205,410,512,2.256758334191025,19.563421136400535,27.74656160494769,33.00923638814729,56.1280888050495,321.2335165305856,40,181933.0
o2_1_1_tile_2_8_patch_y00410_x00410.jpg,o2_1_1_tile_2_8_patch_y00410_x00410.png,o2_1_1_tile_2_8.png,410,410,512,1.5957691216057308,19.530962423568376,29.08878713409061,37.156432506337374,68.2646179992707,258.83207901133517,48,174553.0
o2_1_1_tile_2_8_patch_y00410_x00615.jpg,o2_1_1_tile_2_8_patch_y00410_x00615.png,o2_1_1_tile_2_8.png,615,410,512,1.1283791670955126,18.779240444671462,26.607327907247527,35.49712245408197,52.81354182380039,189.67849065084184,58,151537.0
o2_1_1_tile_2_8_patch_y00410_x00820.jpg,o2_1_1_tile_2_8_patch_y00410_x00820.png,o2_1_1_tile_2_8.png,820,410,512,1.1283791670955126,17.319037782224193,25.402234023680915,35.845509837632044,48.58510215869695,340.3929274382611,48,175295.0
o2_1_1_tile_2_8_patch_y00410_x01025.jpg,o2_1_1_tile_2_8_patch_y00410_x01025.png,o2_1_1_tile_2_8.png,1025,410,512,1.1283791670955126,17.27547758076956,23.06420466814845,31.69902099870529,47.72846351258526,337.84735048143915,59,170061.0
o2_1_1_tile_2_8_patch_y00410_x01230.jpg,o2_1_1_tile_2_8_patch_y00410_x01230.png,o2_1_1_tile_2_8.png,1230,410,512,2.985410660720923,18.0795691057578,24.824341676101277,34.29052820733425,53.3685053237106,236.46207858141796,74,163718.0
o2_1_1_tile_2_8_patch_y00410_x01435.jpg,o2_1_1_tile_2_8_patch_y00410_x01435.png,o2_1_1_tile_2_8.png,1435,410,512,6.383076486422923,15.465556759321187,23.82910330628864,32.67955927019043,49.58958818159145,177.51810818109593,95,151015.0
o2_1_1_tile_2_8_patch_y00410_x01640.jpg,o2_1_1_tile_2_8_patch_y00410_x01640.png,o2_1_1_tile_2_8.png,1640,410,512,1.1283791670955126,14.138550439257221,23.90992587997897,37.150930896720695,61.141077054157606,191.95052994338448,71,162903.0
o2_1_1_tile_2_8_patch_y00410_x01705.jpg,o2_1_1_tile_2_8_patch_y00410_x01705.png,o2_1_1_tile_2_8.png,1705,410,512,6.383076486422923,14.65586223874738,24.120611298751214,36.82520353756571,60.676180635932624,211.9491392229419,72,161037.0
o2_1_1_tile_2_8_patch_y00615_x00000.jpg,o2_1_1_tile_2_8_patch_y00615_x00000.png,o2_1_1_tile_2_8.png,0,615,512,2.256758334191025,17.9427303379498,22.95143342697519,33.05881897863744,53.35455566161352,377.0238841947855,35,172684.0
o2_1_1_tile_2_8_patch_y00615_x00205.jpg,o2_1_1_tile_2_8_patch_y00615_x00205.png,o2_1_1_tile_2_8.png,205,615,512,2.256758334191025,16.955110071276355,23.479177459822235,31.893805633762685,45.501315506451895,328.8000859244382,39,177006.0
o2_1_1_tile_2_8_patch_y00615_x00410.jpg,o2_1_1_tile_2_8_patch_y00615_x00410.png,o2_1_1_tile_2_8.png,410,615,512,2.256758334191025,21.533841700062773,33.288809870058806,47.83948124234626,69.13124997298772,237.16908864206994,37,175856.0
o2_1_1_tile_2_8_patch_y00615_x00615.jpg,o2_1_1_tile_2_8_patch_y00615_x00615.png,o2_1_1_tile_2_8.png,615,615,512,3.5682482323055424,19.997572233244853,31.5449029720212,45.8380253821112,67.70392262694804,187.45363414882365,48,141458.0
o2_1_1_tile_2_8_patch_y00615_x00820.jpg,o2_1_1_tile_2_8_patch_y00615_x00820.png,o2_1_1_tile_2_8.png,820,615,512,2.985410660720923,21.276953010343565,31.529870283599067,43.90200571633737,63.98941985124174,188.15870636488214,49,141795.0
o2_1_1_tile_2_8_patch_y00615_x01025.jpg,o2_1_1_tile_2_8_patch_y00615_x01025.png,o2_1_1_tile_2_8.png,1025,615,512,1.1283791670955126,19.21560480373171,26.916041702938184,37.69529588588531,58.10878825649053,175.54910976923205,61,148721.0
o2_1_1_tile_2_8_patch_y00615_x01230.jpg,o2_1_1_tile_2_8_patch_y00615_x01230.png,o2_1_1_tile_2_8.png,1230,615,512,1.1283791670955126,17.57344361345633,29.014350048759898,39.73873146979399,47.33602428657075,167.44553745804342,65,171567.0
o2_1_1_tile_2_8_patch_y00615_x01435.jpg,o2_1_1_tile_2_8_patch_y00615_x01435.png,o2_1_1_tile_2_8.png,1435,615,512,1.5957691216057308,15.821457130077185,27.318323860925794,37.50276901513861,56.829375645728454,177.51810818109593,64,164172.0
o2_1_1_tile_2_8_patch_y00615_x01640.jpg,o2_1_1_tile_2_8_patch_y00615_x01640.png,o2_1_1_tile_2_8.png,1640,615,512,3.385137501286538,15.877702285203682,24.436639426909572,37.98131651463571,79.14757456863097,179.23122973875996,46,162599.0
o2_1_1_tile_2_8_patch_y00615_x01705.jpg,o2_1_1_tile_2_8_patch_y00615_x01705.png,o2_1_1_tile_2_8.png,1705,615,512,3.9088200952233594,20.866301574278864,27.483231993987637,39.01613037709474,71.22638197588488,200.50253211734764,45,161660.0
o2_1_1_tile_2_8_patch_y00820_x00000.jpg,o2_1_1_tile_2_8_patch_y00820_x00000.png,o2_1_1_tile_2_8.png,0,820,512,5.527906391541368,21.84955638193197,33.37591983258323,46.493656650252085,62.89924319026214,252.32586754925032,35,157177.0
o2_1_1_tile_2_8_patch_y00820_x00205.jpg,o2_1_1_tile_2_8_patch_y00820_x00205.png,o2_1_1_tile_2_8.png,205,820,512,7.225151993843567,20.81017828698758,30.428095527229914,34.61367203471428,46.63018072592136,254.52392429028174,38,164960.0
o2_1_1_tile_2_8_patch_y00820_x00410.jpg,o2_1_1_tile_2_8_patch_y00820_x00410.png,o2_1_1_tile_2_8.png,410,820,512,4.918490759365935,20.993503378275875,34.6392114728746,48.17333148247953,76.56313525652497,254.81140198933332,39,174260.0
o2_1_1_tile_2_8_patch_y00820_x00615.jpg,o2_1_1_tile_2_8_patch_y00820_x00615.png,o2_1_1_tile_2_8.png,615,820,512,10.02925341359355,21.89752202287379,30.31539791004652,46.26979822460722,69.90245388660364,150.51072380374768,55,138772.0
o2_1_1_tile_2_8_patch_y00820_x00820.jpg,o2_1_1_tile_2_8_patch_y00820_x00820.png,o2_1_1_tile_2_8.png,820,820,512,2.5231325220201604,23.769143013619313,30.348990185546167,44.65909705172731,60.599708194068626,161.36611146513636,59,134487.0
o2_1_1_tile_2_8_patch_y00820_x01025.jpg,o2_1_1_tile_2_8_patch_y00820_x01025.png,o2_1_1_tile_2_8.png,1025,820,512,1.5957691216057308,21.791347613174935,30.260757683340636,43.23145620166401,64.49476371266978,182.6615511534514,50,152008.0
o2_1_1_tile_2_8_patch_y00820_x01230.jpg,o2_1_1_tile_2_8_patch_y00820_x01230.png,o2_1_1_tile_2_8.png,1230,820,512,1.5957691216057308,27.03254256651241,40.576745444333476,44.23311926963743,78.02074551916185,182.6615511534514,50,179842.0
o2_1_1_tile_2_8_patch_y00820_x01435.jpg,o2_1_1_tile_2_8_patch_y00820_x01435.png,o2_1_1_tile_2_8.png,1435,820,512,1.5957691216057308,27.511278846136943,40.806156924938136,56.806857630731926,84.71200181982447,175.5237227954009,47,171695.0
o2_1_1_tile_2_8_patch_y00820_x01640.jpg,o2_1_1_tile_2_8_patch_y00820_x01640.png,o2_1_1_tile_2_8.png,1640,820,512,3.385137501286538,23.942751139176075,36.05444995739763,57.99688638384992,80.07712046814919,178.16960551490558,45,162572.0
o2_1_1_tile_2_8_patch_y00820_x01705.jpg,o2_1_1_tile_2_8_patch_y00820_x01705.png,o2_1_1_tile_2_8.png,1705,820,512,5.170882945826411,26.131041232665957,37.994722671569356,54.4491140065366,69.96304053193494,178.16960551490558,43,158740.0
o2_1_1_tile_2_8_patch_y00954_x00000.jpg,o2_1_1_tile_2_8_patch_y00954_x00000.png,o2_1_1_tile_2_8.png,0,954,512,5.527906391541368,22.527915759409034,35.20406302903938,44.80146573129702,56.92516352777384,268.26962561313263,40,154038.0
o2_1_1_tile_2_8_patch_y00954_x00205.jpg,o2_1_1_tile_2_8_patch_y00954_x00205.png,o2_1_1_tile_2_8.png,205,954,512,5.170882945826411,16.03555868409218,30.736572774644756,36.134007860412176,49.273028026772806,316.9560640825378,39,161833.0
o2_1_1_tile_2_8_patch_y00954_x00410.jpg,o2_1_1_tile_2_8_patch_y00954_x00410.png,o2_1_1_tile_2_8.png,410,954,512,4.918490759365935,25.91891992894981,41.419543117875946,48.80931173751154,76.67910872779672,247.94318893336808,35,177416.0
o2_1_1_tile_2_8_patch_y00954_x00615.jpg,o2_1_1_tile_2_8_patch_y00954_x00615.png,o2_1_1_tile_2_8.png,615,954,512,12.514330345744634,23.615743410544646,31.5449029720212,47.34126197450591,61.90072023150638,198.27391200872313,48,156506.0
o2_1_1_tile_2_8_patch_y00954_x00820.jpg,o2_1_1_tile_2_8_patch_y00954_x00820.png,o2_1_1_tile_2_8.png,820,954,512,3.9088200952233594,25.705531472477595,30.36576454213933,42.42658846176679,57.25226788470594,206.61050848477143,55,154683.0
o2_1_1_tile_2_8_patch_y00954_x01025.jpg,o2_1_1_tile_2_8_patch_y00954_x01025.png,o2_1_1_tile_2_8.png,1025,954,512,4.222008245644752,24.016192740836935,30.277590264241923,43.71650210901461,61.44229203195269,212.80046439810886,51,156821.0
o2_1_1_tile_2_8_patch_y00954_x01230.jpg,o2_1_1_tile_2_8_patch_y00954_x01230.png,o2_1_1_tile_2_8.png,1230,954,512,2.763953195770684,25.452317014838066,40.859111627121415,46.24840994057524,77.59052447176505,182.6615511534514,44,171570.0
o2_1_1_tile_2_8_patch_y00954_x01435.jpg,o2_1_1_tile_2_8_patch_y00954_x01435.png,o2_1_1_tile_2_8.png,1435,954,512,1.5957691216057308,22.711279285507917,37.08808165641251,52.52847823672683,82.25366778763282,175.5237227954009,44,164149.0
o2_1_1_tile_2_8_patch_y00954_x01640.jpg,o2_1_1_tile_2_8_patch_y00954_x01640.png,o2_1_1_tile_2_8.png,1640,954,512,1.1283791670955126,14.755472278097805,31.270560761786875,54.73511348998774,79.74056863609265,216.49594481373273,41,166069.0
o2_1_1_tile_2_8_patch_y00954_x01705.jpg,o2_1_1_tile_2_8_patch_y00954_x01705.png,o2_1_1_tile_2_8.png,1705,954,512,1.1283791670955126,15.408724961349188,30.948596870154336,55.73503523271831,81.82605902792193,216.49594481373273,37,165730.0
